Date,Avg,H1,H2,H3,H4,H5,H6,H7,H8,H9,H10,H11,H12,H13,H14,H15,H16,H17,H18,H19,H20,H21,H22,H23,H24
2026/8/7,32484.91125,30336.04,28599.89,27125.6,26272.87,26110.26,26907.08,27965.66,28952.26,28835.03,28543.4,28737.2,29581.61,30970.58,32942.02,35221.14,37501.33,39319.3,40848.34,41175.56,40123.04,38921.15,37354.78,34914.21,32379.52
2026/8/6,32554.77125,30178.34,28355.95,26819,25932.13,25867.33,26730.66,27897.85,28919.81,28925.26,28741.89,28820.98,29584.49,30934.65,32915.14,35172.98,37630.95,39379.74,41157.29,41613.93,40755.21,39506.06,37827.56,35237.43,32409.88
2026/8/5,32698.43583,30328.63,28387.79,26872.83,25878.19,25718.78,26507.51,27666.1,28539.85,28750.93,28757.98,28914.44,29699.53,31102.93,33193.48,35470.24,37920.31,39720.15,41467.51,42263.31,41304.84,40187.04,38331.25,35333.08,32445.76
2026/8/4,33374.82167,30781.71,28774.23,27187.14,26172.33,25998.16,26782.56,27852,28914.17,29154.05,29215.81,29473.12,30389.34,31863.25,34131.98,36677.31,39303.54,41090.26,42790.85,43229.35,42272.61,40941.14,39070.17,36007.31,32923.33
2026/8/3,34095.78917,29874.85,27987.67,26562.38,25634.74,25636.18,26497.22,27755.59,29021.07,29443.11,29688.73,30302.35,31607.73,33602.03,35909.59,38445.91,41085.29,42829.25,44489,44838.55,43823.24,42181.42,40225.56,37101.96,33755.52
2026/8/2,31025.51792,30569.13,28582.71,26935.49,25740.67,25016.63,24666.48,24180.56,24040.31,24166.62,24404.45,25144.02,26403.94,28307.74,30700.61,33401.44,36170.48,38322.79,40485.64,41713.99,41063.24,39691.57,37804.09,34983.06,32116.77
2026/8/1,31511.79667,31213.3,29197.02,27489.72,26267.7,25590.79,25409.57,25179.9,25187.14,25162.1,25351.13,26035.91,27421.33,29272.84,31490.99,33781.35,36188.5,38017.91,40051.71,41379.93,40804.28,39589.63,37904.2,35382.08,32914.09
2026/7/31,32420.48875,30351.88,28553.29,27025.89,26087.11,25881.76,26499.95,27215.25,28081.13,27926.16,27733.3,28010.46,28869.29,30243.04,32065.49,34428.64,37015.71,39263.25,41126.99,41962.7,41377.11,40420.11,38912.26,35925.82,33115.14
2026/7/30,31358.21708,29523.52,27639.59,26220.79,25283.68,25218.13,25813.37,26824.69,27566.16,27339.65,27155.27,27270.31,27861.87,29205.5,31014.64,32977.93,35327.73,37319.41,39254.28,40517.85,39981.01,38830.25,37498.58,34880.29,32072.71
2026/7/29,31002.0275,29316.56,27507.88,26068.37,25149.48,25044.05,25728.86,26695.98,27416.66,27331.85,27171.79,27121.16,27569.34,28694.42,30375.41,32373.93,34685.13,36854.5,38715.93,39844.56,39396.46,38328.36,37028.14,34202.71,31427.13
2026/7/28,30861.13917,29064.9,27242.04,25829.78,24954.84,24838.73,25582.36,26720.84,27577.24,27422.21,27126.42,27101,27599.21,28601.23,30235.44,32276.85,34621.7,36326.11,38176.45,39394.02,39059.17,38176.03,36911.97,34298.94,31529.86
2026/7/27,31396.06917,28390.94,26692.74,25377.31,24592.94,24714.28,25624.02,26739.77,27863.7,28056.41,27946.28,28037.46,28672.51,29859.74,31550.68,33453.71,35885.18,37455.8,39261.29,40277.12,39829.02,38856.19,37571.49,34833.37,31963.71
2026/7/26,28841.71,29472.14,27598.27,26145.61,25059.2,24366.39,24106.79,23625.34,23516.01,22991.38,22582.91,22914.57,23729.09,25156.08,27150.84,29306.74,31913.89,33928.22,36246.41,37826.65,37671.66,36934,35807.88,33406.54,30744.43
2026/7/26,28841.71,29472.14,27598.27,26145.61,25059.2,24366.39,24106.79,23625.34,23516.01,22991.38,22582.91,22914.57,23729.09,25156.08,27150.84,29306.74,31913.89,33928.22,36246.41,37826.65,37671.66,36934,35807.88,33406.54,30744.43
2026/7/25,29802.4175,30605,28582.3,26911.34,25748.48,24977.17,24855.61,24496.59,24549.93,24492.12,24376.72,24715.33,25526.09,26868.25,28510.67,30675.95,33018.05,34862.78,36902.81,38210.12,37999.38,37042.11,35955.3,33903.22,31472.7
2026/7/25,29802.4175,30605,28582.3,26911.34,25748.48,24977.17,24855.61,24496.59,24549.93,24492.12,24376.72,24715.33,25526.09,26868.25,28510.67,30675.95,33018.05,34862.78,36902.81,38210.12,37999.38,37042.11,35955.3,33903.22,31472.7
2026/7/24,32460.7075,30847.38,28921.99,27240.66,26118.8,25818.57,26344.36,27213.8,27990.82,28193.21,28353.47,28744.57,29570.09,31120.61,33013.28,34994.04,37091.1,38843.47,40407.95,41115.7,40536.68,39532.82,38226.83,35758.95,33057.83
2026/7/24,32460.7075,30847.38,28921.99,27240.66,26118.8,25818.57,26344.36,27213.8,27990.82,28193.21,28353.47,28744.57,29570.09,31120.61,33013.28,34994.04,37091.1,38843.47,40407.95,41115.7,40536.68,39532.82,38226.83,35758.95,33057.83
2026/7/23,32166.7275,30314.64,28469.03,26958.93,25963.59,25747.15,26276.53,26928.71,27623.49,28031.19,28378.35,28652.27,29385.37,30647.83,32525.25,34601.64,36716.24,38281.01,39893.02,40938.15,40481.27,39510.44,38053.69,35249.48,32374.19
2026/7/23,32166.7275,30314.64,28469.03,26958.93,25963.59,25747.15,26276.53,26928.71,27623.49,28031.19,28378.35,28652.27,29385.37,30647.83,32525.25,34601.64,36716.24,38281.01,39893.02,40938.15,40481.27,39510.44,38053.69,35249.48,32374.19
2026/7/22,32077.54792,29852.25,28003.12,26499.95,25635.76,25559.8,26252.67,27185.38,28076.79,28307.68,28186.48,28454.55,29267.09,30645.65,32501.39,34571.75,36785.59,38425.04,40144.27,40936.05,40215.73,39168.67,37797.41,35121.47,32266.61
2026/7/22,32077.54792,29852.25,28003.12,26499.95,25635.76,25559.8,26252.67,27185.38,28076.79,28307.68,28186.48,28454.55,29267.09,30645.65,32501.39,34571.75,36785.59,38425.04,40144.27,40936.05,40215.73,39168.67,37797.41,35121.47,32266.61
2026/7/21,31343.13125,29233.22,27500.46,26080.98,25196.37,25090.93,25897.9,26951.2,27771.19,27767.23,27579.21,27731.93,28407.35,29503.32,31259.77,33236.52,35462.94,37137.93,39008.97,39951.96,39545.75,38462.06,37170.65,34536.12,31751.19
2026/7/21,31343.13125,29233.22,27500.46,26080.98,25196.37,25090.93,25897.9,26951.2,27771.19,27767.23,27579.21,27731.93,28407.35,29503.32,31259.77,33236.52,35462.94,37137.93,39008.97,39951.96,39545.75,38462.06,37170.65,34536.12,31751.19
2026/7/20,30179.09083,27537.62,26046.9,24881.44,24187.88,24230.37,25140,26253.02,27139.28,27326.42,27162.84,27219.14,27690.28,28587.92,30089.55,31710.29,33729.81,35419.82,37329.92,38338.39,37903.39,36856.94,35733.53,33235.52,30547.91
2026/7/19,26370.38292,27443.28,25851.37,24503.33,23565.57,23022.93,22914.18,22443.82,22195.87,21729.43,21044.14,20878.5,21165.57,21915.73,23489.26,25483.69,27891.35,30000.33,32550.58,34215.47,34342.17,33829.24,32894.7,30901.54,28617.14
2026/7/18,26832.85458,28302.37,26623.61,25315.25,24408.38,23962.7,23994.08,23719.29,23425.97,23084.79,22502.31,22188.03,22143.9,22646.85,23681.91,25345.99,27698.52,29729,32019.79,33814.02,33850.14,33382.29,32569.42,30806.54,28773.36
2026/7/17,29891.33708,29734.58,27887.99,26520.56,25626.12,25434.44,26190.55,26939.61,27496.9,27377.54,26913.86,26637.77,26871.42,27515.18,28858.46,30346.34,32219.7,33741.91,35574.95,36467.62,36041.86,35395.25,34557.47,32656.33,30385.68
2026/7/16,31837.21625,30764.87,28759.06,27177.28,26194.1,25990.64,26697.89,27562.63,28332.54,28242.06,28073.53,28294.43,29100.68,30288.92,32085.25,33830.77,35991.66,37330.52,38718.77,39617.75,39182.62,38242.27,37140.8,34638.08,31836.07
2026/7/15,33133.01083,30580.62,28583.21,27057.82,26072.25,25873.71,26602.15,27565.76,28213.75,28311.52,28548.17,29203.17,30380.41,32007.18,34250.22,36538.69,38875.5,40417.7,41893.37,42657.86,41888.36,40751.68,39298.77,36349.58,33270.81
2026/7/14,32345.60125,30145.12,28376.02,26836.83,25796.06,25584.3,26294.06,27241.31,27986.87,28012.96,28000.29,28362.8,29384.38,30886.98,32976.77,35158.85,37301.84,39036.9,40637.71,41505.94,40770.71,39632.75,38307.95,35516.12,32540.91
2026/7/13,30850.5325,28026.42,26389.56,25092.95,24299.12,24419.5,25296.85,26355.98,27257.46,27418.98,27292.76,27464.03,28107.43,29362.71,31056.18,32854.05,34974.2,36691.09,38516.18,39560.81,39227.25,38204.43,36847.75,34241.32,31455.77
2026/7/12,27042.96375,27471.8,25822.39,24403.03,23433.76,22915.85,22785.39,22331.92,22151.34,21912.22,21636.3,21801.05,22423.95,23440.92,25104.75,27089.93,29399.45,31438.21,33626.11,35276.94,35313.27,34624.84,33820.58,31612.93,29194.2
2026/7/11,26811.92917,27744.78,26050.58,24678.94,23718.39,23296.37,23256.15,23064.71,22839.03,22446.12,21831.11,21698.94,21965.52,22699.17,24038.34,26021.2,28599.87,30626.55,32859.61,34590.88,34580.75,33819.55,32990.8,31088.8,28980.14
2026/7/10,28992.67333,28165.12,26458.49,25105.61,24269.06,24118.18,24823.44,25523.08,26113.29,25895.52,25365.45,25159.69,25399.24,26247.69,27792.95,29786.83,31936.99,33601.52,35409.94,36585.63,36318.37,35364.41,34406.53,32230.68,29746.45
2026/7/9,29338.865,27858.02,26176.94,24861.66,24067.32,24011.64,24725.49,25590.55,26174.6,26002.91,25634.75,25387.77,25679.59,26550.69,28163.23,30150.55,32600.76,34501.37,36410.71,37693.71,37271.46,36347.23,35248.3,32819.23,30204.28
2026/7/8,28255.55,26990.36,25471.84,24255.06,23503.52,23472.04,24207.24,25051.08,25519.85,25152.44,24444.91,24025.4,24086.35,24755.11,26350.63,28333.02,30686.09,32768.23,35021.11,36549.9,36272.3,35438.23,34392.58,32014.77,29371.14
2026/7/7,27432.21083,26672.2,25172.53,23986.19,23254.31,23257.71,24041.25,24814.91,25422.92,24984.15,24115.59,23401.78,23341.74,23855,25101.05,26883.18,29082.9,31053.15,33253.63,34781.89,34786.84,34139.34,33251.94,31049.79,28669.07
2026/7/6,26916.00792,25596.7,24259.33,23201.08,22564.45,22657.86,23463.02,24409.71,25146.54,24790.05,23856.52,23128.38,22963.43,23424.95,24509.34,26160.91,28291.02,30369.41,32752.18,34338.13,34394.06,33762.66,32867.09,30707.54,28369.83
2026/7/5,23713.71417,25612.54,24113.6,22937.79,22098.6,21630.64,21441.79,20939.92,20426.91,19862.82,18905.25,18246.3,18070.52,18504.42,19574.57,21223.45,23535.5,25702.81,28521.75,30626.44,31089.96,30786.46,30276.81,28493.71,26506.58
2026/7/4,23591.60958,25416.22,23896.97,22682.83,21811.47,21571.1,21512.57,21201.94,20744.18,20033.88,19290.2,18774.63,18532.14,18694.23,19550.89,21233.25,23496.22,25575.86,27985.24,29909.87,30380.76,30082.79,29578.25,27989.44,26253.7
2026/7/3,23215.76458,24974.01,23539.73,22426.09,21714.1,21455.29,21439.83,21339.72,21196.47,20448.92,19456.72,18618,18204.55,18411.26,19261.58,20844.94,22835.4,24835.56,27291.58,29095.13,29300.57,28907.21,28220.86,27309.59,26051.24
2026/7/2,24753.96208,25325.83,24004.11,22870.67,22286.14,22350.12,23101.99,23944.34,24450.49,23770.69,22409.72,20991.14,20129.17,19934.46,20574.09,21822.16,23826.96,25928.88,28547.73,30473.41,30909.29,30816.59,30338.45,28621.38,26667.28
2026/7/1,24041.29417,24762.75,23579.56,22580.1,22022.54,22177.76,23082.54,23761.17,24069.27,23180.41,21681.26,20203.94,19189.04,18936.05,19486.29,20695.73,22647.67,24829.63,27464.88,29507.32,29989.48,29880.22,29483.3,27808,25972.15
2026/6/30,23579.99375,24083.97,22876.99,21899.9,21382.96,21523.76,22390.82,23164.58,23567.24,22992.02,21763.24,20327.74,19374.22,18947,19333.46,20325.54,22094.2,24013.69,26605.63,28644.56,29419.2,29386.22,29000.19,27321.49,25481.23
2026/6/29,23548.92167,23057.88,22038.53,21196.17,20797.25,21129.8,22039.16,22822.45,23480.92,23167.77,22050.39,20757,19781.71,19488.84,19912.25,20838.69,22402.58,24257.84,26728.48,28569.88,29415.65,29419.89,29012.9,27329.33,25478.76
2026/6/28,20274.22083,23406.18,22351.56,21350.54,20670.33,20440.77,20337.19,19800.55,19253.24,18480.55,17122.08,15636.55,14568.43,14066.3,14186.74,15125.4,16829.67,19038.89,22051.84,24735.18,25965.17,26319.66,26244.09,25069.65,23530.74
2026/6/27,21651.3225,24819.33,23515.6,22416.34,21767.57,21563.94,21552.58,21121.48,20876.49,20486.33,19460.54,18355.4,17308.25,16662.13,16790.14,17521.96,18929.46,20622.31,23017.06,24952.56,25929.37,26206.32,26365.17,25379.19,24012.22
2026/6/26,24566.75875,25566.69,24244.98,23092.5,22407.17,22386.46,22978.11,23671.59,24219.27,23853.25,22742.97,21626.98,20915.09,20743.62,21306.6,22426.02,24012.65,25476.64,27443.29,28812.58,29331.93,29332.69,29126.44,27756.4,26128.29
2026/6/25,26069.19042,26266.63,24848.69,23688.71,22971.7,22949.37,23612.15,24405.26,24930.2,24517.39,23527.03,22649.96,22227.66,22323.16,23207.35,24610.01,26509,28416.23,30533.24,31979.16,32122.51,31830.34,31219.76,29248.61,27066.45
2026/6/24,27260.76833,26228.55,24870.82,23739.9,22989.82,23015.1,23737.65,24486.45,25184.34,24920.29,24256.64,23675.33,23618.81,24136.53,25426.23,27068.8,28962.62,30753.14,32825.2,34249.5,34265.88,33771.41,32973.27,30778.83,28323.33
2026/6/23,26328.66208,25453.68,24115.15,22986.58,22299.29,22353.94,23147.46,24050.78,24574.38,23855.14,22710.01,21957.51,21774.58,22273.19,23520.06,25361.22,27775.91,29958.74,32238.07,33671.29,33831.38,33284.41,32437.2,30287.85,27970.07
2026/6/22,25051.24875,23716.38,22616.55,21636.11,21096.23,21296.39,22243.03,22810.9,23271.57,23280.15,22639.92,21774.55,21279.29,21480.92,22385.99,23842.8,25859.12,27751.17,30046.08,31715.94,32031.63,31689.8,30963.32,28992.55,26809.58
2026/6/21,21314.12708,23655.1,22484.5,21430.87,20709.48,20356.96,20162.36,19678.13,19142.01,18470.21,17325.62,16188.53,15386.55,15261.26,15915.16,17265.37,19405.89,21726.8,24782.16,27036.98,28021.24,28236.65,27900.5,26391.4,24605.32
2026/6/20,21771.65833,24560.97,23363.4,22277.76,21494.07,21208.94,21181.03,20786.86,20473.66,20099.78,18983.75,17806.94,16881.37,16441,16689.71,17717.93,19438.83,21364.86,24008.16,26098.07,26974.77,27189.85,27103.66,25935.72,24438.71
2026/6/19,24544.8225,25979.94,24670.44,23540.01,22862.15,22880.32,23558.7,24059.46,24539.95,23910.02,22610.49,21411.38,20565.31,20253.84,20645.71,21566.48,23123.08,24731.92,26760.69,28550.77,29258.17,29520.69,29476.16,28136.62,26463.44
2026/6/18,25673.9425,26200.76,24866.77,23613.57,22882.63,22909.14,23570.64,24223.86,24807.31,24429.21,23416.28,22432.08,21857.23,21898.2,22564.12,23851.54,25676.03,27408.25,29365.74,30877.94,31289.47,31208.56,30796.25,29056.17,26972.87
2026/6/17,27059.0625,26986.05,25445.94,24130.83,23321.09,23285.82,23961.94,24805.9,25469.95,25199.72,24358.13,23683.52,23545.52,23901.78,25062.91,26629.6,28438.89,30056.31,32047.65,33147.38,33260.38,32776.74,32074.64,30042.52,27784.29
2026/6/16,28202.11458,27125.58,25628.14,24268.17,23465.31,23426.48,24207.15,24994.49,25694.99,25393.49,24680.71,24143.51,24294.45,25073.94,26748.07,28655.17,30863.94,32563.64,34396.95,35654.33,35748.76,34969.24,34008.93,31713.18,29132.13
2026/6/15,27969.64375,26088.88,24695.82,23487.17,22810.55,22873.52,23652.95,24527.46,25383.72,25295.83,24513.94,24070.84,24398.71,25245.75,26872.36,28580.25,30772.68,32509.78,34336.33,35699.79,35658.35,35030.63,34028.03,31669.07,29069.04
2026/6/14,25021.02083,26808.42,25272.96,23857.65,22894.94,22346.34,22001.04,21221.33,20738.52,20382.85,19728.38,19403.81,19649.2,20399.38,21952.55,23768.39,26029.46,28260.67,30632.12,32359.14,32578.99,32148.29,31423.08,29434.74,27212.25
2026/6/13,26183.97958,27714.49,26103.03,24653.29,23701.49,23221.49,23091.83,22785.48,22610.12,22215.2,21495.2,21132.15,21285.62,21880.25,23225.86,24955.35,27102.99,29525.69,31858.88,33393.28,33565.03,32886.41,32009.8,30038.76,27963.82
2026/6/12,28566.1475,27747.52,26122.64,24726.65,23877.8,23801.21,24348.19,25158.91,25741.98,25434.54,24968.79,24677.13,24959.58,25799.02,27319.46,29239.88,31648.08,33426.13,34995.11,35942.39,35687.05,34896.85,33951.76,31725.92,29390.95
2026/6/11,28874.58292,27411.86,25939.56,24606.81,23803.58,23771.27,24491.38,25583.46,26135.86,25776.18,25151.37,24856.43,25127.33,26005.95,27661.42,29578.41,31857.53,33595.03,35459.37,36610,36699.86,35976.43,34807.67,32313.5,29769.73
2026/6/10,26882.20292,25412.96,24106.09,23059.89,22422.53,22493.64,23395.2,24448.69,24915.43,24282.21,23196.12,22445.62,22372.29,22905.11,24315.32,26173.38,28475.86,30706.02,33024.2,34724.36,34984.11,34374.39,33427.47,31037.3,28474.68
2026/6/9,24510.45792,24221.1,23132.48,22191.51,21735.43,21967.03,22821.54,23526.23,24190.06,23609.97,22473.59,21337.85,20527.12,20221.14,20715.54,21857.7,23622.07,25633.8,28032.66,29952.72,30638.85,30831.37,30266.67,28384.28,26360.28
2026/6/8,23413.69125,23095.19,22129.96,21302.96,20841.59,21074.41,22076.76,23167.62,23672.52,23070.02,21878.27,20818.03,20074.48,19815.79,20191.14,21204.63,22752.87,24375.9,26152.6,27646.02,28183.75,28582.51,28246.87,26714.05,24860.65
2026/6/7,20411.50625,23544.69,22398.98,21345.08,20652.65,20303.75,20161.21,19539.99,18833.26,17597.16,16102.6,14779.65,14016.22,13907.44,14453.99,15824.05,18109.83,20418.28,23078.71,25388.4,26588.08,26991.11,26720.23,25371.4,23749.39
2026/6/6,22766.55333,25880.17,24441.4,23142.75,22312.03,21937.77,21903.14,21605.02,21272.23,20695.35,19691.38,18805.46,18177.26,17972.63,18292.32,19286.99,21010.44,22912.8,25020.19,27054.3,27795.5,28044.28,27773.45,26491.52,24878.9
2026/6/5,25910.41292,25928.68,24534.6,23332.37,22653.09,22632.84,23249.5,24011.44,24440.33,23832.87,22876.54,22107.58,21870.37,22254.99,23349.82,24871.48,26944.33,28935.07,30824.85,32057.03,32154.45,31737.96,31003.61,29143.42,27102.69
2026/6/4,25688.23417,25237.62,23955.58,22808.2,22275.97,22417.4,23135.21,23955.22,24465.97,23479.52,22202.28,21435.54,21221.09,21591.15,22784.25,24491.42,26476.88,28459.33,30637.58,32265.6,32684.36,32351.75,31574.27,29471.22,27140.21
2026/6/3,24349.64708,24319.14,23101.99,22042.63,21526.16,21661.62,22475.68,23278.66,23601.51,22813.5,21525.16,20435.61,19820.5,19958.54,20801.98,22235.14,24094.49,26213.32,28514.19,30312.68,30946.3,30704.66,30021.73,28045.92,25940.42
2026/6/2,24212.64375,24280.63,23074.44,22002.26,21424.32,21518.53,22355.07,23217.06,23615.41,22816.85,21508.37,20344.37,19760.17,19806.45,20641.46,22101.37,23946.62,26110.2,28265.52,29899.95,30571.27,30507.87,29781.57,27810.86,25742.83
2026/6/1,24747.4925,23639.39,22486.37,21528.95,21018.38,21230.39,22097.28,23095.72,23639.6,23192.36,22086.03,21159.7,20770.55,20982.11,21809.71,23367.12,25518.03,27444.89,29694.46,31298.78,31525.37,31207.54,30403.85,28468.67,26274.57
2026/5/31,20704.69375,22568.11,21486.76,20550.87,20007.49,19732.88,19695.37,19334.56,18728,17539.84,16138.47,14934.26,14275.23,14270.44,15013.48,16489.53,18805.13,21280.13,24278.87,26958.07,27983.12,28361.88,27918.94,26231.78,24329.44
2026/5/30,20136.34542,23144.26,22094.36,21153.24,20549.64,20381.92,20546,20344.11,19821.09,18890.03,17285.12,15485.98,14189.78,13581.72,13740.09,14652.34,16472.74,18671.4,21415.04,24107.89,25542.28,26292.54,26132.77,25043.01,23734.94
2026/5/29,21320.62417,22817.24,21905.63,21099.06,20713.52,20942.06,21846.97,22845.1,23277.25,22370.33,20724.23,19015.04,17530.41,16447.74,16160.23,16372.95,17180.12,18962.63,21184.49,23608.94,25176.86,26169.22,26245.4,25251.7,23847.86
2026/5/28,21830.76917,22593.13,21710.46,20875.21,20511.33,20747.6,21516.73,22436.71,22857.77,22525.84,21641.61,20226,19098.28,18494.71,18592.26,18777.21,19304.09,20329.01,21879.31,23709.41,25301.66,26246.89,26152.15,24947.13,23463.96
2026/5/27,21223.48917,22167.56,21322.84,20592.05,20332.33,20598.92,21546.93,22448.65,22742.53,21865.15,20343.84,18728.89,17575.63,16881.41,16986.95,17641.41,18334.42,19573.68,21455.05,23574.5,25107.05,25979.08,25871.06,24606.93,23086.88
2026/5/26,21251.84708,22402.38,21476.17,20712.09,20331.83,20534.72,21427.99,22172.82,22663.93,21781.58,20263.79,18431.53,17353.82,16339.76,16174.35,16642.95,17878.21,19736.94,21993.68,24535.17,26042.36,26700.45,26341.13,24862.34,23244.34
2026/5/25,20298.16542,22263.87,21276.57,20384.08,19928,19863.54,20141.61,20048.76,19786.17,18969.96,17650.65,16209.24,14974.9,14369.25,14623.48,15474.7,17290.72,19408.43,22183.43,24725.24,26048.44,26804.72,26449.73,24991.34,23289.14
2026/5/24,20296.39917,23003.58,21976.46,20975.41,20385.32,20112.6,20034.59,19486.29,18903.9,17897.26,16592.32,15153.95,14324.87,13948.33,14357.12,15497.47,17510.66,19730.74,22608.75,25278.15,26615.52,27119.92,26760.52,25259.18,23580.67
2026/5/23,21199.21292,24085.54,22905.79,21791.39,21089.04,20842.26,20956.03,20758.45,20320.2,19272.48,17883.13,16512.52,15478.86,15293.64,15595.75,16746.72,18549.33,20832.22,23450.53,25825.91,26937.26,27229.07,26836.26,25606.76,23981.97
2026/5/22,23861.0175,24492.98,23211.94,22204.8,21588.97,21632.52,22434.06,23244.85,23536.99,22716.06,21438.14,20091.61,19304.59,19214.12,19857.87,21007.4,22734.82,24783.68,27319.62,29402.1,29953.03,30069.48,29276.1,27439.59,25709.1
2026/5/21,24106.30583,24158.82,22963.68,21964.17,21398.88,21548.89,22333.51,23335.15,23573.52,22583.68,21224.94,20106.94,19545.12,19592.57,20414.87,21744.69,23556.48,25598.59,28204.76,30118.85,30694.96,30668.19,29724.1,27795.87,25700.11
2026/5/20,23838.29083,23729.04,22605.58,21639.53,21087.94,21231.43,22034.93,23041.41,23267.5,22387.91,21172.09,19938.97,19408.48,19395.27,20082.89,21415.1,23280.19,25262.25,27735.24,29767.35,30422.06,30374.94,29611.4,27673.99,25553.49
2026/5/19,22837.64458,23022.16,21943.9,21059.58,20711.23,20945.49,21817.78,22939.51,23008.12,21603.87,19960.42,18673.73,18056.41,17906.82,18514.18,19640.63,21371.57,23645.49,26107.99,28168.29,29065.51,29338.38,28681.29,26898.1,25023.02
2026/5/18,21937.81375,22070.82,21217.98,20490.49,20257.61,20567.7,21638.36,22753.24,23008.23,21922.88,20147.25,18449.8,17335.28,16928.61,17075.82,17824.31,19219.6,21408.92,24007.26,26390.29,27651.87,28133.05,27676.34,26059.15,24272.67
2026/5/17,19421.91208,22568.92,21534.35,20613.2,20066.27,19800.53,19909.78,19647.44,19018.04,17942.79,16289.4,14493.25,13312.64,12769.14,12955.22,13770.85,15458.62,17796.35,20660.92,23491.95,25123.1,25957.17,25650.9,24410.89,22884.17
2026/5/16,20432.87958,23769.79,22610.7,21541.8,20927.63,20707.46,20923.07,20825.74,20298.75,19124.47,17699.65,16191.94,14957.32,14282.04,14280.51,15154.53,16710.92,18921.79,21543.7,24213.13,25513.17,26124.44,25853.17,24761.43,23451.96
2026/5/15,23253.42583,23994.5,22859.13,21865.88,21276.93,21439.57,22401.01,23451.9,23749.51,22833.17,21282.35,19923.43,18799.95,18437.16,18886.3,19851.97,21456.55,23569.53,25987.02,27969.38,28922.71,28958.56,28272.38,26823.21,25070.12
2026/5/14,23085.04542,23714.36,22636.67,21644.89,21185.09,21376.27,22342.49,23434.29,23535.37,22410.15,20828.37,19300.53,18356.97,17924.22,18390.27,19383.39,21125.53,23336.01,25915.26,28106.41,29052.6,29293.01,28646.35,26950.13,25152.46
2026/5/13,22688.46125,23731.12,22584.25,21583.97,21092.47,21250.01,22239.08,23398.54,23626.58,22575.03,20922.7,19379.77,18153.07,17548.27,17699.6,18517.09,20096.44,22083.29,24713.08,27375.35,28430.41,28658.65,28055.38,26309.23,24499.69
2026/5/12,24564.84667,24770.66,23392.13,22247.41,21748.82,21871.98,22741.39,23650.74,24144.08,23499.89,22435.5,21426.16,20927.6,20931.52,21576.5,22662.93,24450.32,26213.42,28168.49,29761.95,30370.25,30226.38,29414.52,27485.15,25438.53
2026/5/11,25473.02375,23115.88,22028.84,21071.81,20544.25,20784.62,21871.69,23390.27,23899.91,22885.47,21715.83,20886.83,20899.09,21632.21,22886.06,24686.7,27071.26,29445.57,31944.24,33937.09,34233.37,33414.18,32078.7,29640.46,27288.24
2026/5/10,21109.5625,22786.21,21683.49,20607.56,19993.97,19693.21,19726.51,19509.31,18901.67,17808.56,16626.59,15571.98,15050.06,15276.06,16111.96,17566.76,19885.47,22409.93,25417.14,27722.41,28506.72,28425.38,27597.47,25822.04,23929.04
2026/5/9,21293.02833,23382.39,22296.56,21178.11,20501.24,20266.47,20505.81,20629.77,20071.39,18726.36,17343.86,16174.77,15514.49,15567.67,16257.94,17538.37,19737.8,22058.34,24772.44,26969.77,27580.13,27645.63,26953.12,25477.22,23883.03
2026/5/8,22535.82917,23092.9,22004.69,21037.28,20529.08,20706.12,21657.78,22788.63,23303.24,22370.24,20656.76,19141.23,18054.89,17639.02,18061.77,19176.83,20977.86,23256.44,25638.9,27256.77,27909.06,28088,27409.54,25896.97,24205.9
2026/5/7,22145.91292,22359.3,21409.79,20531.64,20114.31,20387,21412.88,22766.26,23283.15,22237.58,20524.06,18891.03,17750.09,17190.98,17370.35,18228.9,19933.35,22200.37,24768.79,26791.37,27835.06,28203.26,27449.39,25796.06,24066.94
2026/5/6,21161.18833,21975.61,21219.76,20547.34,20205.04,20513.64,21631.05,22999.93,23292.37,22057.76,20214.17,18238.75,16695.4,15850.72,15768.69,16249.42,17404.78,19445.24,22098.69,24581.6,26079.42,26765.51,26161.72,24719.2,23152.71
2026/5/5,21804.77583,22000.89,21226.65,20488.12,20147.17,20404.96,21510.81,22988.77,23687.76,23117.52,22138.67,20916.06,19841.13,19015.67,18550.53,18493.58,19078.02,20173.14,21771.5,23668,25326.1,26042.31,25615.55,24289.19,22822.52
2026/5/4,21407.25042,21078.39,20407.39,19739.36,19478.78,19735.67,20923.82,22269.57,22988.33,22485.44,21456.49,20285.87,19342.77,18705.54,18629.09,18863.45,19502.5,20507.2,22014.51,23545.17,24785.34,25577.95,25181.57,23822.72,22447.09
2026/5/3,18492.76708,21491.06,20544.8,19684.39,19107.45,19025.06,19120.6,19091.96,18671.49,17630.19,16108.78,14408.44,13256.4,12548.04,12516.38,13163.23,14541.62,16585.73,19237.75,21711.57,23397.04,24154.74,23857.5,22662.36,21309.83
2026/5/2,19565.43625,22388.68,21311.99,20303.08,19701.89,19514.38,19758.88,19910.85,19564.59,18673.1,17255.83,15733.52,14395.21,13710.43,13697.22,14723.17,16523.24,18746.44,21239.36,23560.38,24486.42,24858.81,24356.83,23215.1,21941.07
2026/5/1,21416.25958,22333.68,21394.19,20510.03,20098.14,20368.35,21331.66,22458.79,22680.22,21362.94,19507.28,17721.33,16476.64,15857.45,16172.33,17257.66,19066.76,21446.5,23746.59,25670.74,26576.12,26954.35,26440.33,25063.89,23494.26
2026/4/30,21050.35667,21907.62,21037.68,20235.51,19856.55,20125.69,21182.31,22448.3,22629.37,21353.81,19438.8,17554.11,16272.67,15658.39,15808.08,16529.3,18051.02,20053.35,22644.5,25107.29,26367.11,26805.62,26180.66,24735.95,23224.87
2026/4/29,21006.555,21751.58,21003.31,20250.56,19918.9,20204.52,21457.91,22821.7,23063.81,21730.37,19874.87,18074.97,16752.7,16045.11,16065.42,16676.73,17743.64,19380.92,21782.23,24326.95,25861.72,26415.47,25783.13,24340.01,22830.79
2026/4/28,20441.39,21575.22,20829.5,20105.7,19857.29,20260.7,21506.49,23010.74,23348.21,21711.01,19312.07,17004.78,15409.3,14677.54,14609.7,15045.73,16202.78,18135.67,20972.45,23668.73,25389.72,25960.03,25379.38,24049,22571.62
2026/4/27,20242.55875,20476.3,19803.34,19185.62,19004.83,19473.85,20805.59,22467.7,22928.25,21829.63,20141.91,18401.39,17076.75,16037.08,15485.39,15499.15,16273.19,17765.24,20127.4,22687.03,24613.19,25289.34,24814.67,23512.41,22122.16
2026/4/26,18343.38042,20824,20073.18,19278.29,18866.41,18764.59,18986.43,19223.45,18914.04,18157.5,16989.91,15637.82,14392.1,13355.35,12901.21,12996.81,13947.12,15523.81,17989.86,20621.68,22714.66,23506.63,23276.47,22252.51,21047.3
2026/4/25,19262.08208,21788.74,20916.01,20120.22,19614.61,19483.48,19835.2,20152.41,19979.37,19493.63,18332.36,17024.03,15618.6,14667.16,14443.1,14746.12,15701.61,17063.37,18932.61,20943.46,22678.46,23463,23315.52,22504.86,21472.04
2026/4/24,20706.84083,21873.11,21034.49,20251.09,19935.41,20179.66,21308.64,22726.97,23073.81,22197.66,20534.23,18795.77,17230.88,16219.88,15906.07,16040,16771.41,18351.55,20623.32,23017.12,24624,25183.38,24848.74,23760.54,22476.45
2026/4/23,20632.77583,21865.74,21138.3,20504.35,20203.33,20558.44,21780.89,23436.07,23805.45,22106.54,19699.7,17447.54,15850.14,14989.24,14810.08,15201.82,16295.87,18318.7,20841.21,23433.39,25223.83,25777.35,25289.95,24007.28,22601.41
2026/4/22,20725.22375,21809.91,20975.39,20210.22,19920.09,20274.09,21462.04,23012.89,23559.99,22372.76,20567,18747.56,17158.39,16055.34,15547.24,15711.49,16504.16,18084.63,20512.19,23097.66,24982.33,25576.79,25081.94,23787.1,22394.17
2026/4/21,21796.41625,21729.14,20942.29,20174.85,19845.92,20156.62,21271.69,22873.78,23565.93,23082.85,22027.99,21013.33,20085.5,19450.97,19150.9,19293.03,19692.84,20537.3,21856.66,23618.88,25189.1,25810.31,25291.05,23936.26,22516.8
2026/4/20,20987.28667,20722.45,19970.64,19351.95,19083.43,19400.22,20536.33,22068.86,22700.34,21060.2,19505.25,18252.98,17352.15,17083.65,17506.6,18276.13,19375.57,20794.4,22855.8,24631.85,25748.11,25976.72,25295.31,23792.72,22353.22
2026/4/19,18594.14208,21249.83,20390.43,19457.14,18992.46,18803.64,18899.52,18618.9,18018.62,17551.14,15897.18,14391.52,13096.77,12538.1,12717.86,13669.03,15250.18,17202.03,20002.99,22699.54,24189.32,24480.61,24004.71,22780.87,21357.02
2026/4/18,18913.18458,21714.16,20821.44,19933.99,19470.37,19425.03,19830.28,20221.9,19811.71,18513.67,16498.68,14517.43,13124.55,12402.38,12467.04,13232.94,14942.79,17238.39,20127.17,22551.52,23932.63,24335.69,23984.16,22972.55,21845.96
2026/4/17,20314.27333,21855.13,21063.34,20285.17,19996.57,20432.37,21568.3,23159.85,23488.9,21816.33,19479.89,17103.21,15467.96,14639.76,14553.02,14929.72,16103.22,17965.17,20400.91,22966.39,24610.99,25006.13,24678.85,23610.19,22361.19
2026/4/16,20558.47208,21741.87,20964.31,20206.56,19928.14,20239.21,21431.92,23069,23634.97,22404.2,20333.09,18159.15,16396.12,15459.79,15166.97,15348.8,16241.44,17998.54,20493.67,23089.12,24905.79,25369.75,24885.47,23649.24,22286.21
2026/4/15,20917.00375,21746.6,20995.07,20339.8,20094.07,20448.01,21685.61,23394.23,23878.23,22807.05,20784.79,18837.39,17201.54,16225.53,15889.77,16160.98,16985.53,18627.11,20945.55,23445.32,25231.77,25483.46,24948,23609.47,22243.21
2026/4/14,20672.67083,21761.55,21029.46,20445.59,20263.47,20683.78,21980.85,23757.46,24282.14,22735.62,20376.11,18010.57,16276.68,15242.64,14829.78,14988.06,15887.26,17798.04,20475.63,23137.99,25138.55,25654.9,25113.63,23802.5,22471.84
2026/4/13,20865.88292,20653.96,20019.57,19526.6,19335.04,19835.15,21169.04,23100.07,24019.85,23295.48,21681.38,19859.26,18382.02,17450.07,16843.88,16623.08,17147.97,18318.83,20267.72,22709.56,24747.61,25258.54,24826.79,23527.18,22182.54
2026/4/12,19615.09833,21074.67,20272.31,19489.77,19146,19019.5,19291.79,19727.71,19876.61,19714.76,19116.72,18312.18,17512.55,16746.96,16325.61,16249.47,16606.58,17485.73,19208.06,21188.96,23183.53,23808.44,23536.67,22529.98,21337.8
2026/4/11,20060.9275,21911.01,20995.04,20127.7,19764.08,19721.52,20065.85,20582.46,20704.38,20276.71,19434.88,18273.74,17293.64,16624.59,16321.5,16641.2,17505.55,18748.99,20273.37,21684.35,23177.66,23725.07,23446.7,22625.03,21537.24
2026/4/10,22057.10875,22432.55,21478.98,20693.84,20334.83,20486.11,21524.16,23010.48,23844.71,23450.87,22256.67,20993.88,19991.06,19397.99,19379.78,19641.17,20312.52,21289,22588.13,23951.28,25282.97,25447.76,24989.75,23946.18,22645.94
2026/4/9,22417.815,22592.74,21621.93,20730.89,20341.18,20540.05,21588.71,23050.72,23843.68,23102.42,21726.21,20340.72,19170.25,18596.93,18793.05,19743.14,21107.73,22516.62,24178.58,25965.41,27080.66,26999.05,26303.11,24795.51,23298.27
2026/4/8,22059.04917,22337.44,21392.21,20581.33,20196.08,20437.27,21528.27,23136.37,23777.23,22888.4,21128.65,19380.59,18088.22,17497.24,17643.12,18533.95,20094.39,21791.53,24097.96,26166.48,27149.51,27076.16,26390.79,24856.94,23247.05
2026/4/7,21942.49583,22310.04,21445.33,20713.24,20298.97,20578.36,21689.29,23391.47,24012.66,22912.58,21069.93,19231.14,17857.72,17187.26,17203.16,18007.18,19445.56,21353.75,23720.79,25847.45,27025.57,26963.57,26306.41,24788.88,23259.59
2026/4/6,21821.53417,21496.39,20676.55,19925.48,19666.07,20020.67,21137.95,22645.62,23566.78,22878.11,21489.71,19894.8,18531.83,17844.68,17858.71,18604.88,19802.61,21581.03,23696.93,25769.26,26835.04,26697.41,25922.05,24369.25,22805.01
2026/4/5,19707.8775,21459.78,20725.12,19843.14,19376.81,19193.28,19310.26,19503.66,19257.15,18545.4,17156.4,15750.64,14667.38,14268.57,14633.45,15743.4,17560.22,19598.37,22064.33,24146.4,25230.48,25231.99,24584.65,23263.38,21874.8
2026/4/4,19536.28042,21967.41,21059.54,20189.28,19675.52,19578.4,19913.47,20399.96,20246.28,19021.9,17231.11,15483.4,14237.17,13637.97,13748.75,14702.54,16223.99,18370.1,20986.4,23359.86,24594.09,24695.73,24206.02,23255.21,22086.63
2026/4/3,20765.11458,22206.63,21417.1,20655.23,20317.76,20485.44,21328.98,22645.38,23120.67,22179.8,20141.34,17753.59,16259.38,15418.18,15320.49,15786.96,17054.36,18990.77,21455.49,23874.66,25291.26,25338.08,24932.82,23865.11,22523.27
2026/4/2,21546.6,22190.83,21408.62,20657.4,20321.31,20669.82,21874.84,23821.96,24832.79,24035.74,22347.44,20384.64,18696.53,17478.43,16877.36,16711.13,17412.17,18841.55,21241.34,23680.96,25527.79,25856.5,25325.35,24145.21,22778.69
2026/4/1,22650.60167,22580.91,21610.22,20816.41,20447.29,20660.73,21827.87,23754.54,24826.29,24556.13,23511.96,22150.11,20862.15,19977.07,19693.05,19884.29,20496.32,21549.55,23215.26,24759.26,26259.09,26518.56,25911.46,24599.75,23146.17
2026/3/31,23757.45625,22954.68,21967.55,21117.21,20713,20989.57,22094.21,23944.51,25251.76,25351.36,24634.99,23680.5,22871.47,22359.77,22348.41,22601.29,23141.37,23646.5,24744.17,26206.82,27275.13,27203.06,26513.33,25064.25,23504.04
2026/3/30,23313.94625,22336.13,21369.74,20454.92,19987.51,20291.11,21427.06,23171.96,24297.71,23897.37,22863.63,21708.07,20953.9,20640.04,20979.53,21769.87,23173.28,24456.93,26112.67,27679.15,28273.99,27758.21,26957.6,25339.13,23635.2
2026/3/29,21031.97625,22631.35,21511.55,20463.54,19828.27,19561.91,19612.89,19957.6,20079.87,18956.93,17416.18,16205.35,15638.64,15633.92,16316.59,17604.12,19820.6,22093.68,24901.16,27111.02,27832.85,27209.95,26325.69,24874.33,23179.44
2026/3/28,21540.61292,23112.21,22000.08,20884.86,20225.09,20019.58,20261.02,20806.36,21001.8,20271.53,18694.13,17328.23,16530.75,16323.31,16876.24,18133.7,20147.6,22437.76,25065.33,27057.57,27739.27,27204.49,26356.49,25052.76,23444.55
2026/3/27,23530.87542,23271.85,22195.81,21225.39,20727.95,20903.81,21818.8,23482.77,24504.29,23985.74,22313.91,20650.29,19759.22,19503.27,20207.86,21311.16,23046.94,24942.89,27110.84,28550.77,28881.64,28284.18,27512.51,26126.72,24422.4
2026/3/26,23320.49708,23189.65,22060.08,21152.47,20683.69,20927.93,22000.85,23861.83,24803.84,23852.34,21985.76,20161.02,19061.71,18710.61,19254.89,20379.21,22218.33,24305.15,26681.09,28508.79,29158.63,28618.6,27723.32,26109.77,24282.37
2026/3/25,23734.13208,23495,22389.05,21390.8,20866.25,20996.79,22038.03,23800.57,24724.28,24015.81,22137.08,20556.22,19787.08,19591.36,20239.26,21378.46,23179.92,25134.68,27439.55,29130.56,29681.79,29014.28,28003.65,26247.46,24381.24
2026/3/24,24116.88083,23356.32,22247.41,21280.73,20796.2,20994.8,22010.25,23835.53,24821.36,24085.38,22318.52,20831.2,20201.84,20072.55,20803.39,22035.18,24006.16,26155.3,28421.83,30177.51,30515.41,29709.4,28583.59,26760.88,24784.4
2026/3/23,23717.02625,22291.87,21368.24,20584.7,20197.65,20458.71,21600.65,23492.29,24650.39,24084.31,22409.64,20753.97,19994.79,19921.52,20585.35,21819.43,23694.44,25648.57,27935.75,29502.1,30008.34,29286.85,28168.48,26314.66,24435.93
2026/3/22,21217.93875,22701.91,21472.43,20489.41,19846.87,19575.93,19612.67,19991.8,20050.65,19100.27,17539.95,16176.65,15606.7,15650.67,16558.56,18188.89,20445.2,22856.56,25578.54,27612.99,28251.06,27539.24,26503.84,24845.55,23034.19
2026/3/21,22950.03375,24525.24,23221.56,21998.12,21179.07,20769.92,20790.91,21213.19,21535.95,21104.52,19995.57,18793.45,18214.23,18274.51,19162.91,20834.77,23021.6,25092.17,27483.98,28837,29282.61,28334.75,27278.82,25794.46,24061.5
2026/3/20,26796.54208,25306.52,23851.8,22694.8,22045.8,22124.36,22956.88,24541.84,25444.79,24879.63,23863.17,23101.53,23168.81,23750.34,25287.2,27222.71,29445.53,31464.02,33386.33,34459.48,34124.8,32684.84,31245.53,29133.93,26932.37
2026/3/19,26694.91708,24971.64,23594.75,22508.38,21877.64,21937.66,22797.94,24514.89,25502.9,24826.02,23625.97,22518.16,22450.49,23044.86,24569.82,26545.44,28857.15,31337.07,33691.95,34941.89,34635.88,33322.73,31841.03,29597.49,27166.26
2026/3/18,26214.77167,24458.04,23130.14,22032.82,21355.5,21403.68,22305.95,24051.81,25129.48,24771.79,23533.44,22364.43,22205.71,22653.23,24048.03,26027.27,28374.61,30572.71,32934.28,34168.82,34054.04,32727.44,31273.87,28997.61,26579.82
2026/3/17,25345.2025,23406.21,22243.74,21258.53,20781.6,20975.39,21923.1,23640.18,24782.27,24067.87,22575.07,21239.67,20883.31,21215.51,22520.33,24311.62,26606.91,29147.32,31826.14,33271.22,33321.2,32266.14,30914.2,28701.53,26405.8
2026/3/16,23478.81458,21745.09,20881.11,20069.66,19707.71,20025.75,21061.14,22863.61,24071.32,23454.88,21852.66,20273.26,19431.8,19282.32,20022.87,21435.21,23422.77,25782.72,28296.52,30102.39,30445.89,29602.91,28527.03,26578.7,24554.23
2026/3/15,19995.255,21661.49,20808.39,19899.08,19358.44,19161.94,19242.97,19749.72,19927,18931.49,17172.29,15229.91,14042.67,13625.17,14090.63,15420.66,17566.84,20258.6,23283.65,25740.65,26529.21,26150.71,25476.39,24084.46,22473.76
2026/3/14,20621.69542,22794.82,21705.75,20800.34,20171.19,19944,20159.77,20741.61,21191,20726.94,19144.12,17209.15,15850.15,15164.86,15295.29,16089.53,17819.05,20033.63,22694.6,24955.61,25828.12,25427.89,24897.87,23804.67,22470.73
2026/3/13,22863.28958,22660.72,21647.86,20773.14,20371.36,20506.8,21489.44,23329.17,24535.19,24054.69,22377.05,20591.75,19373.68,18805.03,19231.3,20121.97,21617.95,23372.77,25648.89,27374.19,27948.06,27316.34,26621.39,25288.65,23661.56
2026/3/12,22599.98208,22022.03,21044.7,20263.76,19927.2,20167.42,21251.97,23203.89,24477.52,23808.09,21948.84,19788.85,18498.28,17943.31,18265.6,19241.86,20978.84,23114.35,25682.6,27707.74,28442.59,27975.37,27161.58,25644.1,23839.08
2026/3/11,21690.12292,21839.63,21026.18,20221.98,19934.37,20201.89,21406.22,23429.28,24735.47,24132.11,22059.47,19602.4,17584.87,16578.67,16431.7,17002.11,18564.09,20636.58,23269.51,25658.66,26700.5,26468.41,25798.65,24408.38,22871.82
2026/3/10,21301.60083,21466.4,20625.43,19882.77,19635.71,19942.88,21222.54,23267.21,24750.71,24052.14,22281.24,20000.88,17989.12,16675.3,16273.47,16410.1,17730.94,19361.17,21980.96,24509.69,25848.98,25732.16,25164.13,23927.67,22506.82
2026/3/9,21036.2275,20777.01,19983.52,19303,19140.57,19513.2,20681.55,22642.32,24092.09,23235.06,21410.77,19405.58,17773.77,16768.54,16562.76,16942.34,18146.32,19728.88,22005.36,24464.21,25676.8,25480.1,24967.13,23817.03,22351.55
2026/3/8,18731.79217,20802.87,20015.53,,18921.5,18686.95,18742.23,19322.36,19708.22,18923.69,17002.72,15052.86,13535.87,12636.44,12711.18,13449.79,15149.85,17227.69,20242.28,22875.16,24150.73,24094.54,23674.17,22623.41,21281.18
2026/3/7,18886.38875,21314.05,20523.41,19797.53,19396.84,19491.12,19963.4,20517.59,19734.96,17897.17,15857.71,14071.76,12993.32,12450.1,12741.16,14024.25,16081.2,18688.6,21652.86,23595.54,23550.53,23123.43,22748.6,22005.11,21053.09
2026/3/6,20780.22792,21616.72,20892.97,20286.76,20053.92,20428.68,21746.17,23353.93,23121.63,20865.17,18507.8,16884.09,15864.48,15299.51,15482.75,16400.44,18512.04,21114.38,23869.51,25408.41,25123.35,24584.72,24129.78,23141.91,22036.35
2026/3/5,21148.39042,21764.74,21045.1,20394.44,20017.13,20412.88,21731.83,23479.11,23455.59,21749.89,19325.67,17511.48,16308.95,15723.46,15890.91,16856.96,18911.04,21443.07,24225.05,25906.76,25685.89,25146.98,24650.79,23558.85,22364.8
2026/3/4,21522.85958,21507.23,20812.88,20155.68,19900.91,20300.49,21583.67,23359.75,23555.41,22281.7,20425.88,18757.58,17492.63,16778.46,16928.83,17906.33,19809.13,22231.09,24775.46,26317.15,26008.99,25336.95,24738.14,23441.61,22142.68
2026/3/3,21219.81625,21203.77,20501.66,19903.47,19671.73,20126.46,21515.74,23407.3,23501.2,21862.23,19659.48,17881.7,16648.33,16137.66,16352.33,17272.41,19376.12,21976.45,24775.88,26262.6,25940.92,25299.59,24657.49,23349.54,21991.53
2026/3/2,20981.635,20551.88,19924.23,19325.89,19136.62,19565.71,20890.2,22696.89,23157.09,21624.21,19751.12,18252.74,17211.69,16656.26,16753.19,17620.22,19343.46,21656.74,24278.39,25745.57,25438.67,24762.8,24300.91,23088.45,21826.31
2026/3/1,19519.705,21134.49,20215.42,19391.72,18903.89,18710.88,18945.63,19135.54,18338.61,17316.69,16085.45,15215.24,14824.49,14845.97,15468.79,16739.98,18789.24,20997.61,23611.54,24979.42,24585.64,23842.51,23355.47,22160.33,20878.37
2026/2/28,21107.20875,22258.58,21228.05,20310.79,19697.18,19592.29,19895.43,20165.81,19726.03,19461.57,18248.75,17217.84,16665.24,16733.26,17506.75,19196.92,21646.03,23883.38,26204.05,26993.25,25963.6,24914.48,24244.5,23071.31,21747.92
2026/2/27,23060.69875,21959.74,21084.44,20385.79,20035.63,20395.78,21527.65,23215.48,23622.88,22373.82,21066.56,20061.01,19613.77,19882.51,20833.03,22312.89,24505.96,26466.52,28337.97,28678.33,27527.76,26505.71,25738.6,24386.99,22937.95
2026/2/26,22425.69167,21504.27,20671.33,19982.46,19690.39,20046.6,21354.37,23303.72,23878.76,22973.69,21399.56,20012.25,19090.11,18769.95,19246.06,20517.2,22566.2,24564.99,26743.7,27610.93,26855.46,26011.92,25249.86,23814.04,22358.78
2026/2/25,22526.27708,21626.5,20888.88,20185.36,19898.09,20299.96,21561.84,23400.46,24069.15,23244.83,21949.95,20677.49,19819.58,19447.6,19792.78,20854.11,22423.65,24099.22,26196.13,27182.07,26501.35,25749.3,24999.49,23599.86,22163
2026/2/24,22838.92375,21493.06,20744.5,20107.06,19857.5,20310.93,21645.92,23579.83,24362.41,23839.83,22774.52,21668.97,20916.6,20623.01,20972.65,21810.28,23130.7,24487.05,26129.32,27061.85,26370.6,25683.4,24909.96,23516.97,22137.25
2026/2/23,21820.53833,20883.72,20309.8,19828.47,19709.4,20313.48,21778.34,23883.44,24536.83,22944.37,20791.53,19156.11,17978.36,17502.35,17767.9,18744.01,20724.76,22951.63,25374.89,26629.02,26131.96,25508.5,24813.73,23408.36,22021.96
2026/2/22,19592.4975,21528.42,20785.91,20134.04,19786.28,19838.88,20501.68,21237.44,20800.15,19126.04,17041.21,15449.13,14266.47,13649.67,13747.61,14790.07,16879.68,19400.09,22457.9,24175.37,24123.82,23749.57,23348.02,22283.5,21118.99
2026/2/21,20578.88708,23100.54,22342.49,21572.57,21217.08,21324.13,22076.82,23083.17,22810.87,21081.8,18664.15,16590.41,15072.33,14208.33,14117.79,15059.19,17120.33,19759.9,22735.74,24479.52,24418.48,24078.15,23823.79,23094.83,22060.88
2026/2/20,23798.7675,23702.19,22935.69,22281.79,22110.97,22627.05,24182.86,26524.79,27426.42,26206.32,24186.21,22232.53,20695.42,19617.54,19311.73,19773.36,21247.87,23362.57,25958.32,27274.02,27092.07,26738.15,26316.83,25264.51,24101.21
2026/2/19,24794.3275,23080.99,22401.93,21855.5,21678.51,22206.69,23713.83,26113.34,27464.54,27208.51,26471.63,25358.03,24214.46,23413.13,22919.13,22701.18,23385.22,24436.86,26573.18,28050.17,27923.87,27493.67,26882.09,25503.7,24013.7
2026/2/18,23406.03625,22368.19,21627.94,20984.06,20792.11,21356.03,22878.46,25381.42,26602.03,25300.63,23607.71,22036.27,20851.39,20150.85,20166.63,20624.64,21789.08,23490.63,25886.49,27354.35,27215.86,26757.07,26275.57,24873.37,23374.09
2026/2/17,23667.53417,21685.36,20910.58,20290.4,20102.38,20629.72,22127.13,24466.31,25996.43,25616.92,24743.58,23665.08,22902.13,22507.26,22449.86,22664.73,23330.63,24322.69,26066.88,27160.01,26938.47,26429.53,25784.45,24340.5,22889.79
2026/2/16,23208.40833,20679.76,20064.17,19426.31,19228.55,19625.93,20755.68,22278.9,23372.83,23903.62,24226.23,24358.97,24314.55,24229.27,23954.53,23623.72,23639.24,24126.51,25708.81,26709.32,26258.9,25666.58,24953.99,23625.41,22270.02
2026/2/15,19761.46292,20480.29,19835.88,19143.08,18796.31,18800.22,19227.94,20034.57,20144.56,19388.19,18079.13,17056.5,16546.46,16471.46,16680.74,17157.88,18422.96,19955.48,22288.46,23716.65,23613.04,23247.09,22831.88,21744.46,20611.88
2026/2/14,19778.83167,21245.35,20476.25,19754.81,19366.18,19459.15,20090,21081.9,21147.63,19969.26,18226.72,16757.07,15682.12,15194.67,15375.45,16316.65,18009.87,19933.09,22280.76,23432.27,23214.8,22827.97,22498.89,21660.45,20690.65
2026/2/13,21268.16917,21271.46,20536.55,19899.67,19669.13,20139.34,21545.56,23691.54,24491.42,23185.12,21087.92,19059.94,17560.55,16626.97,16602.95,17568.07,19410.92,21636.52,24198.49,25134.54,24685.22,24173.63,23802.85,22813.69,21644.01
2026/2/12,22101.57083,21528.19,20743.11,20118.58,19936.26,20406.87,21886.34,24199.9,25274.08,24053.89,22044.09,20130.55,18865.58,18288.13,18261.63,19114.19,20646.35,22708.35,24998.03,26104.87,25723.19,25208.74,24650.1,23387.42,22159.26
2026/2/11,23626.95458,21686.82,20888.82,20205.03,19955.99,20357.27,21737.63,23924.57,25467.48,25668.85,25190.94,24614.68,23910.86,23332.59,22987.36,22877.31,23209.63,24192.76,25930.63,26988.68,26498.17,25860.3,25202.6,23855.96,22501.98
2026/2/10,23143.30542,21221.61,20430.29,19769.75,19548.29,19939.06,21320.92,23520.57,24805.8,24718.34,24013.52,23248.11,22547.97,22256.14,22407.02,22968.19,23615.54,24404.89,25851.49,26645.29,26140.56,25488.42,24834.23,23587.6,22155.73
2026/2/9,21970.96042,19887.57,19187.51,18644.53,18492.72,19122.24,20582.15,22716.24,23762.47,23069.77,21846.94,20764.54,19993.55,19744.47,20281.19,21470.88,22719.45,23944.01,25571.2,26272.34,25606.93,24897.32,24175.06,22960.87,21589.1
2026/2/8,18739.23083,19969.61,19194.04,18540.88,18216.68,18193.6,18583.49,19312.23,19281.01,18011.43,16268.48,14729.85,13727.79,13386.37,13790.23,15258.69,17378.38,19982.91,22708.46,23742.32,23217.47,22735.74,22254.88,21186.27,20070.73
2026/2/7,19878.87083,21211.72,20352.35,19592.59,19226.66,19228.76,19703.5,20671.46,20866.76,20267.09,18482.96,16868.08,15616.21,14942.4,15108.23,16337.31,18397.84,20796.82,23129.23,24055.08,23660.29,23134.67,22703.29,21865.74,20873.86
2026/2/6,22359.61208,21729.25,20863.68,20172.31,19912.04,20227.22,21473,23451.16,24632.31,23688.7,22734.72,21595.19,20342.51,19506.64,19464.78,20095.66,21287.11,23245.82,25381.75,25987.47,25611.54,24969.41,24493.98,23506.38,22258.06
2026/2/5,22469.12417,21781.48,20913.48,20194.35,19963.33,20289.65,21537.07,23446.18,24284.8,23394.44,21663.12,20204.93,19246.87,19114.7,19796.57,21055.8,22328.23,23993.17,25915.96,26711.16,26243.04,25764.42,25160.06,23846.95,22409.22
2026/2/4,22606.10708,21654.22,20805.27,20102.24,19888.26,20315.47,21651.69,23614.12,24277.18,23606.53,21988.2,20353.39,19204.89,18680.11,19183.8,20525.78,22645.48,24845.3,26936.6,27503.23,26846.09,26146.28,25356.31,23929.09,22487.04
2026/2/3,22277.73917,21260.33,20430.02,19786.32,19605.31,20051.79,21544.82,23833.1,24785.99,23583.37,21719.17,19887.39,18707.74,18132.43,18506.91,19873.9,21928.78,24302.93,26404.95,27056.74,26448.83,25788.45,25079.55,23703.66,22243.26
2026/2/2,21809.88208,20311.4,19582.08,19027.06,18930.26,19506.45,20988.05,23191.57,24284.22,23232.76,21623.2,20032.39,18771.28,18130.69,18348.21,19484.84,21315.01,23515.6,25797.04,26485.18,25920.07,25237.32,24592.66,23262.58,21867.25
2026/2/1,19880.49833,20814.57,19934.16,19281.7,18935.39,18848.99,19211.79,19940.74,20026.21,19126.55,17802.87,16616,15673.67,15218.85,15644.82,17096.98,18930.79,21252.91,23768.63,24635.35,24232.92,23720.39,23219.37,22221.59,20976.72
2026/1/31,20756.11833,21770.79,20902.04,20092.42,19673.1,19681.89,20239.9,21130.88,21500.42,20616.29,19245.97,17778.56,16744.72,16164.9,16481.73,17951.07,20019.3,22316.39,24602.67,25102.8,24437.89,23855.72,23599.19,22680.35,21557.85
2026/1/30,22491.9075,21829.14,21091.38,20368.28,20085.18,20489.89,21648.46,23676.61,24841.56,24179.58,22553.88,20803.94,19504.45,18884.79,19093.18,20338.64,22177.64,24391.06,26255.76,26499.5,25717.08,25065.54,24539.5,23473.28,22297.46
2026/1/29,22633.3475,21752.46,20991.22,20347.9,20112.41,20611.74,22102.03,24468.23,25649.7,24533.42,22690.38,20906.86,19535.61,18841.98,18907.52,19878.81,21649.03,23992.05,26285.43,26827.14,26300.79,25657.13,25054.29,23758.41,22345.8
2026/1/28,23458.70917,22237.4,21451.87,20757.07,20512.46,21017.99,22429.55,24624.71,25939.27,25557.96,23974.05,22281.21,21059.5,20337.03,20344.74,21118.33,22599.32,24749.62,27085.76,27670.47,27143.57,26522.57,25872.65,24613.44,23108.48
2026/1/27,23367.59333,22475.09,21744.91,21290.1,21166.43,21713.4,23221.9,25559.5,26767.44,25352.42,23252.54,21237.28,19854.7,19137.39,19202.85,20282.82,22126.15,24617.93,27096.15,27698.55,27125.66,26556.65,25878.1,24470.92,22993.36
2026/1/26,22852.21,21218.96,20729.66,20286.83,20205.42,20918.72,22503.23,24884.45,26398.72,25112.67,23167.56,21167.08,19614.06,18697.34,18555.7,19593.32,21504.49,24051.72,26538.75,27268.88,26860.31,26305.57,25670.3,24288.79,22910.51
2026/1/25,21059.81417,21475.91,20840.79,20194.79,19915.61,19954.43,20480.79,21442.32,21899.88,21134.18,19801.42,18523.29,17537.31,17112.34,17247.19,18134.11,19571.06,21726.49,24452,25268.64,25071.75,24647.3,24184.11,23056.18,21763.65
2026/1/24,20888.02125,21631.16,20795.31,20127.75,19769.42,19886.9,20479.24,21566.31,22238.39,21662.05,20450.03,18967.67,17693.42,16856.16,16725.31,17399.8,18999.46,21390.59,23962.52,24664.42,24319.66,23867.89,23525.65,22668.16,21665.24
2026/1/23,22974.33042,21862,21058.68,20344.42,20100.96,20514.83,21818.37,23953.28,25419.87,25011.38,23896.2,22698.94,21393.59,20693.02,20581.81,21082.89,22159.11,24064.02,26055.35,26363.97,25817.39,25259.7,24854.38,23841.64,22538.13
2026/1/22,23228.87375,21595.59,20808.89,20097.58,19892.96,20363.27,21695.27,23915.25,25312.34,25179.73,24431.4,23422.87,22405.41,21827.12,21725.63,22105.59,23005.01,24478.77,26407.17,26540.36,26037.45,25440.46,24836.91,23621.87,22346.07
2026/1/21,23151.95625,21554.53,20812.19,20092.04,19833.15,20267.1,21616.03,23788.73,25212.07,24904.47,23944.32,22926.81,21972.08,21664.11,21954.64,22569.97,23492.36,24565.43,26242.59,26486.46,25953.97,25421.95,24753.65,23453.95,22164.35
2026/1/20,22361.74667,21181.28,20463.71,19798.07,19612.04,20166.62,21620.11,23813.29,24973.24,24169.01,22672.11,21052.42,19726.44,19166.96,19418.42,20335.09,21834.3,23894.74,25887.17,26246.3,25702.52,25166.54,24548.14,23271.54,21961.86
2026/1/19,21681.7075,20390.03,19683.52,19169.98,18963.7,19319.49,20506.14,22152.64,23117.2,22734.87,21340.74,19943.33,18885.02,18495.52,18931.64,20075.92,21724.22,23798.12,25951.96,25977.49,25380,24942.2,24242.63,22982.34,21652.28
2026/1/18,20005.29667,20732.2,19998.89,19275.86,18896.25,18860.75,19233.06,19958.09,20394.77,19846.31,18625.4,17359.43,16216.17,15825.58,16187.84,17266.7,19091.54,21441.66,23625.87,24204.24,23823.45,23511.51,23039.03,21961.99,20750.53
2026/1/17,20590.50583,21484.49,20715.53,19898.21,19518.35,19590.04,20145.22,21185.4,21733.71,20980.95,19529.16,18112.85,16833.5,16372.88,16636.67,17768.91,19809,21903.75,24105.72,24424.18,23810.91,23400.86,23029.98,22115.64,21066.23
2026/1/16,22340.21125,21685.57,20887.35,20119.09,19884.9,20261.9,21517.65,23573.61,24819.4,23774,22151.19,20564.84,19292.61,18794.86,19202.7,20385.45,22324.31,24302.43,26136.38,26174.92,25461.8,24915.82,24383.42,23367.67,22183.2
2026/1/15,22719.25958,21542.77,20726.69,20024.34,19798.44,20266.47,21611.86,23781.13,25010.82,24285.53,22707.45,21164.7,19874.7,19414.81,19762.01,20855.11,22766.87,24952.97,26788.29,26922.05,26286.9,25698.61,25075.22,23694.48,22250.01
2026/1/14,22979.37958,21724,20910.1,20220.79,20070.83,20573,21997.73,24230.87,25550.81,24692.07,23044.87,21429.62,20055.31,19546.34,19837.47,20858.71,22841.62,25094.42,27057.03,27244.34,26637.83,26081.73,25394.52,23946.7,22464.4
2026/1/13,22914.45667,21692.94,20866.29,20229.54,20141.52,20702.7,22151.06,24426.64,25830.31,24909.73,23162.08,21374.47,19965.66,19297.52,19565.61,20565.58,22383.6,24648.02,26822.33,26989.12,26490.68,26043.38,25347.87,23895.14,22445.17
2026/1/12,22637.71667,20726.2,20056.04,19538.6,19430.57,20109.88,21619.51,23963.05,25522.19,24656.24,22866.84,21218.87,19825.92,19211.91,19483.77,20420.59,22308.44,24502.28,26637.16,26928,26544.99,26004.59,25368.92,23936.92,22423.72
2026/1/11,20413.97667,21409.2,20668.92,19978.62,19660.36,19655.66,20083.24,20963.01,21413.89,20427.6,18718.85,17068.6,15811.11,15266.17,15626.71,16863.08,19019.18,21536.77,24114.06,24769.49,24668.75,24305.95,23835.18,22677.87,21393.17
2026/1/10,21312.80917,22589.14,21801.8,20941.55,20582.37,20752,21414.55,22572.9,23130.6,22023.33,20243.02,18487.92,17060.69,16270.3,16412.31,17448.19,19515.96,21957.43,24397.61,25003.28,24857.87,24462.29,24132.54,23270.8,22178.97
2026/1/9,23413.89,22736.16,21992.41,21286.02,21093.41,21612.21,22950.17,25237.03,26621.71,25648.63,23720.86,21720.95,20176.57,19373.41,19502.59,20391.77,22033.22,24317.68,26828.79,27132.87,26804.41,26397.95,25924.22,24885.66,23544.66
2026/1/8,23523.5375,22089.34,21281.33,20619.55,20392.15,20848.59,22196.99,24549.69,26116.71,25343.9,23738.14,22045.46,20803.49,20198.03,20412.81,21367.38,22962.86,25245.47,27514.91,27744.63,27424.38,26935,26301.07,24943.38,23489.64
2026/1/7,23934.96917,22135.65,21337.26,20523.25,20272.1,20633.27,21941.91,24177.25,25697.52,25796.87,24836.22,23747.07,22851,22350.79,22371.26,22887.01,23944.8,25545.71,27739.15,27808.68,27324.55,26673.91,26091.32,24643.47,23109.24
2026/1/6,23580.31625,21906.21,21100.4,20405.88,20200.24,20735.5,22120.58,24396.93,25829.3,25505.96,24372.74,22982.6,21958.76,21449.47,21531.98,22189.53,23430.75,25128.38,27315.95,27373.69,26878.41,26268.6,25652.3,24348.8,22844.63
2026/1/5,23586.08833,20579.62,19917.7,19307.28,19180.4,19672.79,21081.29,23339.69,25138.14,25232.73,24647.34,24024.01,23419.47,23157.47,23228.9,23570,24234.03,25616.6,27555.82,27552.66,26996.86,26287.91,25572.86,24156.47,22596.08
2026/1/4,21051.19667,20314.92,19530.52,18802.86,18401.73,18320.55,18701.45,19419.65,20092.5,20510.17,20585.02,20554.65,20286.13,20144.26,20235.28,20560.53,21263.08,22650.82,24762.08,24899.72,24509.62,23959.1,23457.87,22294.76,20971.45
2026/1/3,21383.89292,21052.95,20193.23,19458.69,19016.71,18999.33,19404.23,20305.52,21238.67,21845.88,21781.11,21532.46,21021.46,20684.36,20588.62,20727.41,21471.24,22577.16,24249.32,24199.52,23729,23270.86,22872.79,22009.4,20983.51
2026/1/2,22456.56042,21035.61,20264.47,19618.93,19355.56,19707.11,20933.81,22982.51,24457.74,24284.93,23418.61,22394.94,21492.74,21098.75,21324.87,21824.54,22654.8,23879.05,25578.77,25414.54,24845.6,24257.49,23780.84,22793.03,21558.21
2026/1/1,22416.70208,21859.99,21117.64,20298.07,19780.27,19643.98,20077.16,20769.71,21422.8,21853.17,22066.4,22081.84,21899.88,21790.77,21901.63,22289.77,23038.49,24245.21,26038.58,25946.99,25290.41,24825.89,24402.05,23327.11,22033.04
2025/12/31,23828.19833,22428.04,21465.36,20684.45,20285.09,20295.7,20882.53,21859.62,22871.67,24018.02,24643.43,25089.73,25072,24881.33,24986.68,25182.17,25542.46,26021.67,27396.03,26782.73,25877.13,24997,24451.53,23610.19,22552.2
2025/12/30,24001.46708,22137.84,21279.08,20708.83,20491.53,20893.03,22183.22,24149.3,25520.63,25348.52,24450.87,23470.92,22631.29,22346.02,22708.71,23497.39,24476.63,26034.01,27814.39,27703.13,27301.44,26813.2,26145.56,24722.02,23207.65
2025/12/29,22574.68708,20829.88,20134.28,19574.04,19479.67,20066.66,21434.52,23515.37,24755.1,23847.09,22310.42,20692.42,19579.49,18974.47,19264.45,20450.78,22234.49,24377.21,26838.32,27148.71,26855.01,26383.48,25823.15,24394.92,22828.56
2025/12/28,20305.46083,21107.4,20316.39,19652.55,19312.64,19310.63,19656.07,20458.61,20751.21,20232.15,18761.86,17181.96,15970.77,15434.9,15825.32,16875.42,18852.22,21273.11,24026.38,24639.48,24641.46,24466.61,24113.72,22928.58,21541.62
2025/12/27,21069.78917,21497.15,20653.77,19984.56,19601.53,19663.53,19997.87,20931.89,21490.07,21357.18,20176.9,18893.13,17823.17,17335.6,17469.39,18399.08,20010.67,22391.8,24603.05,24827.06,24648.13,24428.71,24128.56,23244.07,22118.07
2025/12/26,22732.545,21061.7,20226.58,19565.93,19305.3,19632.18,20596.95,22317.62,23592.78,23685.74,23443.32,22956.6,22425.74,22099.36,22153.61,22546.7,23136.93,24483.8,26226.64,25928.54,25404.69,24804.18,24371.55,23386.49,22228.15
2025/12/25,21691.93917,21491.58,20600.03,19766.42,19378.3,19243.66,19575.49,20513.31,21300.13,21466.7,21216.01,20803.54,20227.04,20144,20241.88,20919.57,22043.03,23469.7,25124.84,25020.68,24721.62,24320.83,24000.96,23026.29,21990.93
2025/12/24,23458.24333,22447.84,21486.74,20608.25,20239.24,20159.38,20652.96,21685.85,22899.7,24005.75,24597.73,24714.64,24166.09,23865.64,23778.29,24066.04,24729.87,25527.43,26847.47,26111.91,25170.61,24665.22,24314.32,23579.2,22677.67
2025/12/23,24458.16042,22044.46,21160.65,20399.93,20091.23,20456.03,21678.55,23659.16,25296.71,25889.54,25646.02,25087.62,24456.38,24288.76,24504.61,25051.56,25809.31,26824.64,28332.9,28008.23,27421.73,26855.69,26176.95,24712.15,23143.04
2025/12/22,23841.0375,20786.21,20061.95,19393.48,19174.76,19688.6,20958.78,23006.53,24698.63,25135.32,24850.26,24305.68,23637.99,23642.15,23915.87,24470.75,25394.57,26484.2,28064.5,27771.14,27079.24,26557.14,25904.86,24389.62,22812.67
2025/12/21,21445.04333,21183.66,20330.91,19571.69,19116.68,18997,19285.51,19960.1,20517.83,20744.15,20386.42,19929.42,19501.83,19532.79,19965.08,20845.65,22196.3,23657.97,25362.79,25378.43,24965.37,24606.96,24125.54,22924.76,21594.2
2025/12/20,22469.59917,22308.49,21377.77,20495.03,20009.83,19973.46,20409.54,21235.36,21972.98,22371.93,21978.17,21550.57,21081.82,20951.36,21266.11,22091.18,23277.19,24663.95,25978.72,25776.13,25321.55,24877.45,24514.57,23528.69,22258.53
2025/12/19,24218.54458,22623.52,21711.49,20938.68,20582.77,20835.6,21905.4,23725.88,25018.42,25130.54,24746.37,24258.71,23683.97,23618.98,24291.07,24993.83,26118.78,27000.54,27772.35,27150.82,26445.15,25914.63,25388.19,24346.59,23042.79
2025/12/18,24339.67083,22410.52,21492.27,20709,20364.46,20661.8,21899.2,23898,25246.96,25117.75,24423.52,23570.08,22973.6,22985.16,23676.54,24749.85,26195.54,27590.83,28641.84,28249.85,27579.86,27006.76,26350.46,24946.68,23411.57
2025/12/17,24252.27375,22498.54,21596.37,20788.59,20389.19,20698.13,21910.51,23797.78,25138.04,25156.16,24435.99,23626.58,22980.18,22726.68,23267.73,24225.87,25709.7,27119.6,28530.12,28242.51,27608.54,27055.98,26323.82,24904.69,23323.27
2025/12/16,24520.28042,22549.3,21701.52,20962.06,20611.15,20953.47,22243.54,24257.07,25612.19,25480.17,24828.71,24118.46,23571.17,23450.75,23940.4,24776.14,25936.98,27320.23,28635.17,28312.11,27674.56,27096.51,26290.03,24870.66,23294.38
2025/12/15,24333.85583,21437.91,20690.56,20083.9,19895.18,20366.88,21806.99,23942.41,25508.96,25602.76,24859.84,23988.1,23315.63,23138.5,23637.91,24542.11,26014.28,27455.84,28853.28,28580.85,27955.64,27339.2,26546.35,25049.83,23399.63
2025/12/14,21929.97417,21875.56,21011.02,20189.74,19750.57,19699.09,20005.97,20661.43,21192.41,21177.44,20556.6,19901.33,19317.49,19141.07,19700.57,20863.63,22566.79,24352.9,26074.27,26165.58,25822.77,25431.92,24885.87,23694.49,22280.87
2025/12/13,22317.7675,22690.06,21722.21,20818,20340.28,20271.2,20763.67,21631.03,22253.87,22169.59,21391.23,20498,19776.46,19517.58,20031.53,21077.84,22753.31,24503.79,25967.81,25875.96,25425.96,25105.92,24696.63,23791.26,22553.23
2025/12/12,23657.38583,22554.6,21691.27,20889.06,20613.9,20863.54,22029.1,23897.39,25081.92,24475.66,23320.59,22205.23,21322.84,21089.06,21742.9,23092.23,24786.61,26491.69,27970,27405.17,26748.08,26171.65,25665.85,24541.29,23127.63
2025/12/11,24015.96875,22523.34,21640.82,20857.63,20537.88,20882.66,22080.97,24116.93,25303.21,24732.29,23579.03,22455.44,21617.27,21471.73,22177.68,23665.54,25391.73,27154.65,28705.95,28249.53,27615.8,27010.11,26315.46,24945.69,23351.91
2025/12/10,24171.14625,22496.36,21642.59,20929.27,20624.93,20983.69,22186.39,24107.28,25253.09,24842.07,23729.76,22680.09,21910.64,21713.69,22472.35,23913.81,25692.49,27468.35,28972.37,28542.06,27860.06,27252.03,26485.6,25018.63,23329.91
2025/12/9,24047.47833,22180.66,21343.29,20656.76,20449.88,20886.27,22131.26,24171.06,25406.58,24877.58,23877.71,22768.49,21908.2,21658.75,22279.17,23591.57,25330.09,27246.93,28759.69,28336.56,27721.6,27131.05,26380.22,24862.86,23183.25
2025/12/8,23412.6475,21116.01,20421.08,19825.46,19694.93,20261.29,21618.91,23755.74,25022.84,24263.31,23030.45,21854.05,21003.06,20812.52,21522.38,22882.08,24526.3,26467.56,28194.53,27918.13,27386.95,26801.4,26072.04,24549.38,22903.14
2025/12/7,20838.395,21475.28,20693.4,19913.51,19532.48,19479.66,19800.7,20466.23,20690.79,19838.19,18594.1,17478.25,16611.18,16485.82,17178.41,18709.16,20682.27,23050.55,25220.06,25336.74,25121.64,24742.89,24250.45,23085.68,21684.04
2025/12/6,21361.11375,22384.48,21504.78,20667.13,20228.41,20260.24,20803.76,21725.44,21976.84,21111.67,19541.88,18244.65,17153.56,16733.85,17287.96,18834.92,20933.41,23331.58,25394.78,25292.98,25031.83,24610.08,24230.99,23303.36,22078.15
2025/12/5,23308.30292,22748.43,21972.21,21258.82,20994.26,21449.67,22732.53,24801.4,25780.81,24487.41,22786.1,21225.78,20063.97,19587.77,20050.87,21408.68,23222.57,25352.96,27221.91,26890,26419.84,25972.28,25490.71,24401.47,23078.82
2025/12/4,23882.35792,22778.11,22007.6,21300.46,21070.5,21572.82,22957.17,25199.99,26298.88,25071.46,23316.13,21811.99,20645.4,20323.75,20823.12,22212.28,23994.04,26131.36,27964.06,27884.57,27512.32,27103.73,26503.97,25103,23589.88
2025/12/3,23865.21792,22555.94,21834.41,21131.23,20870.69,21314.61,22640.46,24751.33,26058.59,25374.86,23933.86,22474.52,21253.29,20795.74,21173.99,22489.17,24032.24,25948.63,27939.08,27751.89,27347.77,26870.14,26185.04,24742.99,23294.76
2025/12/2,23634.87,22258.31,21492.77,20812.2,20614.57,21108.53,22497.13,24761.39,25916.72,24848.56,23374.31,21842.97,20776.84,20367.54,20805.11,22104.54,23810.86,25895.49,27868.21,27767.15,27342.53,26873.04,26188.43,24732.88,23176.8
2025/12/1,22748.59375,20959.14,20277.6,19699.23,19475.48,20046.37,21484.34,23584.43,24931.43,24056.67,22547.04,21150.12,20095.5,19640.53,20047.94,21273.92,22886.36,24967.74,26918.67,26955.95,26636.16,26185.56,25533.58,24044.63,22567.86
2025/11/30,20156.81167,20615.26,19883.3,19220.79,18881.1,18843.68,19177.66,19864.05,20005.79,19438.86,18614.96,17795.11,16860.05,16390.34,16707.9,17925.97,19736.75,21991.8,24032.73,24143.13,23969.64,23556.83,23135.98,22040.68,20931.12
2025/11/29,20274.58708,21101.22,20325.79,19598.94,19211.07,19194.37,19677.75,20434.29,20543.14,19820.64,18816.09,17858.89,16862.99,16443.97,16801.77,18153.93,20036.13,22040.81,23801.49,23784.88,23431.49,22993.84,22701.9,21933.49,21021.21
2025/11/28,20456.84167,20002.68,19389.94,18783.59,18545.85,18729.28,19493.57,20455.69,20571.99,19663.21,18702.76,17954.88,17219.29,17015.73,17657.1,19089.47,21023.32,23192.8,24682.17,24424.54,23972.26,23592.01,23215.91,22323.05,21263.11
2025/11/27,20383.635,21005.97,20116.02,19410.02,18985.76,18957.15,19325.72,20032.18,20475.06,20192.51,19569.36,18889.38,18371.89,18290.05,18872.4,20015.1,21317.45,22497.98,23328.04,22652.63,22108.8,21908.42,21653.24,21041.58,20190.53
2025/11/26,22619.38667,21337.13,20606.29,19955.76,19721.54,20159.36,21424.91,23422.08,24245.43,23306.57,21994.48,20861.57,19940.44,19688.66,20308.03,21801.28,23720.11,25501.98,26909.58,26572.36,26003.37,25383.66,24717.38,23360.98,21922.33
2025/11/25,22458.18875,21056.89,20325.48,19706.43,19488.88,19954.07,21241.35,23268.23,24200.23,23235.73,21931.35,20775.2,19880.12,19598.04,20170.6,21528.63,23392.03,25215.76,26686.19,26416.65,25911.35,25267.95,24603.62,23259.36,21882.39
2025/11/24,22199.79125,20182.9,19562.71,19022.83,18897.18,19419.48,20804.36,22860.26,23881.78,23202.04,22067.72,21016.29,20086.09,19713.65,20042.5,21206,22870.48,24708.39,26423.84,26291.96,25822.2,25223.56,24550.08,23160.24,21778.45
2025/11/23,19694.28917,20400.27,19646.19,18997.85,18682.72,18641.35,19001.69,19676.11,19539.66,18511.37,17270.96,16258.09,15514.08,15327.81,15931.24,17481.62,19611.04,21897.72,23911.21,24017.88,23765.48,23353.01,22865.89,21770.79,20588.91
2025/11/22,20610.46375,21325.92,20493.78,19751.43,19321.59,19387.42,19881.87,20729.44,21087.72,20591.69,19587.66,18570.16,17614.82,17160.24,17421.94,18512.83,20206.92,22164.74,24017.48,23999.89,23628.16,23217.19,22890.56,22060.69,21026.99
2025/11/21,22851.99958,21721.07,20947,20269.41,19999.33,20402.64,21650.1,23634.73,24732.28,24179.53,23099.8,21996.19,21165.35,20870.46,21205.99,21960.01,23139.92,24771.6,26301.6,25958.92,25443.52,24951.45,24460.91,23396.64,22189.54
2025/11/20,23688.46375,21608,20845.14,20172.58,19940.81,20444.3,21719.13,23778.56,24962.95,24863.62,24278.98,23599.77,23101.09,23221.88,23557.79,24012.87,24663.73,25825.27,27210.47,26957.72,26479.03,25857.03,25169.39,23806.8,22446.22
2025/11/19,22948.83917,21643.04,20911.45,20247.18,20039.27,20513.69,21832.01,23890.93,24695.42,23759.41,22301.17,21107.03,20406,20453.74,21044.49,22134.3,23556.4,25331.71,26990.75,26808.53,26308.78,25758.34,25060.03,23643.76,22334.71
2025/11/18,23042.28125,21251.44,20525.96,19889.77,19684.88,20218.55,21568.51,23646.86,24653.26,23919.63,22792.75,21881.31,21244.07,21148.32,21479.83,22344.75,23696.45,25472.92,27105.47,26914.07,26421.11,25860.51,25165.83,23763.29,22365.21
2025/11/17,23349.36208,20071.31,19417.72,18928.31,18730.25,19227.57,20583.74,22692.77,24147.1,24489.5,24387.87,24233.98,23989.82,23997.12,23981.93,24167.28,24571.4,25929.95,27294.02,26988.39,26373.07,25749.88,24923.92,23448.62,22059.17
2025/11/16,20746.70958,20257.92,19471.5,18759.57,18413.48,18334.21,18627.42,19229.45,19696.92,20170.86,20281.67,20170.99,19900.54,19832.63,19973.09,20355.21,21026.49,22535.98,24353.65,24232.9,23831.91,23359.61,22856.28,21710.17,20538.58
2025/11/15,21894.91542,21085.96,19988.73,19190.44,18786.15,18744.47,19172.24,19874.17,20635.09,22309.68,22676.59,22826.83,22565.67,22336.95,22318.13,22385.33,22780.32,23837.04,25247.51,24921.38,24168,23401.07,23011.2,22132.36,21082.66
2025/11/14,23865.34375,22125.87,21239.06,20527.03,20222.07,20576.18,21596.67,23336.72,24561.11,24893.47,24749.51,24482.74,24055.19,23903.6,24068.05,24448.86,25130.57,26128.04,27286.75,26711.93,25973.37,25375.98,24873.87,23836.91,22664.7
2025/11/13,24179.40167,22285.43,21461.01,20762.14,20455.29,20847.39,21951.44,23718.09,24679.9,24719.19,24322.32,24019.68,23731.87,23863.41,24466.99,25234.14,25919.16,27003.5,28122.68,27536.45,26753.39,26088.33,25450.02,24135.17,22778.65
2025/11/12,24349.07458,22055.55,21240,20540.94,20245.77,20566.18,21677.11,23292.99,24542.71,24881.6,24413.18,24009.48,23879.1,24259.18,24988.88,25940.95,26979.66,27942.38,28797.2,28153.34,27238.94,26305.07,25489.42,24128.9,22809.26
2025/11/11,24050.21583,21985.84,21093.12,20353.49,20041.15,20351.54,21457.04,22817.41,23431.21,22967.23,22281.41,22131.5,22422.84,23305.38,24503.22,26045.23,27768.33,28933.07,29734.07,28681.21,27618.1,26652.9,25689.99,24216.1,22723.8
2025/11/10,23362.0875,20762.26,20098.62,19476.01,19385.62,19824.33,21012.04,22522.94,22640.91,21821.99,20783.36,20332.99,20329.65,21238.04,22847.93,25137.14,27491.64,29260.51,29987.98,28902.69,27774.78,26667.03,25693.85,24115.43,22582.36
2025/11/9,20355.58458,20683.28,19860.68,19063.51,18661.28,18595.45,18797.97,18984.3,18408.96,17148.24,15993.77,15368.01,15257.76,16031.78,17581.69,20058.05,22834.38,25321.62,26655.96,26098.88,25301.91,24528.66,23728.72,22452.09,21117.08
2025/11/8,20723.94417,21482.48,20619.07,19790.29,19350.91,19396.47,19784.59,20265.88,19896.93,18723.07,17490.6,16620.88,16154.72,16520.05,17638.17,19851.68,22371.38,24688.99,25956.38,25375.69,24559.62,23896.95,23306.21,22340.89,21292.76
2025/11/7,22700.93125,21510.37,20769.31,20033.69,19761.68,20104.82,21229.52,22859.06,23412.48,22608.75,21310.56,20345.45,19837.53,20017.51,20968.23,22745.06,24840.91,26713.26,27731.61,26908.62,25921.34,25179.95,24492.34,23345.94,22174.36
2025/11/6,22625.30625,21516.55,20733.64,20060.96,19831.86,20212.52,21435.38,23192.16,23751.14,22733.52,21464.18,20355.96,19655.63,19731.9,20546.28,22189.47,23999.47,25906.6,27281.94,26830.04,26096.06,25354.02,24593.57,23404.7,22129.8
2025/11/5,23346.29917,21575.56,20794.39,20084.11,19843.97,20241.66,21474.24,23174.14,24016.92,23731.29,22919,22302.73,22063.48,22277.79,22885.76,23973.91,25099.98,26417.93,27590.21,27143.6,26376.22,25655.55,24918.85,23537.72,22212.17
2025/11/4,22696.05208,21407.78,20626.3,19897.79,19648.9,20060.66,21248.6,22954.17,23309.92,22197.37,20851.9,19751.27,19350.3,19766.35,20972.1,22808.59,24840.7,26699.45,27976.07,27468.97,26599.49,25747.53,24918.41,23478.22,22124.41
2025/11/3,22435.90542,20671.8,19948.25,19321.92,19124.12,19556.99,20878.61,22440.34,22897.64,21483.59,19859.74,18799.34,18459.81,19179.09,20630.29,22678.55,25016.52,27160.57,28657.53,27947.31,26879.11,25988.71,25148.33,23578.03,22155.54
2025/11/2,20328.21417,20794.72,19970.72,19324.85,18867.8,18707.01,18824.9,18865.98,18134.74,17007.43,15562.26,14701.37,14552.9,15346.66,16968.88,19665.24,22852.95,25604.45,27394.52,26798.21,25576.64,24699.82,23858.15,22527.94,21269
2025/11/1,20771.48417,21872.37,20853.51,20016.18,19430.69,19266.2,19515.98,20331.3,21104,20466.25,18844.1,17234.1,16023.67,15677.36,16203.55,17660.58,20127.63,22746.22,25181.97,26413.23,25645.22,24791.89,24154.29,23080.12,21875.21
2025/10/31,22859.775,22342.87,21460.8,20639.8,20220.27,20363.53,21244.82,22939.02,24205.42,23732.56,22392.15,20760.52,19571.52,19213.7,19810.64,21079.6,23126.53,25324.05,27117.14,27822.57,26933.14,25961.04,25361.69,24205.64,22805.58
2025/10/30,23801.36125,22745.79,21735.1,20860.98,20424.75,20563.97,21515.4,23392.94,24846.61,23968.57,22604.16,21327.17,20589.89,20528.75,21244.51,22718.03,24832.13,26907.19,28893.8,29601.25,28768.06,27593.12,26754.49,25270.23,23545.78
2025/10/29,24091.75917,22457.89,21499.82,20711.26,20209.49,20298.55,21271.12,22949.54,24231.03,24482.77,23041.31,21598.3,20854.25,20881.52,21740.61,23333.51,25588.46,27834.37,29743.01,30533.74,29560.36,28339.67,27377.98,25725.44,23938.22
2025/10/28,23396.91125,21793.85,21014.9,20386.07,20113.51,20419.97,21491.86,23412.67,24780.42,24333.97,22733.1,21040.39,20060.67,19906.24,20510.48,21792.05,23981.87,26156.68,28051.05,29040.98,28440.4,27357.66,26506.31,24930.91,23269.86
2025/10/27,22607.04875,20779.04,20189.96,19594.47,19457.24,19818.82,20998.42,23046.02,24721.8,24095.9,22714.1,21066.7,19768.32,19207.02,19430.61,20491.82,22443.17,24412.23,26432.71,27699.46,27314.52,26410.39,25649.28,24157.46,22669.71
2025/10/26,20372.12167,20857.05,20156.53,19544.17,19124.51,18907.83,19048.32,19601.18,20113.11,20162.1,19419.67,18308.15,17437.78,17136.82,17336.72,18275.33,19710.33,21200.31,23044.65,24464.97,24495.2,23858.63,23399.83,22272.26,21055.47
2025/10/25,21355.13042,21983.63,21088.55,20294.07,19787.72,19629.56,19916.73,20630.03,21306.99,21351.4,20796.73,19910.17,19088.41,18790.98,19024.02,19981.92,21277.88,22481.59,23846.53,24815.71,24690.91,23990.93,23564.33,22628.09,21646.25
2025/10/24,22694.68,22068.02,21271.29,20481.32,20128.46,20428.33,21410.22,23203.05,24496.63,23942.35,22427.95,20969.93,19636.56,19146.08,19524.07,20641.97,22442.33,24309.26,26082.02,27050.58,26734.83,25822.05,25309.68,24216.94,22928.4
2025/10/23,22803.11208,22109.33,21346.03,20687.76,20383.5,20674.43,21741.66,23699.01,25070.12,24616.95,23339.52,21683.25,20170.22,19247.94,19296.61,20111.98,21592.73,23652.2,25566.26,26780.08,26813.23,26101.8,25455.48,24256.69,22877.91
2025/10/22,23203.8825,22593.43,21834.04,21016.51,20680.58,21046.32,22135.01,23953.2,25223.97,25066.4,24037.97,22699.67,21302.8,20560.31,20526.55,21237.63,22385.05,23761.47,25344.05,26677.51,26811.96,26051.31,25332.46,23993.96,22621.02
2025/10/21,23073.53125,22303.71,21503.98,20683.39,20287.63,20552.08,21583.97,23388.4,24398.33,23673.34,22274.27,20733.59,19778.49,19618.93,20110.75,21285.07,23123.23,25237.95,27151.69,28253.03,27817.87,26746.01,25873.46,24436.41,22949.17
2025/10/20,22456.30875,20986.1,20333.01,19650.55,19353.51,19800.22,20940.24,22728.69,23749.19,22733.11,21202.71,19728.23,18786.09,18605.31,19248.5,20614.4,22587.99,24812.77,27120.95,28232.04,27842.98,26704.88,25884.58,24421.83,22883.53
2025/10/19,19928.75333,21268.15,20392.6,19511.99,18911.8,18711.19,18811.5,19177.36,19149.54,18294.27,16960.71,15639.17,14761.18,14731.68,15483.56,17110,19295.87,21691.02,24301.51,25788.92,25527.34,24554.12,23851.85,22841.12,21523.63
2025/10/18,20169.15167,21651.2,20831.59,19970.67,19481,19328.38,19551.9,20122.96,20317.8,19523.41,18059.05,16499.14,15430.72,15079.25,15506.08,16848.8,18867.2,21141.32,23555.46,25039.2,24942.99,24122.79,23575.34,22833.21,21780.18
2025/10/17,21769.75875,21724.78,20928.48,20248.63,19975.3,20194.11,21221.2,23095.97,24130.99,22982.8,21224.53,19315.15,18027.86,17462.55,17772.78,18869.49,20417.29,22526.13,24622.31,25913.82,25913.01,25158.73,24612.58,23685.08,22450.64
2025/10/16,22063.94333,21930.68,21230.96,20564.66,20282.82,20585.51,21772.3,23827.06,24803.88,23697.62,21912.17,19912.18,18407.81,17745.33,17862.9,18672.14,20220.21,22274.82,24462.85,25925.95,26370.55,25746.17,25029.35,23807.31,22489.41
2025/10/15,22593.12208,22093.58,21279.08,20588.26,20289.03,20664.06,21757.15,23806.98,24980.21,24460.3,23018.58,21442.73,20143.36,19464.92,19375.92,19939.71,21199.2,22741.77,24595.6,25979.7,26592.25,25940.85,25247.63,23985.2,22648.86
2025/10/14,23703.44583,21943.09,21138.13,20431.86,20180.99,20527.91,21660.23,23696.24,25314.81,25441.32,25299.28,24759.27,23999.97,23493.51,23327.74,23322.78,23543.2,24149.42,25199.05,26271.48,26736.91,26049.22,25399.48,24189.51,22807.3
2025/10/13,22788.23417,21155.02,20503.56,19901.63,19672.6,20039.92,21222.63,22988.71,24396.03,24252.3,23337.21,22157.7,21264.02,20997.49,21221.04,21900.33,22905.07,23856.86,25094.97,26159.78,26547.38,25851.39,25083.09,23873.18,22535.71
2025/10/12,19945.945,21849.5,20999.18,20049.15,19523,19324.83,19419.28,19865.15,19961.77,19027.97,17350.35,15540.81,14394.32,14185.54,14657.63,16010.77,18122.15,20699.69,23365.32,25072.46,25487.84,24803,24197.03,23042.94,21753
2025/10/11,21785.01625,23884.12,22855.88,21738.26,21107.86,20944.13,21218.37,21832.43,22079.64,21620.98,20349.43,19017.92,18063.64,17593.68,17817.74,18842.57,20652.86,22427.4,24332.72,25622.28,25769.06,24900.33,24347.34,23441.35,22380.4
2025/10/10,24825.84708,23478.24,22523.31,21673.83,21242.69,21382.75,22480.38,24332.73,25348.32,25000.51,23769.91,22813.59,22237.86,22345,23133.82,24457.02,26306.47,27804.2,29163.47,29682.58,29398.84,28476.26,27686.73,26306.52,24775.3
2025/10/9,24007.62625,22965.21,22042.28,21174.98,20724.41,20992.2,22018.75,23815.8,24809.79,24390.78,23253.08,22159.91,21377.27,21192.59,21701.19,22876.02,24647.73,26248.89,27808,28725.18,28747.43,27861.37,27089.95,25562.75,23997.47
2025/10/8,24561.08208,23712.41,22673.14,21764.96,21270.74,21500.98,22425.92,24044.16,24888.13,25047.67,23810.09,22461.81,21513.5,21404.15,22074.15,23517.22,25574.73,27396.59,29128.74,29898.67,29513.36,28361.15,27412.21,25843.57,24227.92
2025/10/7,24640.86958,23116.08,22187.31,21406.63,20985.9,21258.24,22299.17,24056.31,25033.2,24548.18,23242.63,21940.36,21244.18,21307.79,22251.35,23914.38,26133.96,28143.67,29944.13,30565.06,30223.85,28911.09,27936.51,26233.38,24497.51
2025/10/6,23740.57167,21916.77,21143.23,20446.49,20135.05,20531.67,21699.41,23498.33,24580.85,24104.46,22785.6,21408.49,20496.72,20407.54,21169.71,22505.18,24519.57,26561,28479.27,29386.67,29148.34,28064.14,27184.31,25614.01,23986.91
2025/10/5,20635.54542,21795.12,21040.8,20224.45,19717.66,19550.81,19677.68,19993.19,19988.19,19264.99,17721.03,16291.06,15347.1,15210.76,15934.52,17386.04,19681.84,22165.63,24627.52,26280.29,26442.16,25667.39,25018.55,23818.75,22407.56
2025/10/4,21210.88083,22789.31,21991.21,21065.75,20533.28,20439.28,20671.96,21131.05,21186.55,20629.53,19077.22,17419.2,16356.59,16060.06,16587.59,17877.46,19977.12,22277.37,24496.83,25946.99,26109.21,25279.75,24717.43,23783.43,22656.97
2025/10/3,23819.81083,23796.29,22965.68,22050.42,21599.34,21787.51,22728.27,24375.35,25252.96,24994.66,23770.19,22521.65,21474.34,20932.65,21196.01,21984.64,23426.89,24848.61,26250.87,27137.8,27437.97,26616.41,25992.92,24917.36,23616.67
2025/10/2,24918.79667,23817.34,22942.7,22129.11,21766.36,22031.73,23043.4,24732.52,25603.68,25263.69,24170.42,23010.38,22263.63,22197.52,22889.8,24176.06,25880.45,27453.91,28784.5,29323.81,29448.1,28630.84,27763.34,26195.21,24532.62
2025/10/1,24693.68958,23607.31,22715.8,21821.28,21440.7,21697.75,22751.28,24543.88,25438.77,24840,23821.94,22800.2,22267.85,22246.76,22943.53,24092.73,25734.49,27133.69,28377.38,29013.47,29093.93,28266.83,27478.9,26028.45,24491.63
2025/9/30,25119.525,24153.36,23114.91,22149.84,21604.34,21817.22,22665.23,24169.53,25058.71,24885.47,24524.32,23565.57,22908.82,22797.69,23464.77,24688.84,26333.62,27932.23,29307.73,29942.78,29726.67,28931.28,28008.76,26388.08,24728.83
2025/9/29,25471.84333,23132.88,22221.87,21402.22,21028.97,21506.32,22624.84,24357.44,25450.96,25667.6,25216.88,24696,24296.96,24332.4,24876.07,25965.13,27475.34,28712.89,29880.11,30290.09,30046.82,29075.66,28059.37,26356.25,24651.17
2025/9/28,22783.39625,23499.39,22467.88,21456.06,20958.53,20679.02,20727.52,21067.67,20911.25,20795.98,20176.78,19588.86,19067.57,19093.2,19795.91,21188.08,23161.4,25201.61,27113.61,28147.27,28283.4,27599.8,26735.79,25307.91,23777.02
2025/9/27,24109.61708,24958.88,23725.27,22574.37,21883.04,21613.06,21802.61,22255.23,22370.57,22549.95,21870.31,21324.03,20933.33,20983.41,21726.3,23130,25029.38,26808.75,28476.88,29179.76,29101.9,28254.66,27359.4,26009.49,24710.23
2025/9/26,26609.35167,25529.4,24342.16,23270.95,22676.55,22758.44,23634.05,25218.87,26031,25952.46,25224.21,24480.27,24094.06,24247.36,25193.01,26616.29,28605.14,30377.74,31760.57,32027.19,31795.68,30721.61,29698.24,28033.1,26336.09
2025/9/25,27737.54125,26729.02,25415.5,24216.13,23570.47,23627.15,24524.88,26179.2,27132.65,27362.24,26690.67,26090.64,25790.04,26048.92,26932.67,28350.68,30045.18,31581.16,32710.61,33017.99,32750.75,31521.86,30310.51,28496.38,26605.69
2025/9/24,29605.97125,27631.96,26116.52,24783.92,24045.2,24079.67,24998.55,26619.02,27662.74,28005.79,28014.86,28068.79,28436.46,29277.27,30610.24,32290.27,34098.98,35088.65,36019.62,35823.73,34947.63,33631.68,32286.74,30051.24,27953.78
2025/9/23,30331.5925,27038.8,25574.79,24306.76,23604.83,23663.36,24652.68,26395.92,27360.67,27400.92,27118.5,27189.77,27786.9,29101.61,31066.87,33469.05,35855.18,37837.62,39049.54,39002.38,37974.07,36331.3,34614.39,32041.36,29520.95
2025/9/22,28591.62583,24917.37,23734.33,22695.09,22143.13,22368.05,23476.1,25339.76,26432.45,26506,25956.09,25680.17,25826.82,26746.9,28442.05,30528.68,32961.52,35084.12,36659.86,37025.16,36411.67,34945.02,33268.47,30755.65,28294.56
2025/9/21,25031.07958,25365.17,24070.95,22843.94,22036.05,21608.22,21575.22,21759.7,21655.15,21479.95,21018.87,20708.3,20823.85,21517.04,22964.05,24887.11,27129.56,29216.74,31131.05,32057.03,31994.96,31048.23,29892.09,27960.01,26002.67
2025/9/20,26524.21208,26722.54,25313.65,23988.53,23168.46,22819.06,22958.41,23489.64,23521.72,23519.25,22898.85,22516.53,22556.19,23342.18,24688.96,26631.25,29022.26,31123.9,32920.07,33470.11,33067.34,31906.71,30734.69,29042.13,27158.66
2025/9/19,29412.37708,27238.47,25967.47,24769.78,24076.98,24081.83,24944.35,26503.76,27415.8,28125.19,28266.38,28416.51,28709.88,29380.94,30591.38,31893.69,33390.61,34525.29,35192.66,35025.45,34355.58,33114.58,31868.28,30016.39,28025.8
2025/9/18,30597.43,28084.86,26607.76,25303.37,24568.9,24576,25477.02,27166.08,28147.51,29117.5,29683.96,30157.25,30726.42,31761.42,33129.12,34511.64,35821.64,36248.8,36325.81,35701.34,35087.68,34062.85,32805.03,30718.81,28547.55
2025/9/17,31143.5825,28089.9,26549.74,25060.18,24262.56,24252.86,25179.17,26920.21,27856.04,28260.69,28174.04,28374.85,29252.39,30781.54,32789.35,35051.68,37263.41,38576.28,39450.61,39116.29,38223.11,36678.2,35021.88,32427.33,29833.67
2025/9/16,30664.0025,26858.27,25410.84,24211.6,23507.61,23585.3,24626.14,26473.05,27373.44,27242.38,27053.78,27261.81,28096.22,29677.26,31749.13,34237.24,36860.77,38647.03,39836.52,39724.95,38731.35,37036.42,35238.48,32597.99,29898.48
2025/9/15,28282.27292,24609.73,23496.9,22478.15,22023.22,22254.38,23340.56,25070.77,26076.17,25972.36,25421.04,25038.11,25250.47,26252.59,27948.65,30135.45,32652.96,34868.46,36506.47,36777.26,36094.02,34664.18,33027.37,30620.75,28194.53
2025/9/14,23989.92708,24368,23228.67,22114.89,21468.63,21157.2,21164.94,21282.03,21136.18,20917.32,19908.62,19243.16,19017.81,19554.99,20799.48,22780.21,25259.92,27727.69,29981.15,31082.19,31130.75,30300.78,29192.34,27438.04,25503.26
2025/9/13,24143.38917,25022.72,23875.68,22684.6,21913.51,21663.82,21876.83,22338.26,22323.1,22155.54,21120.9,20173.81,19667.84,19832.77,20802.59,22495.43,24749.21,26983.77,29034.9,30048.67,30192.81,29451.41,28517.82,27048.98,25466.37
2025/9/12,25504.35042,24618.11,23565.62,22545.95,22028.4,22257.02,23208.17,24714.75,25437.97,24932.54,23826.24,22818.42,22382.33,22480.63,23302.24,24705.65,26516.96,28428.36,30007.65,30648.74,30861.75,30110.07,29188.54,27610.19,25908.11
2025/9/11,25494.14542,24739.83,23665.24,22648.82,22118.15,22293.34,23305.26,24859.37,25624.19,25240.75,24161.9,23111.76,22402.73,22402.64,23198.8,24502.91,26218.51,28059.08,29548.29,30481.85,30793.6,30076.1,29148.46,27526.5,25731.41
2025/9/10,26122.56208,25372.31,24225.57,23215.26,22674.09,22794.59,23826.68,25385.38,26068.47,26029.11,25194.36,24311.43,23765.83,23795.1,24440.66,25531.72,27084.2,28702.82,29996.29,30663.35,30950.38,30270.33,29321.89,27592.78,25728.89
2025/9/9,27292.77125,26002.98,24758.52,23607.35,23018.12,23120.38,24108.29,25621.09,26554.73,26599.72,25802.7,25205.77,25104.3,25546.43,26665.69,28002.42,29644.65,30979.56,32127.18,32476.04,32488.09,31715.31,30585.24,28671.16,26620.79
2025/9/8,28416.27875,25834.8,24646.13,23520.84,22935.72,23109.13,24143.21,25729.48,26695.14,26584.44,26131.23,25859.01,25987.12,26893.45,28279.34,30007.28,31985.22,33650.31,35167.79,35562.62,35082,33862.08,32445.62,30101.56,27777.17
2025/9/7,25998.30208,25987.8,24684.26,23360.45,22534.02,22048.32,21974.2,22011.04,21847.66,21510,21157.36,21100.38,21499.99,22619.12,24258.11,26319.57,28677.06,30934.46,32962.08,34008.94,33826.11,32772.82,31462,29306.39,27097.11
2025/9/6,26493.50917,27080.34,25624.53,24272.58,23431.21,23015.8,23096.71,23382.84,23482.09,23383.67,22969,22587.82,22461.11,23167.03,24393.14,26127.66,28342.16,30393.82,32263.73,33196.88,33115.02,32247.56,31091.89,29315.52,27402.11
2025/9/5,29117.11625,28006.96,26445.71,25057.78,24294.28,24223.28,25033.43,26549.92,27339.83,27324.15,26986.54,26628.27,26614.32,27411.76,28859.57,30586.46,32332.12,33856.75,35042.33,35315.46,34995.66,33894.12,32669.61,30727.01,28615.47
2025/9/4,30976.5125,28853.6,27229.46,25780.45,24981.44,24909.04,25773.22,27283.87,28104.32,28235.05,28219.18,28372.49,29001.16,30177.02,31904.59,33840.84,35854,37358.93,38325.34,38435.55,37709.78,36340.17,34760.04,32250.23,29736.53
2025/9/3,32164.62875,29401.88,27755.86,26235.76,25351.75,25228.18,26077.96,27532.69,28430.75,28769.56,28895.01,29215.87,30159.25,31636.91,33642.83,35797.78,37939.93,39494.48,40560.26,40659.8,39763.14,38278.73,36535.23,33700.2,30887.28
2025/9/2,32209.60958,28853.91,27197.25,25741.89,24936.92,24890.71,25710.79,27152.63,28162.58,28636.12,29088.43,29596.72,30606.98,32238.26,34240.33,36418.03,38479.71,39867.21,40740.86,40646.04,39734.18,38298.02,36668.8,33942.75,31181.51
2025/9/1,30158.32958,28014.62,26406.15,25017.5,24060.28,23661.97,23758.67,24130.21,24225.11,24532.91,24733.39,25530.74,26575.93,28197.75,30432.61,33009.28,35619.78,37659.63,39637.98,40224.97,39227.7,38132.6,36418.92,33657.41,30933.8
2025/8/31,28734.65375,27948.09,26393.48,24926.8,23993.82,23462.72,23311.67,23426.15,23296.38,23112.21,23033.57,23353.26,24245.6,25774.38,28010.19,30640.14,33374.55,35546.14,37629.43,38425.38,37760.67,36328.57,34513.52,31860.86,29264.11
2025/8/30,28618.41208,28312.43,26686.74,25243.78,24369.56,23980.23,24069.29,24424.4,24392.56,24043.63,23688.05,23739.74,24251.19,25527.76,27418.45,29756.52,32369.41,34475.18,36397.23,37193.25,36572.85,35277.3,33706.5,31572.14,29373.7
2025/8/29,29224.01792,27497,26019.55,24764.53,24061.88,24034.54,24897.72,26341.05,27014.19,26234.77,25719.17,25347.21,25465.95,26559.15,28516.68,30591.57,32930.96,35016.21,36471.95,37100.33,36471.31,35269.22,33936.89,31710.52,29404.08
2025/8/28,29215.83917,27580.96,26047.38,24804.91,24067.9,24079.06,24842.92,25952.33,26585.93,27035.29,26587.66,26221.03,26351.16,27239.86,28725.37,30632.03,32621.17,34424.35,35890.71,36592.59,36113.01,35054.83,33613.09,31240.14,28876.46
2025/8/27,29400.2575,27788.09,26209.32,24865.93,24080.34,24121.61,25062.5,26514.55,27225.47,27108.95,26628.06,26280.12,26456.68,27377.65,28985.24,31051.57,33213.01,34923.89,36241.77,36722.53,36202.71,35032.43,33568.18,31181.95,28763.63
2025/8/26,30720.04792,28733.6,27070.21,25716.08,24931.15,24899.5,25736.17,27073.44,27952.8,28051.23,27933.16,27979.59,28498.81,29467.29,31080.9,33049.67,35215.07,36916.63,38048.36,38470,37618.58,36345.62,34733.8,32150.19,29609.3
2025/8/25,32565.3875,28117.2,26677.81,25417.14,24862.96,25205.78,26289.27,27945.75,29302,29847.81,30012.78,30510.82,31506.61,33207.2,35146.14,37163.26,39020.78,40253.86,41162.89,41235.48,40018.64,38440.27,36140.88,33139.94,30944.03
2025/8/24,30092.64917,29567.89,27861.64,26263.41,25177.17,24579.7,24433.15,24425.39,24392.51,24350.72,24524.19,25055.19,26124.46,27754.9,29661.08,32167.08,34740.28,36813.57,38827.56,39706.23,38851.34,37561.04,35759.4,33159.04,30466.64
2025/8/23,30550.56625,29823.42,28008.96,26367.83,25327.45,24808.56,24967.81,25195.36,25348.56,25553.97,25798.33,26414.88,27424.63,28982.38,30754.66,33023.39,35510.02,37186.25,38722.71,39511.83,38418.54,37061.02,35412.15,32964.77,30626.11
2025/8/22,33338.54708,30355.71,28427.87,26788.71,25825.71,25636.77,26397.21,27784.03,28708.17,28919.22,29302.36,29980.6,31186.44,32994.16,35219.74,37752.75,40030.12,41638.25,42928.11,43022.8,41722.89,39996.95,37941.11,35153.93,32411.52
2025/8/21,31813.23042,27908.09,26383.06,25123.92,24347.85,24360.57,25265.38,26822.03,27707.7,27008.05,27058.69,27593.34,28638.72,30459.17,32964.78,35636.86,38260.7,40246.09,41856.05,42145.42,41160,39571.19,37470.87,34270.07,31258.93
2025/8/20,29231.33167,26833.49,25316.11,24010.53,23213.41,23206.87,23952.64,25069.84,25793.84,26248.65,25600.22,25278.95,25490.7,26552.22,28384.42,30731.86,33318.63,35525.66,37391.09,38336.08,37812.96,36611.04,34906.25,32265.46,29701.04
2025/8/19,27580.83083,26018.49,24687.43,23588.08,22963.81,23057.91,23984.73,25175.22,25903.09,25512.21,24663.19,23975.6,23858.73,24604.71,25992.55,27924.9,30097.36,32064.5,33980.93,34960.55,34677.67,33829.07,32388.46,30156.21,27874.54
2025/8/18,26575.77792,24472,23392.13,22379,21830.15,22043.46,23093.94,24427.06,25275.64,25057.3,24163.28,23314.94,22954.34,23587.28,24753.34,26489.55,28692.62,30701.11,32718.84,33931.82,33755.59,32938.42,31544.13,29266.03,27036.7
2025/8/17,23750.5475,25114.73,23824.42,22703.91,21916.84,21525.63,21469.25,21303.05,20984.9,20473.72,19400.15,18725.2,18500.08,19004.31,20121.93,21933.99,23983.6,26434.65,28832.18,30489.88,30670.88,30308.62,29297.76,27478.5,25514.96
2025/8/16,25365.02708,26624.06,25168.4,23900.54,23079.67,22739.55,22802.24,22885.21,22803.95,22472.51,21696.35,21160.73,20916.79,21406.46,22475.85,24183.83,26226.23,28358.36,30345.08,31738.58,31618.62,31129.57,30050.13,28387.15,26590.79
2025/8/15,28264.30917,27134.62,25742.95,24498.7,23764,23782.26,24558.57,25639.71,26370.07,26228.32,25554.79,24922.4,24922.17,25567.36,26960.12,28836.73,30932.45,32791.73,34479.36,35417.72,34821.33,33949.41,32568.57,30524.12,28375.96
2025/8/14,29034.165,27714.84,26230.19,24995.21,24232.02,24236.98,25062.41,26229.97,26913.98,26736.98,26086.02,25612.03,25646.52,26454.61,27854.1,29741.25,31951.41,33775.51,35333.64,36485.18,36105.17,35153.43,33810.56,31453.78,29004.17
2025/8/13,29480.5425,27884.21,26317.43,25049.35,24277.24,24265.16,25066.25,26212.26,26986.25,27041.15,26578.34,26268.66,26426.53,27243.67,28742.29,30704.57,32954.71,34670.47,36296.75,37153.7,36697.95,35669.66,34156.77,31636.66,29232.99
2025/8/12,29789.3025,28008.16,26461.81,25164.29,24363.23,24338.31,25139.79,26239.69,27095.83,27130.87,26688.6,26407.02,26775.37,27710.95,29300.7,31343.33,33570.84,35411.19,36915.55,37711.06,37128.57,36115.65,34492.34,31991.44,29438.67
2025/8/11,30581.85833,27456.2,25890.42,24599.34,23853.76,23943.39,24836.75,26072.4,27128.73,27486.1,27421.24,27571.9,28144.46,29424.22,31251.12,33429.99,35589.37,37296.27,38824.7,39382.97,38604.6,37343.48,35529.95,32813.18,30070.06
2025/8/10,27911.41167,27913.76,26283.02,24792.83,23755.66,23267.1,23008.12,22638.28,22534.61,22505.57,22399.22,22577.6,23302.67,24715.1,26765.99,29178.98,31653.12,33648.23,35718.74,36982.25,36575.04,35522.39,33944.07,31367.06,28824.47
2025/8/9,28320.97375,28610.81,26873.64,25329.07,24324.61,23828.58,23792.53,23694.64,23755.03,23816.79,23665.83,23750.11,24241.18,25481.03,27227.12,29499.16,31939.34,33718.6,35444.37,36550.02,35897.95,34755.78,33312.05,31206.17,28988.96
2025/8/8,30703.85083,28690.65,26983.95,25608.09,24751.64,24655.95,25422.79,26350.48,27145.54,27092.04,26969.1,27029.52,27674.35,29139.98,31050.43,33366.66,35734.5,37360.43,38708.77,39208.71,38199.28,36972.58,35379.63,32917.32,30480.03
2025/8/7,30308.23,28020.97,26444.11,25116.32,24323.6,24347.16,25136.58,26202.02,27036.51,27073.76,27007.4,27125.83,27546.82,28639.43,30460.43,32635.67,34873.86,36658.09,38079.21,38594.95,37743.78,36661.85,35132.54,32581.81,29954.82
2025/8/6,29493.41667,27147.98,25735.48,24497.09,23760.09,23821.78,24662.95,25667.32,26424.66,26424.32,25974.88,25824.62,26099.32,27111.16,28866.21,31148,33457.71,35393.13,37063.03,37967.08,37412.37,36417.36,34867.41,32354.08,29743.97
2025/8/5,28308.79583,26543.1,25053.83,23935.65,23236.24,23277.13,24131.82,25111.63,25837.44,25766.91,25132.78,24669.38,24648.94,25607.72,27035.3,29051.58,31203.66,33234.27,35021.5,36185.32,35866.54,35020.63,33710.41,31290.51,28838.81
2025/8/4,27844.8475,25556.7,24230.55,23105.42,22479.56,22742.02,23721.63,24866.46,25744.09,25557.3,25073.1,24674.25,24695.64,25617.29,27028.17,28930.07,30934.3,32629.53,34441.96,35421.18,35064.51,34252.59,32832.52,30548.56,28128.94
2025/8/3,24824.6725,25919.55,24459.54,23172.85,22359.71,21912.39,21911.65,21468.35,21204.22,19925.54,19454.08,19203.51,19324.7,20304.16,21827,23906.23,26212.71,28436.15,30786.38,32404.13,32580.01,32033.1,30980.88,29078.62,26926.68
2025/8/2,25999.85625,26745.59,25213.77,23855.94,22882.77,22438.64,22306.31,21835.49,21719.03,22334.87,21839.25,21586.63,21581.15,22439.69,23769.84,25691.08,27849.83,29948.54,31839.9,33440.95,33285.89,32570.26,31477.14,29674.38,27669.61
2025/8/1,27753.76583,26639.79,25187.03,24080.03,23348.1,23377.14,24182.13,25056.05,25633.99,25647.75,24995.79,24565.99,24431.83,25223.13,26643.75,28466.53,30283.47,31944.83,33438.23,34410.46,34168.1,33397.23,32289.71,30399.03,28280.29
2025/7/31,27787.03208,26685.61,25283.18,24178.96,23574.79,23612.36,24471.88,25472.46,26093.61,25788.41,25078.05,24546.01,24445.06,24996.74,26209.59,27886.5,29896.33,31507.78,33263.71,34428.03,34455.65,33735.13,32650.17,30455.9,28172.86
2025/7/30,27602.44208,26565.75,25137.21,23957.53,23315.22,23417.45,24222.7,25254.97,25904.08,25594.96,24875.82,24317.26,24215.92,24844.27,26010.94,27728.71,29630.72,31344.87,33096.93,34271.29,34244.35,33619.75,32523.79,30271.05,28093.07
2025/7/29,27310.795,25960.13,24641.98,23570.48,23055.58,23134.36,24016.76,24963.8,25678.41,25316.28,24563.42,23980.1,23879.29,24494.5,25724.89,27390.21,29274.66,31090.97,32774.65,33943.84,34098.82,33494.33,32325.81,30184.54,27901.27
2025/7/28,26058.11958,24075.56,22948.28,22044.62,21632.08,21860.79,22914.59,23944.59,24671.31,24461.33,23680.24,22962.33,22641.4,23099.23,24177.72,25685.17,27559.21,29434.06,31187.53,32830.84,33065.07,32524.67,31476.65,29365.13,27152.47
2025/7/27,22599.35958,24158.86,22983.01,21919.29,21198.18,20921.79,20899.82,20520.81,20121.19,19659.82,18649.11,17831.91,17342.17,17555.47,18387.86,19929.85,21871.2,24049.06,26610.07,28528.03,29275.02,29251.42,28586.84,26969.27,25164.58
2025/7/26,22836.93,25028.86,23812.24,22733.56,21971.28,21711.05,21928.05,21743.12,21557.09,21293.8,20401.83,19413.12,18634.76,18385.82,18701.29,19730.04,21207.13,23040.69,25066.62,26917,27694.68,28009.95,27623.41,26461.76,25019.17
2025/7/25,24929.11833,25425.63,24182.21,23140.97,22546.98,22651.05,23525.27,24333.56,24946.25,24623.84,23597.52,22576.9,21826.08,21532.81,21992.52,22937.94,24197.39,25700.85,27551.59,28977.15,29492.62,29572.9,29124.68,27749.96,26092.17
2025/7/24,25565.93958,25455.28,24255.45,23234.42,22655.16,22826.2,23641.78,24553.25,25175.27,24627.53,23526,22670.58,22114.47,22165.19,22870.06,24120.96,25623.25,27190.95,29103.83,30597.72,31018.05,30929.18,30214.06,28470.4,26543.51
2025/7/23,25434.555,25308.61,24136.57,23123.11,22620.45,22725.92,23637.97,24544.22,25123.76,24583.97,23354.04,22318.08,21677.48,21653.83,22322.27,23647.33,25283.91,26941.06,28993.98,30582.92,31130.86,31106.26,30428.99,28566.27,26617.46
2025/7/22,25306.35375,25459.89,24303.27,23367.48,22813.16,22890.29,23815.49,24727.49,25308.2,24820.91,23597.05,22422.54,21640.07,21467.52,21935.89,23125.93,24598.58,26335.66,28219.86,29993.11,30605.6,30744.17,30135.27,28455.49,26569.57
2025/7/21,25777.69792,24975.2,23810.93,22814.14,22415.46,22590.73,23558.95,24486.14,25273.56,25174.49,24235.85,23333,22768.03,22844.8,23504.1,24704.35,26189.91,27725.57,29580.76,30935.84,31200.27,31060.4,30353.25,28561.08,26567.94
2025/7/20,24254.37917,25841.61,24436.42,23268.07,22588.16,22122.62,21978.06,21455.1,21089.03,20733.05,19866.03,19229.24,18969.64,19472.08,20609.14,22431.89,24550.52,26552.76,28901.04,30718.22,31216.13,30946.99,30265.23,28444.15,26419.92
2025/7/19,25237.70917,26715.24,25437.22,24158.66,23435.02,23045.88,23112.02,22684.11,22537.27,22306.58,21473.03,20766.44,20429.92,20816.95,21830.64,23413.71,25422.38,27452.15,29652.3,31267.37,31650.65,31316.53,30602.35,29024.93,27153.67
2025/7/18,27429.38542,26876.11,25618.15,24439.96,23850.62,23850.54,24562.97,25201.83,25814.27,25777.2,25109.2,24534.6,24346.65,24778.47,25794.45,27223.17,28893.94,30248.96,31867.93,32981.16,33128.91,32758.68,32047.52,30332.06,28267.9
2025/7/17,27131.98833,26249.54,24977.72,23888.22,23287.74,23427.61,24198.66,24978.15,25635.27,25268.01,24415.12,23736.23,23488.47,24041.42,25123.39,26676.86,28529.75,30155.74,32165.07,33293.73,33574.27,33146.66,32352.7,30416.18,28141.21
2025/7/16,26622.83542,26299.33,24930.26,23850.33,23319.01,23357.34,24111.78,24956.75,25461.86,25154.03,24202.62,23343.52,22992.96,23333.62,24285.41,25768.2,27654.05,29186.43,31081.89,32332.38,32599.97,32251.76,31490.23,29543.01,27441.31
2025/7/15,27770.25917,27160.83,25666.33,24418.44,23830.58,23846.24,24631.81,25444.55,26120.96,26013.88,25261.74,24598.9,24526.75,24995.94,26152.52,27737.7,29589.76,31075.7,32825.11,34008.45,34061.64,33438.03,32509,30437.31,28134.05
2025/7/14,28549.97875,26071.23,24670.04,23506.66,22966.09,23107.76,23969.61,24853.41,25833.5,26028.19,25559.17,25282.65,25518.22,26431.27,27972.17,29669.78,31860.88,33695.59,35474.19,36528.01,36174.86,35264.14,34042.82,31649.55,29069.7
2025/7/13,25674.73208,26616.16,25112.88,23802.91,22930.96,22501.93,22222.57,21551.94,21327.32,20822.12,20182.12,19966.78,20253.4,21161.27,22780.58,24902.94,27402.78,29761.34,32076.05,33760.48,33863.59,33121.46,32226.56,30095,27750.43
2025/7/12,26583.40125,27906.51,26277.09,24834.98,23865.21,23360.79,23139.03,22708.6,22468.96,22438.33,21869.29,21672.87,21936.19,22765.69,24191.71,26194.33,28515.47,30499.27,32522.11,33822.16,33707.66,32908,32044.2,30224.54,28128.64
2025/7/11,29986.27833,28930.88,27180.95,25730.5,24888.05,24695.26,25240.4,25868.99,26490.97,26609.33,26363.02,26394.52,26724.03,27863.09,29686.17,31801.04,33848.34,35580.63,37054.56,37749.32,37203.7,35990.64,34838,32700.18,30238.11
2025/7/10,29871.87667,27735.1,26158.13,24907.28,24107.58,24161.53,24825.08,25602.9,26376.27,26211.56,25955.11,25967.42,26481.43,27678.63,29510.41,31662.94,33833.92,35828.06,37622.56,38485.22,38020.53,36897.12,35600.75,32969.73,30325.78
2025/7/9,28756.00583,26914.67,25422.89,24220.08,23541.4,23643.53,24400.08,25265.32,25868.95,25648.21,25126.23,24944.35,25196.6,26184.13,27748.97,29749.31,31872.41,33790.6,35660.97,36746.74,36452.65,35498.64,34455.49,32153.12,29638.8
2025/7/8,27266.24958,25950.9,24524.6,23446.51,22838.58,22901.44,23654.39,24512.69,25071.46,24754.23,23974.6,23471.92,23378.06,24070.28,25377.61,27157.56,29248.83,31274.64,33347.02,34697.6,34632.06,33891.18,32995.85,30768.61,28449.37
2025/7/7,26328.3325,24576.47,23301.97,22305.49,21749.19,21984.33,22893.55,23682.36,24375.45,24128.43,23403.42,22772.54,22571.7,23136.77,24418.99,26155.61,28245.37,30280.47,32317.13,33725.03,33547.42,32903.93,31989.5,29854.93,27559.93
2025/7/6,23708.32292,25151.63,23756.92,22599.47,21818.15,21455.82,21263.22,20655.83,20139.86,19610.38,18752.02,18258.66,18101.62,18665.46,19988.74,21812.64,24108.11,26449.25,28932.72,30792.56,31191.68,30774.55,30085.62,28342.33,26292.51
2025/7/5,23340.48833,25313.87,23979.33,22810.01,22055.97,21768.39,21807.83,21561.81,21206.72,19861,18862.77,18057.25,17694.38,18097.05,19057.53,20713.24,22877.57,25016.42,27479.99,29496.87,29947.14,29711.89,29155.71,27664.64,25974.34
2025/7/4,23861.45042,25367.79,23769.69,22616.65,21896.17,21466.77,21327.27,21013.88,20749.4,21135.29,20538.29,19964.43,19687.18,20062.92,21040.15,22458.5,24230.28,26046.56,28034.64,29659.27,29724.05,29362.26,28630.36,27664.45,26228.56
2025/7/3,26395.4825,26025.52,24609.34,23487.78,22836.66,22940.16,23612.38,24393.75,25014.3,24360.5,23564.33,22935.9,22715.36,23103.53,24047.02,25623.75,27409.15,29320.1,31192.69,32707.79,32782.37,32267.71,31611.63,29590.46,27339.4
2025/7/2,26807.90833,26109.21,24625.2,23366.01,22704.63,22732.21,23372.52,24128.73,24772.74,24498.37,23760.96,23101.3,22976.49,23440.35,24702.34,26555.79,28546.37,30477.32,32467.56,33878.25,33855.39,33140.1,32286.29,30138.2,27753.47
2025/7/1,27266.53375,26306.08,24754.34,23542.57,22872.32,22886.15,23516.64,24226.85,24889.19,24867.64,24203.94,23634.07,23624.22,24264.85,25568.19,27421.7,29450.28,31361.67,33291.35,34501.36,34404.45,33610.68,32675.67,30467.9,28054.7
2025/6/30,27681.46417,25490.46,24075.48,22906.81,22347.26,22405.26,23177.55,24174.89,25087.62,25267.67,24902.43,24686.51,24899.98,25750.05,27182.33,28949.11,30879.47,32461.49,34042.09,34982.07,34855.63,34010.85,32979.23,30647.75,28193.15
2025/6/29,25270.33042,26088.91,24583.71,23223.99,22343.21,21804.1,21431.28,20880.62,20594.97,20531.34,20103.63,19961.66,20347.72,21340.93,22992.88,25126.57,27415.57,29354.27,31457.93,32894.96,33037.57,32445.98,31665.74,29611.57,27248.82
2025/6/28,25786.65083,26461.15,24952.79,23533.85,22651.15,22281.06,22118.87,21847.11,21779.63,21709.39,21285.62,21229.5,21499.21,22407.61,23848.69,25749.43,27797.26,29651.34,31505.68,32844.9,32838.81,32218.5,31475.13,29630.68,27562.26
2025/6/27,26551.3425,25611.59,24384.77,23220.06,22590.49,22654.51,23294.32,24020.07,24578.95,24319.29,23626.04,23100.02,23021.92,23567.6,24742.35,26511.11,28362.78,30245.62,31901.96,32933.52,32919.5,32418.61,31728.4,29811.07,27667.67
2025/6/26,25760.59958,24785.46,23560.23,22586.83,22021.66,22084.6,22850.54,23587.78,24156,23983.04,23184.01,22465.09,22253.77,22606.19,23634.96,25244.33,27056.48,28669.77,30557.52,31909.11,32177.79,31792.42,31080.89,29069.96,26935.96
2025/6/25,24551.7375,24014.9,22840.23,21857.42,21385.52,21521.01,22315.85,23110.61,23570.01,23074.06,21955.35,20877.91,20335.8,20448.95,21248,22728.6,24601.04,26609.5,28857.9,30574.74,31157.17,30986.41,30365.15,28454.59,26350.98
2025/6/24,23803.17375,23830.94,22648.42,21709.13,21183.4,21374.3,22207.04,23005.82,23495.01,23301.3,22236.79,20982.64,20166.86,19997.45,20402.01,21408.32,22938.33,24699.75,26792.27,28556.45,29329.13,29412.41,28969.89,27286.48,25342.03
2025/6/23,23499.11375,22448.18,21522.43,20735.61,20319.43,20635.46,21645.27,22601.54,23296.59,22661.68,21708.02,20661.62,20169.21,20199.95,20783.86,21758.74,23248.51,24754.02,26922.96,28632.01,29312.82,29288.84,28740.22,26914.79,25016.97
2025/6/22,20344.82292,22375.15,21321.07,20450.13,19866.37,19576.49,19496.96,19026.8,18482.21,17927.59,16820.31,15679.9,15037.74,14998.48,15476.01,16642.86,18251.81,20271.61,22967.81,25311.91,26458.84,26749.19,26560.19,25088.07,23438.25
2025/6/21,20930.1075,23719.68,22555.27,21449.28,20792.33,20594.4,20616.16,20294.8,19922.95,19981.86,18788.34,17525.14,16415.71,15866.03,15958.95,16778.72,18326.28,20063.88,22432.78,24466.08,25491.64,25896.61,26014.83,24861.93,23508.93
2025/6/20,25133.39208,25805.06,24437.53,23286.36,22703.58,22898.02,23497.01,24254.31,24901.25,24545,23473.86,22459.83,21893.53,21838.47,22469.2,23724.29,25135.72,26447.63,28087.96,29236.49,29661.89,29560.11,29170.84,27740.74,25972.73
2025/6/19,27374.21,26882.25,25412.78,24138.99,23401.16,23519.83,24177.41,24959.72,25632.51,25632.51,25063.33,24511.96,24389.78,24844.5,25947.05,27640.97,29264.42,30677.27,32165.14,33202.05,33273.16,32746.91,31976.13,29890.84,27630.37
2025/6/18,28213.01042,26427.35,25085.81,23976.08,23259.39,23360.38,24025.71,24907.04,25472.45,25365.8,24833.77,24578.41,24815.51,25664.43,27224.28,29315.96,31312.2,33233.33,34837.72,35656.66,35641.15,34689.43,33569.4,31163.7,28696.29
2025/6/17,27070.54417,25857.8,24485.42,23325.81,22711,22827.26,23625.03,24594.23,25117.22,24731.41,23980.16,23316.95,23359.7,24060.23,25367.23,27258.91,29191.58,31095.76,32874.62,33967.22,34016.58,33420.18,32456.55,30189.78,27862.43
2025/6/16,26619.65583,24721.49,23556.07,22506.3,21967.27,22248.37,23022.64,24109.5,24930.55,24946.91,24356.2,23831.76,23721,24201.96,25347.17,26942.43,28705.37,30268.94,31912.76,33050.93,33187.81,32694.51,31789.16,29560.63,27292.01
2025/6/15,23709.92208,24628.28,23368.49,22274.48,21533.51,21240.06,21001.58,20674.02,20385.49,20092.87,19346.64,18753.66,18464.3,19055.07,20291.04,22249.36,24375.07,26503.1,28758.93,30464.08,30932.42,30678.03,29968.77,28046.25,25952.63
2025/6/14,23731.475,25109.04,23885.82,22815.11,22103.88,21874.77,21937.79,21704.32,21476,21029.06,20131.94,19363.98,18811.73,19160.38,20141.14,21758.14,23723.26,25738.88,27661.11,29270.5,29762.06,29608.82,29094.1,27556.24,25837.33
2025/6/13,25649.25833,25222.12,23931.41,22944.51,22533.26,22757.53,23420.14,24332.14,24868.98,24332.24,23403.73,22597.18,22310.5,22645.89,23603.47,25042.38,26622.79,28074.76,29667.38,30692.78,30923.31,30652.21,30127.49,28401.2,26474.8
2025/6/12,26409.69167,25426.86,24296.48,23232.15,22729.64,22954.84,23599.91,24658.7,25308.66,24928.15,24153.03,23374.16,23036.49,23507.92,24608.49,26252.96,27899.89,29329.6,31000.46,31983.76,32239.31,31968.43,31209.23,29153.48,26980
2025/6/11,26816.27917,25723.47,24445.92,23415.22,22895,23028.96,23669.41,24641.33,25412.2,25302.63,24599.9,24034.22,23795.46,24274.81,25376.68,26977.59,28683.52,30026.11,31695.33,32625.22,32736.41,32367.12,31448.47,29306.73,27108.99
2025/6/10,27052.32208,25477.21,24179.17,23122.16,22542.84,22672.92,23405.6,24445.54,25272.48,25267.74,24791.81,24206.75,24179.76,24673.06,25854.86,27485.94,29191.06,30699.99,32480.66,33389.08,33544.52,33031.12,32052.72,29766.2,27522.54
2025/6/9,26427.14417,24121.86,22959.96,22112.13,21637.21,21927.48,22840.65,23789.65,24748.91,25063.84,24545.24,23944.42,23771.79,24213.03,25256.65,26850.1,28511.96,29930.15,31675.21,32825.17,33056.91,32511.48,31567.15,29296.68,27093.83
2025/6/8,23437.56,24547.94,23290.93,22207.62,21453.7,21156.98,21061.54,20651.94,20354.02,20190.7,19458.73,18794.6,18668.5,19105.11,20227.25,21896.44,23845.84,25779.05,27888.67,29590,30129.1,29936.37,29310.42,27471.18,25484.81
2025/6/7,23787.25583,24947.13,23749.63,22622,21928.16,21775.01,21790.46,21576.17,21525.1,21207.5,20438.09,19617.58,19291.86,19544.76,20418.63,22037.16,24001.43,25891.52,28013.86,29451.56,29803.15,29516.7,28898.84,27279.02,25568.82
2025/6/6,24787.30625,24540.01,23451.54,22525.02,22033.6,22153.95,22870.19,23578.41,24047.09,23761.74,22939.31,21951.18,21362.52,21450.62,22240.61,23455.75,25211.17,26715.25,28446.91,29586.59,29919.24,29847.13,29306.53,27652.99,25848
2025/6/5,24558.63542,24183.04,23209.36,22292.09,21887.91,22061.7,22882.3,23804.34,24318.53,23907.95,23072.71,21919.74,21125.37,21041.82,21693.37,22814.12,24400.88,26119.97,27866.91,29201.05,29691.86,29790.75,29267.49,27388.45,25465.54
2025/6/4,24404.41708,24063.44,23023.14,22131.38,21685.6,21888.38,22717.12,23654.79,24298.81,23917.92,23182.71,22285.63,21533.12,21326.52,21727.59,22664.13,23917.82,25586.88,27371.48,28691.43,29298.76,29493.38,28898.05,27097.09,25250.84
2025/6/3,24435.56125,23964.53,22909.72,22062.65,21623.99,21839.77,22667.51,23576.2,24148.42,23853.8,23085.51,22049.96,21249.96,21179.14,21795.92,22928.1,24571.46,26063.72,27720.69,28871.96,29473.74,29618.34,29006.67,27047.01,25144.7
2025/6/2,24189.35292,23594.15,22566.03,21789.24,21391.23,21617.16,22507.47,23582.15,24172.93,23695.21,22648.98,21765.89,21202.58,21219.68,21759.7,22643.06,24153.36,25621.8,27403.74,28632.86,29155.59,29189.98,28560.82,26747.4,24923.46
2025/6/1,23961.54792,26047.5,24676.97,23462.22,22734.11,22234.24,21975.54,21553.87,21378.4,21223.67,20813.56,20703.9,20667.96,20992.78,21732.17,22874.46,24155.06,25324.48,26879.49,28246.2,28769.07,28855.12,28325.18,26625.23,24825.97
2025/5/31,26522.15417,26680.32,25299.94,23972.04,23199.12,22819.6,22720.42,22473.68,22423.64,22339.97,22129.58,22188.67,22787.19,23862.73,25332.83,26961.43,28800.89,30427.44,32027.4,33102.01,33471.54,33080.08,32142.74,30206.88,28081.56
2025/5/30,26631.51667,25022.92,23897.42,22860.21,22320.54,22418.93,23094.39,24053.97,24737.25,23574.62,22785.64,22356.93,22612.48,23391.19,24868.29,26790.89,28834.29,30830.78,32489.74,33606.55,33766.59,33518.98,32597.65,30514.83,28211.32
2025/5/29,23984.60958,23418.07,22458.92,21503.77,20950.82,20973.12,21821.28,22439.83,22886.38,23201.12,22183.02,21021.66,20315.7,20342.66,20914.29,22015.54,23752.32,25611.92,27565.51,29143.54,29999.8,30130.85,29524.94,27689.88,25765.69
2025/5/28,23122.17917,23128.82,22150.27,21206.78,20750.59,20964.42,21850.48,22624.74,23190.89,22892.31,21763.3,20503.42,19704.61,19540.28,19925.88,21064.57,22518.66,24075.63,25777.89,27105.97,28008.5,28295.68,27700.98,25940.19,24247.44
2025/5/27,22597.585,22439.35,21673.1,20889.33,20545.22,20826.2,21687.91,22392.24,22810.21,22039.45,20684.4,19276.79,18498.23,18376.37,18819.82,19858.29,21433.97,23333.87,25224.78,27045.16,28075.71,28362.58,27820.01,26027.94,24201.11
2025/5/26,20545.50292,21574.09,20715.91,19960.55,19604.47,19613.71,19979.13,19823.36,19619.54,19252.95,18316.96,17149.02,16288.24,15910.46,16105.42,16929.97,18318.65,20223.63,22395.6,24469.05,25874.59,26613.21,26319.64,24835.87,23198.05
2025/5/25,19856.09583,22225.07,21319.54,20610.93,20112.86,19915.05,19927.75,19500.64,19000.98,18308.61,17225.78,15924.36,14873.84,14454.53,14531.67,15309.37,16743.22,18838.86,21310.9,23483.34,25030.75,25689.22,25405.68,24150.43,22652.92
2025/5/24,20931.77708,23563.71,22579.39,21594.52,20990.3,20827.39,21079.05,20815.7,20438.76,19948.92,18812.68,17476.26,16443.65,15903.42,15859.33,16598,17940.83,19977.46,22173.19,24176.87,25408.12,26028.62,25782.9,24678.7,23264.88
2025/5/23,23417.83042,24184.33,23175.3,22188.07,21692.25,21934.24,22726.81,23618.36,24024.5,23266.61,22047.17,20937.44,20192.1,19912.6,20202.58,20872.83,22028.28,23555.98,25236.56,26638.62,27542.71,27930.46,27488.38,26110.62,24521.13
2025/5/22,25141.16292,24843.77,23645.28,22617.31,22164.81,22278.06,23158.98,24084.45,24602.14,23882.66,22984.34,22228.22,22039.45,22267.65,22942.59,24276.19,25693.83,27309.56,28736.11,29945.33,30355.44,30351.79,29600.4,27684.5,25695.05
2025/5/21,25502.32333,24329.03,23224.55,22176.5,21664.66,21846.95,22779.23,23855.98,24382.11,23685.74,22746.67,22113.62,22151.88,22621.3,23621.54,25146.68,26810.53,28533.75,30253.17,31427.55,31867.45,31540.26,30549.2,28421.94,26305.47
2025/5/20,24548.5275,23529.5,22569.39,21700.78,21277.96,21491.79,22425.52,23482.77,23988.94,23132.35,22064.17,21230.71,20997.93,21250.21,22063.72,23347.4,24976.4,26754.72,28563.14,29893.69,30631.38,30579.45,29763.71,27755.08,25693.95
2025/5/19,23032.465,21813.53,21022.57,20330.77,20019.05,20387.55,21469.05,22579.22,23096.76,22385.14,21032.83,19976.55,19394.5,19403.57,19844.76,20767.21,22238.93,24108.81,26257.09,28047.18,29150.72,29284.59,28533.32,26742.33,24893.13
2025/5/18,19568.55083,22000.35,21184.27,20372.28,19896.49,19740.21,19810.18,19598.35,19198.7,18514.54,17434.72,16080.55,15018.35,14446.86,14369.44,14835.46,15995.6,17722.93,20100.48,22642.68,24284.86,25123.11,24966.39,23797.26,22511.16
2025/5/17,20408.95542,23010.51,22149,21223.19,20670.86,20481.96,20700.73,20560.9,20564.27,20193.34,19599.7,18501.47,17251.54,16193.17,15842.85,16194.08,17003.39,18349.38,20211.04,22244.35,23734.84,24569.76,24499,23631.54,22434.06
2025/5/16,22193.15875,22602.21,21829.77,21050.62,20662.06,20926.25,21874.85,22737.44,23262.51,22877.8,21667.77,20266.31,19144.69,18520.56,18672.47,19298.93,20476.22,21630.05,23198.2,24809.9,26037.66,26549.88,26174.02,24913.13,23452.51
2025/5/15,22138.72333,22282.81,21458.69,20749.73,20490.36,20793.83,21787.22,22902.19,23458.16,22630.29,21123.65,19639.41,18545.65,18042.38,18213.82,18970.7,20208.94,21773.67,23802.11,25497.03,26668.56,27117.54,26592.48,25093.72,23486.42
2025/5/14,21714.44833,22010.57,21330.62,20648.52,20396.22,20751.32,21868.22,23167.63,23574.82,22616.96,20922.48,19207.87,18056.01,17356.55,17444.7,18056.62,19158.31,20528.55,22706.36,24736.2,26029.6,26665.1,26146.64,24676.52,23090.37
2025/5/13,22219.28,22443.34,21723.25,21024.51,20771.94,21142.88,22198.88,23446.86,24292.62,23711.76,22665.14,21112.91,19747.25,18741.52,18421.45,18741.4,19308.67,20569.01,22388.93,24370.76,25812.69,26525.32,26159.54,24771.23,23170.86
2025/5/12,22501.01292,22348.6,21529.57,20782.34,20356.53,20691.09,21720.56,22859.54,23609.06,23522.34,22751.3,21672.27,20540.66,19807.22,19715.77,19976.41,20689.07,21902.63,23577.61,25296.86,26320.82,26633.07,26106.83,24597.58,23016.58
2025/5/11,22434.89125,24313.87,23026.41,21938.46,21222.98,20974.19,20953.34,20736.38,20461.52,20007.82,19180.85,18588.23,18357.79,18424.23,19058.35,20364.61,21855.55,23394.69,25512.29,27220.55,28034.55,28063.26,27301.42,25630.36,23815.69
2025/5/10,24468.99958,24984.49,23736.24,22570.68,21887.63,21666.76,21809.48,21905.53,21765.74,21144.4,20498.41,20232.44,20444.78,20997.02,22157.13,23785.57,25652.24,27589.3,29483.03,30642.57,30830.81,30500.33,29480.4,27651.8,25839.21
2025/5/9,24958.69542,23679.8,22697.28,21815.04,21350.66,21529.24,22605.15,23777.96,24299.24,23409.08,22451.72,21556.4,21420.56,21648.51,22710.72,24348.03,26229.68,28094.03,29783.28,30742.71,30846.34,30640.95,29670.95,27794.21,25907.15
2025/5/8,23067.37333,22407.08,21635.07,20954.96,20563.51,20822.61,21998.17,23244.54,23634.31,22623.73,21135.63,19864.05,19005.38,18978.31,19534.2,20665.66,22305.82,24339.31,26301.19,27810.17,28518.84,28726.33,27952.07,26199.34,24396.68
2025/5/7,22144.10042,22308.85,21471.37,20770.49,20502.76,20794.76,21748.59,23075.19,23587.87,22978.89,21651.67,20128.27,18975.91,18277.68,18250.69,18823.9,19810.34,21348.38,23367.07,25187.12,26533.78,27062.83,26408.37,24970.45,23423.18
2025/5/6,22493.6,22548.12,21643.28,20905.46,20679.64,20882.85,21924.47,23222.48,23824.51,23293.74,22159.59,20913.38,19951.11,19238.54,19205.31,19609.38,20535.81,21782.49,23582.49,25335.4,26512.2,27072.17,26509.1,25005.73,23509.15
2025/5/5,22329.27792,21333.64,20737.79,20230.71,20020.29,20385.21,21623.32,23138.55,24086.8,23702.7,22548.48,21391.85,20346.3,19509.88,19226.92,19421.95,20091.31,21395.22,23083.15,24964.82,26364.95,27074.48,26573.26,25132.59,23518.5
2025/5/4,19892.81375,21750.06,21061.24,20270.74,20028.04,19980.12,20148.1,20279.62,20169.94,19247.12,18260.55,17124.17,16295.17,15755.18,15549.11,15881.22,16699.57,17914.38,20124.47,22130.18,23827.56,24780.24,24525.17,23422.3,22203.28
2025/5/3,20179.15,22340.05,21495.74,20670.8,20172.08,20049.79,20363.69,20400.29,20310.46,20414.24,19531.8,18476.83,17268.77,16448.47,16102.18,16204.04,16926.86,18175.59,20030.42,22111.02,23454.92,24295.41,24072.03,23032.43,21951.69
2025/5/2,21900.62208,22316.56,21498.08,20795.13,20454.78,20748.31,21768.35,22989.87,23546.78,22883.78,21608.58,20157.75,18951.45,18194.14,18088.81,18386.85,19397.65,20991.77,22876.43,24611.5,25821.68,26259.65,25783.53,24445.83,23037.67
2025/5/1,22122.62583,22152.93,21242.02,20604.82,20288.17,20633.83,21768.66,23197.69,23766.74,22975.15,21531.81,20112.42,18896.58,18329.59,18470.92,18977.34,20037.67,21763.07,23472.8,25359.1,26671.39,27000.84,26149.95,24533.84,23005.69
2025/4/30,22140.32875,22100.55,21209.96,20500.88,20220.8,20487.17,21681.03,23043.88,23647.79,22832.71,21544.45,20233.03,19012.17,18491.15,18518.24,19088.3,20120.02,21557.85,23609.18,25545.22,26658.01,27107.85,26301.51,24705.58,23150.56
2025/4/29,21625.59625,21568.02,20884.68,20209.08,19998.68,20404.38,21625.61,23091.49,23597.09,22514.41,20861.85,19232.67,18177.28,17565.09,17515.5,17934.32,19042.53,20883.05,22869.44,24883.58,26177.65,26716.33,25936.66,24387.97,22936.95
2025/4/28,21511.49208,21216.52,20643.87,20091.33,20050.78,20565.33,21962.88,23529.72,24228.96,23053.44,21462.71,19754.43,18656.99,17853.92,17503.48,17597.93,18192.3,19434.22,21727.07,24043.35,25710.92,26276.51,25652.22,24225.05,22841.88
2025/4/27,20005.46917,21873.5,21124.6,20365.39,19994.46,19919.14,20170.6,20339.83,20198.37,19689.97,18855.79,17892.64,16954.56,16375.04,15963.62,16166.37,16728.71,17772.42,19720.44,21974.78,23884.31,24654.88,24281.12,23251.93,21978.79
2025/4/26,20607.35,22381.39,21580.83,20815.52,20390.26,20418.66,20829.7,21165.67,21203.74,20647.72,19888.94,18988.91,18243.61,17557.15,17150.63,17002.35,17447.79,18466.32,20107.85,21945.4,23693.07,24551.21,24273.14,23434.1,22392.44
2025/4/25,21405.56542,21974.68,21290.75,20570.41,20292.65,20627.12,21749.54,23190.94,23746.4,23053.77,21791.31,20348.17,19124.29,18178.45,17710.79,17631.44,18120.33,19158.63,20949.34,22904.16,24513.12,25253.99,24952.02,23916.96,22684.31
2025/4/24,21354.04542,21871.93,21145.13,20438.9,20172.29,20525.41,21719.82,23225.36,23792.22,22901.74,21383.09,19625.06,18254.58,17380.46,16940.52,17157.3,17946.64,19512.22,21679.7,23636.49,25256.53,25913.79,25361.35,24022.95,22633.61
2025/4/23,21166.89875,21567.95,20820.68,20121.22,19890.39,20208.84,21331.98,22825.65,23389.81,22491.41,20856.54,19161.64,17833.42,16997.84,16826.33,17076.99,17922.33,19388.49,21748.33,24071.26,25652.56,26049.98,25358.94,23909.57,22503.42
2025/4/22,21512.85833,21413.71,20671.8,20042.84,19818.43,20183.05,21300.98,22756.58,23396.79,22376.48,20801.98,19320.16,18248.49,17774.41,17810.16,18266.37,19140.29,20579.41,22774.9,24938,26219.27,26456.19,25614.13,24004.72,22399.46
2025/4/21,21108.66417,20252.2,19697.44,19158.69,18946.64,19335.68,20582.82,22105.18,22744.55,21803.83,20195.99,18849.18,17897.79,17492.77,17506.83,18026.31,19017.38,20540.6,22728.7,25063.52,26272.93,26473.6,25612.4,23939.09,22363.82
2025/4/20,18456.72208,20456.47,19677.75,19071.99,18796.49,18725.12,19057.98,19206.75,18731.98,17323.72,16016.04,14694.52,13685.87,13157.14,13302.54,13913.3,15131.75,16756.27,19303.46,21839.04,23318.33,23955.28,23457.52,22309.06,21072.96
2025/4/19,18699.76208,21334.52,20501.34,19754.28,19285.08,19273.78,19675.71,20009.86,19672.8,18669.89,16943.21,15310.49,14056.09,13095.11,13033.87,13520.84,14635.94,16259.26,18765.53,21469.48,23161.45,23700.26,23253.52,22271.32,21140.66
2025/4/18,21203.64208,21656.61,20837.71,20169.94,19855.54,20112.4,21075.96,22284.81,22916.37,22797.19,21674.47,20008.62,18858.49,18049.89,17563.86,17565.85,18129.04,19462.11,21525.26,23568.57,24879.43,25207.65,24761.26,23645.39,22280.99
2025/4/17,22157.65375,21930.06,21240.29,20584.66,20321.99,20673.96,21866.27,23581.3,24563.44,24163.54,23331.95,22091.34,20951.03,20030.48,19436.97,19153.67,19372.77,20030.06,21656.12,23664.12,25391.01,25852.79,25335.58,24003.3,22556.99
2025/4/16,21773.24458,21920.73,21116.01,20392.39,20094.19,20445.65,21632.25,23263.06,23996.38,23542.21,22340.88,20897.2,19684.38,18795.77,18317.71,18332.51,18798.83,19993.52,21755.52,23858.9,25498.02,25950.38,25374.26,23985.3,22571.82
2025/4/15,22045.09708,21871.34,20951.13,20194.17,19886.25,20198.72,21408.3,23087.98,23908.21,23345.18,22051.15,20646.97,19539.95,18931.84,18806.68,19109.15,19956.41,21360.31,23215.85,25073.52,26375.81,26532.21,25758.53,24217.03,22655.64
2025/4/14,21858.74,20804.73,19995.93,19417.38,19178.42,19659.92,20860.28,22490.41,23271.23,22054.92,20608.02,19496.43,18785.38,18547.71,18827.83,19400.02,20643.28,21958.51,24015.01,26104.86,27263.3,27264.93,26325.53,24676.47,22959.26
2025/4/13,18678.40333,20948.4,20037.9,19329.41,18884.73,18678.54,18846.1,19078.3,18710.9,16985.99,15336.98,14004.1,13115.52,12766.34,13181.04,13981.33,15546.41,17619.2,20397.84,23098.44,24477.79,24807.16,24151.92,22841.08,21456.26
2025/4/12,19873.36125,22225.12,21230.68,20253.71,19551.51,19335.94,19548.37,19719.08,19460.82,19185.14,17725.54,16386.43,15558.52,15001.44,15090.05,15892.7,17365.22,19106.82,21391.79,23501.49,24745.49,24992.57,24469.17,23263.25,21959.82
2025/4/11,22535.03792,22278.71,21356.61,20461.24,20089.49,20327.44,21326.46,22737.72,23332.29,22569.8,21308.02,20133.18,19448.63,19226.52,19762.81,20798.23,22264.34,23697.36,25476.09,26471.37,27196.54,26978.25,26115.69,24533.45,22950.67
2025/4/10,22526.18583,21999.91,21022.13,20210.86,19885.56,20143.74,21207.63,22775.33,23308.77,22490.73,20953.73,19643.48,19003.87,18853.37,19467.99,20526.19,22114.83,23764.89,25753.37,27112.78,27957.87,27709.41,26707.52,24872.66,23141.84
2025/4/9,21927.59708,21442.42,20586.39,19839.45,19531.14,19970.32,21240.42,22836.01,23422.21,22448.25,20643.04,19059.81,18180.29,17766.16,18105.18,19004.63,20572.35,22304.01,24551.47,26359.63,27358.55,27243.71,26309.71,24578.33,22908.85
2025/4/8,21217.35875,21167.21,20386.37,19770.39,19568.91,19969.56,21172.8,22896.71,23618.02,22640.04,20911.35,19175.24,17929.7,17223.09,17094.25,17574.85,18596.16,19999.17,22256.7,24320.87,25820.79,25955.64,25213.93,23702.07,22252.79
2025/4/7,21246.78458,20141.9,19537.31,19021.91,18826.01,19337.54,20573.69,22344.3,23273.78,22826.06,21703.67,20485.67,19411.35,18657.78,18397.23,18560.78,19162.81,20293.1,22109.29,23975.7,25503.84,25662.97,24864.03,23357.51,21894.6
2025/4/6,18216.40667,20476.61,19740.58,19024.26,18707.37,18641.6,18936.06,19383.44,19080.58,17084.53,15252.96,13612.57,12748.94,12373.58,12591.5,13403.05,14769.75,16600.88,19280.31,21693.44,23469.29,23909.53,23373.67,22148.07,20891.19
2025/4/5,18499.11583,21152.72,20427.44,19681.01,19289.35,19251.53,19655.82,20185.5,19900.99,19442.23,17333.21,15350.52,13929.46,12946.55,12745.9,12995.02,14014.59,15645.85,18105.72,20833.19,22706.24,23141.65,22712.1,21759.72,20772.47
2025/4/4,20488.3825,21549.31,20919.45,20300.81,20086.21,20602.96,21880.97,23750.4,24402.82,22800.83,20404.81,18337.18,16970.73,15933.79,15495.87,15474.45,16038.98,17293.08,19459.61,22130.39,24161.43,24581.49,24180.78,23105.69,21859.14
2025/4/3,21068.87542,21202.72,20421.41,19886.52,19716.44,20235.79,21714.23,24077.66,24952.31,23808.8,21710.62,19616.7,18072.51,17019.66,16605,16633.18,17152.07,18383.67,20485.47,22939.86,25027.9,25429.73,24872.38,23549.13,22139.25
2025/4/2,21232.38375,21511.53,20839.32,20234.93,20129.85,20642.92,22018.86,24181.58,25073.5,23772.22,21693.35,19743.9,18209.2,17131.51,16559.09,16603.81,16966.67,18438.62,20606.82,23220.11,25254.05,25656.53,25057.06,23716.67,22315.11
2025/4/1,21672.4,21045.26,20384.04,19788.86,19614.95,20109.67,21390.07,23438.06,24587.8,24110.51,22917.72,21436.88,20196.3,19218.89,18553.84,18402.88,18652.27,19767.82,21493.72,23457.05,25229.96,25576.35,24994.65,23582.22,22187.83
