node,target_date,hour,split,expected_return,prob_positive,prob_negative,confidence,uncertainty,actual_return,actual_direction
CONTROLX_1_N001,2026-06-02,1,test,-42.724774191275735,0.34985094288307744,0.6501490571169226,0.3235276849901819,0.8370345999868002,-54.828399999999995,-1
CONTROLX_1_N001,2026-06-02,2,test,-40.069346735373635,0.3803676779730651,0.6196323220269349,0.27455156351638366,0.8380535698940894,-70.3843,-1
CONTROLX_1_N001,2026-06-02,3,test,-42.77028646116345,0.3847521654328533,0.6152478345671467,0.26356666995652855,0.7991341838429467,-56.186400000000006,-1
CONTROLX_1_N001,2026-06-02,4,test,-41.655534804282304,0.36487465601869695,0.635125343981303,0.2872051950839051,0.7907883138714741,-60.6224,-1
CONTROLX_1_N001,2026-06-02,5,test,-39.70754437972479,0.3947170304580479,0.6052829695419522,0.24823027037683396,0.7801672566739655,-57.9568,-1
CONTROLX_1_N001,2026-06-02,6,test,-42.29110518077949,0.3733354842408803,0.6266645157591197,0.27746775633739384,0.7780222848254503,-57.8547,-1
CONTROLX_1_N001,2026-06-02,7,test,-43.28039862888178,0.358363378648228,0.641636621351772,0.2990888253130337,0.820708034024092,-49.0829,-1
CONTROLX_1_N001,2026-06-02,8,test,-44.70106647180817,0.3620917678506539,0.6379082321493461,0.2968948335187883,0.8436693769239959,-37.6297,-1
CONTROLX_1_N001,2026-06-02,9,test,-42.83475903930183,0.3445745282931778,0.6554254717068222,0.2965337965187712,0.8059393816817046,-44.2523,-1
CONTROLX_1_N001,2026-06-02,10,test,-37.74050290084293,0.34153705523287115,0.6584629447671289,0.3159199673562194,0.8330872324002424,-33.598,-1
CONTROLX_1_N001,2026-06-02,11,test,-35.90221286167876,0.33698782477955114,0.6630121752204489,0.29538727648069296,0.746800881041987,-26.062,-1
CONTROLX_1_N001,2026-06-02,12,test,-34.96310319501763,0.3217354079045286,0.6782645920954714,0.3105711588098239,0.7424034691118989,-26.0169,-1
CONTROLX_1_N001,2026-06-02,13,test,-34.196882208597195,0.3180865011803218,0.6819134988196782,0.31079522951773786,0.7523727089878784,-35.5642,-1
CONTROLX_1_N001,2026-06-02,14,test,-34.60698195443874,0.3561687451154549,0.6438312548845451,0.2596864336019168,0.7184978664842826,-28.8934,-1
CONTROLX_1_N001,2026-06-02,15,test,-36.656823091170864,0.3630584760081117,0.6369415239918883,0.26297985311678146,0.7283353031642936,-25.9779,-1
CONTROLX_1_N001,2026-06-02,16,test,-36.656823091170864,0.3560083722833599,0.6439916277166401,0.28658505020166014,0.7692280524929632,-31.3748,-1
CONTROLX_1_N001,2026-06-02,17,test,-38.876708974398426,0.36975508907525645,0.6302449109247436,0.2785730107929414,0.7695127081046736,-30.047600000000003,-1
CONTROLX_1_N001,2026-06-02,18,test,-39.028521568136966,0.3680101593336727,0.6319898406663274,0.300649139741234,0.8453371716153221,-32.0407,-1
CONTROLX_1_N001,2026-06-02,19,test,-31.543224562606575,0.3915166429898756,0.6084833570101245,0.2437080675774263,0.7954818673082994,-35.6994,-1
CONTROLX_1_N001,2026-06-02,20,test,-38.88044481726807,0.3744673023697739,0.6255326976302261,0.2917260356577278,0.8744483855202286,-34.8208,-1
CONTROLX_1_N001,2026-06-02,21,test,-43.161440878194135,0.3531124272068796,0.6468875727931205,0.33252837629047394,0.9392637759983895,-37.591,-1
CONTROLX_1_N001,2026-06-02,22,test,-43.009628284455594,0.3737372393423186,0.6262627606576814,0.31256892029807515,0.9306435566802436,-45.899,-1
CONTROLX_1_N001,2026-06-02,23,test,-40.47925513420538,0.3780245229450838,0.6219754770549162,0.28149213782979476,0.7614450462320004,-47.822,-1
CONTROLX_1_N001,2026-06-02,24,test,-42.45400384684955,0.34281854093479247,0.6571814590652075,0.3042911387974789,0.7424820611693397,-47.9119,-1
CONTROLX_1_N001,2026-06-03,1,test,-34.650970474263005,0.36531675955402465,0.6346832404459753,0.23342947692373656,0.9233748677260564,-35.5944,-1
CONTROLX_1_N001,2026-06-03,2,test,-32.27457274611887,0.35601931604833875,0.6439806839516613,0.24151649725566296,0.8524117344466736,-22.8974,-1
CONTROLX_1_N001,2026-06-03,3,test,-33.122341143225846,0.35832708089884185,0.6416729191011581,0.22772950530091318,0.9861314100621275,-19.8953,-1
CONTROLX_1_N001,2026-06-03,4,test,-34.37165369294927,0.3682642954978471,0.6317357045021529,0.22280941895725248,0.9904722869318391,-17.764,-1
CONTROLX_1_N001,2026-06-03,5,test,-34.46788818651159,0.36785426938466737,0.6321457306153326,0.22315232264395946,0.9942207557460632,-27.7832,-1
CONTROLX_1_N001,2026-06-03,6,test,-33.760451155167004,0.3780168594774915,0.6219831405225085,0.2107731321363247,0.9809119326269643,-34.5933,-1
CONTROLX_1_N001,2026-06-03,7,test,-34.7497446032693,0.36899446956015086,0.6310055304398492,0.2240524995524531,0.9773943019216697,-26.3587,-1
CONTROLX_1_N001,2026-06-03,8,test,-34.7497446032693,0.35077826269931806,0.6492217373006819,0.24719558423529253,0.8942067613946818,-22.9847,-1
CONTROLX_1_N001,2026-06-03,9,test,-33.94268250684023,0.3749643826931582,0.6250356173068419,0.21716287157302652,0.9397613121512824,-16.588800000000003,-1
CONTROLX_1_N001,2026-06-03,10,test,-32.92452166720981,0.3436112968198398,0.6563887031801602,0.23780442674041022,0.9283169954013587,-35.3274,-1
CONTROLX_1_N001,2026-06-03,11,test,-31.700640020727533,0.34749573412892654,0.6525042658710735,0.24146115456506223,0.9525745505581601,-32.1395,-1
CONTROLX_1_N001,2026-06-03,12,test,-29.995309367645973,0.32747812519709457,0.6725218748029054,0.26400066687160567,0.8700645931007154,-25.083399999999997,-1
CONTROLX_1_N001,2026-06-03,13,test,-29.995309367645973,0.3242247360356376,0.6757752639643624,0.266925659507797,0.8672466338567104,-26.487899999999996,-1
CONTROLX_1_N001,2026-06-03,14,test,-29.152890708864454,0.3535281302440816,0.6464718697559184,0.22993874693757407,0.9456689109492178,-25.4394,-1
CONTROLX_1_N001,2026-06-03,15,test,-31.031973898108447,0.3696079076649011,0.630392092335099,0.219016282067036,0.7586248610081345,-22.0275,-1
CONTROLX_1_N001,2026-06-03,16,test,-30.347764235799747,0.3607162041671096,0.6392837958328904,0.21528518823739984,0.8980759755906529,-23.7344,-1
CONTROLX_1_N001,2026-06-03,17,test,-30.022917667588413,0.3859449274714612,0.6140550725285387,0.1987822619355044,0.7729926946047536,-17.1544,-1
CONTROLX_1_N001,2026-06-03,18,test,-21.591809695186065,0.3743897794432156,0.6256102205567844,0.19425789862020165,0.8057004033648036,-7.0634,-1
CONTROLX_1_N001,2026-06-03,19,test,-20.259208486121345,0.39255815288514906,0.6074418471148509,0.16777120907459514,0.7963994905040248,-13.5736,-1
CONTROLX_1_N001,2026-06-03,20,test,-21.496215008096772,0.37679194848337705,0.623208051516623,0.20466142503785228,0.9884874020394052,-13.328,-1
CONTROLX_1_N001,2026-06-03,21,test,-22.36852429507035,0.36519207033272627,0.6348079296672737,0.2275335750370006,0.9074379769415261,-30.535,-1
CONTROLX_1_N001,2026-06-03,22,test,-24.628767485021417,0.3764892570088818,0.6235107429911182,0.2147514874641338,0.9652227701694216,-29.5711,-1
CONTROLX_1_N001,2026-06-03,23,test,-19.047935702151836,0.3925416815236782,0.6074583184763218,0.18637776437536663,0.9053022516244361,-25.865499999999997,-1
CONTROLX_1_N001,2026-06-03,24,test,-33.71352947648851,0.36046446693963174,0.6395355330603683,0.2606090580981177,0.9169405733823097,239.0323,1
CONTROLX_1_N001,2026-06-04,1,test,-31.542016015458447,0.35906973241741663,0.6409302675825834,0.24101345668239899,0.8342338618545448,-29.099800000000002,-1
CONTROLX_1_N001,2026-06-04,2,test,-32.97482896149285,0.35193396957634004,0.64806603042366,0.26248025331484703,0.6776056486629467,-34.2692,-1
CONTROLX_1_N001,2026-06-04,3,test,-31.898269610641893,0.3561512786742385,0.6438487213257615,0.25374014367058495,0.7435976370148307,-30.6045,-1
CONTROLX_1_N001,2026-06-04,4,test,-31.898269610641893,0.36622490253615786,0.6337750974638421,0.24173810584253347,0.7612516154672687,-35.6976,-1
CONTROLX_1_N001,2026-06-04,5,test,-32.60570664198648,0.3637098175348594,0.6362901824651406,0.24615013769948813,0.759433244800928,-45.099000000000004,-1
CONTROLX_1_N001,2026-06-04,6,test,-22.23314039154506,0.36568036590547526,0.6343196340945247,0.21593097230024355,0.7599458220939025,-23.3642,-1
CONTROLX_1_N001,2026-06-04,7,test,-21.693804508610203,0.3637098175348594,0.6362901824651406,0.22211113572528754,0.6875325826605385,-22.602,-1
CONTROLX_1_N001,2026-06-04,8,test,-31.64079014446475,0.3601298584504047,0.6398701415495953,0.2548959336975407,0.6846206265673613,-17.4311,-1
CONTROLX_1_N001,2026-06-04,9,test,-31.115584464793386,0.37062364509906404,0.6293763549009359,0.24650856883172229,0.6545669005326262,-16.3983,-1
CONTROLX_1_N001,2026-06-04,10,test,-23.22272098945748,0.3420028541272872,0.6579971458727127,0.2426421916004663,0.7514928709387279,-13.0214,-1
CONTROLX_1_N001,2026-06-04,11,test,-21.998839342975206,0.3479654869182601,0.6520345130817399,0.2427172774976219,0.6558727383806855,-13.4909,-1
CONTROLX_1_N001,2026-06-04,12,test,-22.010874698873817,0.34557228786006167,0.6544277121399383,0.24618726174128727,0.6542061304667486,-12.7135,-1
CONTROLX_1_N001,2026-06-04,13,test,-21.478852987485798,0.322366461233558,0.6776335387664421,0.26367819522753994,0.6437534653637368,-12.3563,-1
CONTROLX_1_N001,2026-06-04,14,test,-21.37794760318749,0.3491845101916698,0.6508154898083303,0.22335878730677033,0.8292200160071485,-9.827,-1
CONTROLX_1_N001,2026-06-04,15,test,-20.69373794087879,0.37020047906213566,0.6297995209378644,0.20183025720889886,0.8493744752591436,-8.8617,-1
CONTROLX_1_N001,2026-06-04,16,test,-20.69373794087879,0.3609990094643275,0.6390009905356725,0.21098379634597525,0.8489133837896721,-7.450699999999999,-1
CONTROLX_1_N001,2026-06-04,17,test,-17.57537990369149,0.37729822654717204,0.622701773452828,0.18503674132269482,0.8472230801687363,-10.6805,-1
CONTROLX_1_N001,2026-06-04,18,test,-21.241200659641034,0.37021481772515547,0.6297851822748446,0.215388396067422,0.9910504335023586,-8.9496,-1
CONTROLX_1_N001,2026-06-04,19,test,-19.747244454106575,0.3869508661663771,0.6130491338336229,0.19222446485352032,0.948798233553488,-16.1649,-1
CONTROLX_1_N001,2026-06-04,20,test,-19.392004384355545,0.3726061535906397,0.6273938464093602,0.23389780387063985,0.6998320421687085,-26.7746,-1
CONTROLX_1_N001,2026-06-04,21,test,-20.264313671329123,0.3610604808381656,0.6389395191618343,0.24383462474199347,0.6791427587772297,-27.7857,-1
CONTROLX_1_N001,2026-06-04,22,test,-19.392004384355545,0.3749876962588223,0.6250123037411777,0.20746305763346104,0.6513477180954527,-29.143700000000003,-1
CONTROLX_1_N001,2026-06-04,23,test,-16.913439790770575,0.3821750528776097,0.6178249471223902,0.1927077426731556,0.6939767970822874,151.6063,1
CONTROLX_1_N001,2026-06-04,24,test,-23.65401173019261,0.3517277615317449,0.6482722384682551,0.25770971742533777,0.7177446826634882,220.05980000000002,1
CONTROLX_1_N001,2026-06-05,1,test,-26.371916139332527,0.37013760321841244,0.6298623967815875,0.25285879814839507,0.794526354759708,126.28569999999999,1
CONTROLX_1_N001,2026-06-05,2,test,-24.990727859772687,0.3627082903894336,0.6372917096105664,0.2831643182963079,0.9740299099614657,62.942099999999996,1
CONTROLX_1_N001,2026-06-05,3,test,-22.640964869306416,0.36917488073296684,0.6308251192670331,0.24240067034795781,0.8228279359147674,3.6357999999999997,1
CONTROLX_1_N001,2026-06-05,4,test,-22.629878796974886,0.36969314193827607,0.6303068580617239,0.24316647905237593,0.8295220929275594,3.7981,1
CONTROLX_1_N001,2026-06-05,5,test,-24.447733763453126,0.3669878675616726,0.6330121324383273,0.2527682637580405,0.8295048228050195,9.397200000000002,1
CONTROLX_1_N001,2026-06-05,6,test,-27.056125801641226,0.36619608815915144,0.6338039118408485,0.2596734658071558,0.7904962852160358,527.3707,1
CONTROLX_1_N001,2026-06-05,7,test,-24.257282257018336,0.37119733474061634,0.6288026652593837,0.28377695657551827,0.8833704890900155,195.0498,1
CONTROLX_1_N001,2026-06-05,8,test,-24.257282257018336,0.3675862527840695,0.6324137472159306,0.27589609550625416,0.9698730697476069,587.4976,1
CONTROLX_1_N001,2026-06-05,9,test,-23.485286972993435,0.37712385967383694,0.6228761403261631,0.2706447268199002,0.8907218017019141,-11.1274,-1
CONTROLX_1_N001,2026-06-05,10,test,-14.33218951373767,0.33913018652387245,0.6608698134761275,0.23662777262036783,0.8034445284363715,-15.119,-1
CONTROLX_1_N001,2026-06-05,11,test,-13.922393258343963,0.337190967030288,0.662809032969712,0.26593486623910173,0.891658619945043,-0.8603999999999985,-1
CONTROLX_1_N001,2026-06-05,12,test,-12.536183804450229,0.3438859654819854,0.6561140345180145,0.22712311424502957,0.8239176980352766,-11.8833,-1
CONTROLX_1_N001,2026-06-05,13,test,-20.55804721273529,0.33832793579819775,0.6616720642018022,0.2958919329853258,0.8873459969340022,-11.325800000000001,-1
CONTROLX_1_N001,2026-06-05,14,test,-18.60546632079773,0.3629729384746785,0.6370270615253215,0.22849923373316838,0.786933717018421,-8.647499999999999,-1
CONTROLX_1_N001,2026-06-05,15,test,-13.039474799207142,0.36069741296041463,0.6393025870395854,0.2083420027477259,0.7450378628192922,357.1865,1
CONTROLX_1_N001,2026-06-05,16,test,-12.220966960028381,0.3778953316824098,0.6221046683175901,0.18047985059474705,0.7177157220383825,138.73649999999998,1
CONTROLX_1_N001,2026-06-05,17,test,-10.869774587360254,0.4032789315630056,0.5967210684369944,0.15397701479550707,0.7765069756248213,-1.185999999999999,-1
CONTROLX_1_N001,2026-06-05,18,test,-10.869774587360254,0.39089967104660245,0.6091003289533976,0.1607155111158868,0.7306723231963064,-2.435500000000001,-1
CONTROLX_1_N001,2026-06-05,19,test,-11.149306958439695,0.40274102635789044,0.5972589736421096,0.1518937711475126,0.7304331511266016,-17.8108,-1
CONTROLX_1_N001,2026-06-05,20,test,-11.788500449083786,0.38956052482117637,0.6104394751788236,0.20137186639293256,0.920723230253688,-23.357999999999997,-1
CONTROLX_1_N001,2026-06-05,21,test,-12.20496470249284,0.37902945296682045,0.6209705470331796,0.21497583203879342,0.8666619127070077,-34.2564,-1
CONTROLX_1_N001,2026-06-05,22,test,-14.500877791277542,0.37902945296682045,0.6209705470331796,0.2288233363458353,0.8619176816646197,-31.319499999999998,-1
CONTROLX_1_N001,2026-06-05,23,test,-9.534088713495864,0.38470728586613273,0.6152927141338673,0.1934742462357425,0.9945509305669679,-33.5661,-1
CONTROLX_1_N001,2026-06-05,24,test,-15.081276982296226,0.37306192362304036,0.6269380763769596,0.2282514494841339,0.9258373300441181,-37.2453,-1
CONTROLX_1_N001,2026-06-06,1,test,-15.777663753516114,0.38095146703213273,0.6190485329678672,0.19394368853179367,0.7155334006807624,-53.606300000000005,-1
CONTROLX_1_N001,2026-06-06,2,test,-15.777663753516114,0.3739618900337043,0.6260381099662957,0.23100053281427022,0.9388346293495007,-61.271,-1
CONTROLX_1_N001,2026-06-06,3,test,-15.211533334473996,0.3694920367395347,0.6305079632604653,0.20551178971600656,0.7234652956142475,-60.149300000000004,-1
CONTROLX_1_N001,2026-06-06,4,test,-15.495807336758402,0.36782805538869934,0.6321719446113007,0.20767154749513875,0.7312918804806282,-60.7741,-1
CONTROLX_1_N001,2026-06-06,5,test,-16.203244368102983,0.3694920367395347,0.6305079632604653,0.2060471580794263,0.7188641635104307,-59.5284,-1
CONTROLX_1_N001,2026-06-06,6,test,-14.929676917716284,0.3714084855944871,0.628591514405513,0.20062059429119936,0.7144397563656537,-58.0187,-1
CONTROLX_1_N001,2026-06-06,7,test,-16.203244368102983,0.37387698799425356,0.6261230120057464,0.22289805516260303,0.8556648179859203,-47.0275,-1
CONTROLX_1_N001,2026-06-06,8,test,-16.203244368102983,0.3726755780538914,0.6273244219461086,0.23640005929161068,0.9868279645002651,-43.749399999999994,-1
CONTROLX_1_N001,2026-06-06,9,test,-18.111732875333075,0.37982045348945537,0.6201795465105446,0.22405855725771917,0.8987961785686069,-31.081799999999998,-1
CONTROLX_1_N001,2026-06-06,10,test,-16.376055531718336,0.35272089319406835,0.6472791068059316,0.21921568105057262,0.690351790305421,-30.401799999999998,-1
CONTROLX_1_N001,2026-06-06,11,test,-17.897577954151487,0.35004282638613576,0.6499571736138643,0.2660965610932892,0.9102576582942138,-34.048,-1
CONTROLX_1_N001,2026-06-06,12,test,-17.897577954151487,0.3420955414182237,0.6579044585817764,0.23799904005673922,0.698464204329503,-26.603399999999997,-1
CONTROLX_1_N001,2026-06-06,13,test,-17.897577954151487,0.3420955414182237,0.6579044585817764,0.2960081435882952,0.878604007777389,-25.613100000000003,-1
CONTROLX_1_N001,2026-06-06,14,test,-17.190140922806908,0.35316881602625694,0.6468311839737431,0.22777427644730175,0.7148757105718629,-26.422199999999997,-1
CONTROLX_1_N001,2026-06-06,15,test,-15.373340240873263,0.36069741296041463,0.6393025870395854,0.2131170482358088,0.6838179479848586,-24.4007,-1
CONTROLX_1_N001,2026-06-06,16,test,-16.20164321554451,0.36490779259175105,0.635092207408249,0.21097153172546634,0.6896099862533417,-24.2422,-1
CONTROLX_1_N001,2026-06-06,17,test,-15.81673370430824,0.3849350120584159,0.6150649879415842,0.19000136175336824,0.7102676888842653,-25.740299999999998,-1
CONTROLX_1_N001,2026-06-06,18,test,-14.479229069291742,0.37394943295423855,0.6260505670457615,0.18317429115694897,0.6515132569705351,-30.6288,-1
CONTROLX_1_N001,2026-06-06,19,test,-16.320260332255717,0.3838833174678683,0.6161166825321317,0.188236118317945,0.6855109680906895,-34.7004,-1
CONTROLX_1_N001,2026-06-06,20,test,-17.56951322171369,0.3725295157759097,0.6274704842240904,0.2571869847667275,0.9147318323894191,-32.1832,-1
CONTROLX_1_N001,2026-06-06,21,test,-16.134040248448706,0.3715586192204731,0.6284413807795268,0.2442799636331913,0.8739244560355541,-35.417699999999996,-1
CONTROLX_1_N001,2026-06-06,22,test,-15.863269904022523,0.3715586192204731,0.6284413807795268,0.24600403296083131,0.8893372155038808,-36.5686,-1
CONTROLX_1_N001,2026-06-06,23,test,-13.587682459180739,0.3777217255271218,0.6222782744728782,0.223828406693954,0.9727189055085705,-47.417100000000005,-1
CONTROLX_1_N001,2026-06-06,24,test,-17.006349535422288,0.3707037991310395,0.6292962008689604,0.2369999320133095,0.8557632722402337,-49.1773,-1
CONTROLX_1_N001,2026-06-07,1,test,-7.649369999645948,0.38562182009488005,0.61437817990512,0.15858723425771765,0.7902214213293156,-48.1223,-1
CONTROLX_1_N001,2026-06-07,2,test,-9.268979947887741,0.37534833158741093,0.6246516684125891,0.1724342924550134,0.7624564621834079,-45.7128,-1
CONTROLX_1_N001,2026-06-07,3,test,-9.268979947887741,0.37800304459596384,0.6219969554040361,0.16812077734978398,0.7095946563253966,-44.946799999999996,-1
CONTROLX_1_N001,2026-06-07,4,test,-9.268979947887741,0.37800304459596384,0.6219969554040361,0.16544005595391517,0.6961042935719024,-42.7354,-1
CONTROLX_1_N001,2026-06-07,5,test,-9.268979947887741,0.37240228470793574,0.6275977152920642,0.17331440821294614,0.7388205241173216,-42.7325,-1
CONTROLX_1_N001,2026-06-07,6,test,-9.268979947887741,0.36558076691299524,0.6344192330870048,0.17989909959927186,0.7430549362455267,-39.9011,-1
CONTROLX_1_N001,2026-06-07,7,test,-8.343172874737613,0.3640976393891994,0.6359023606108005,0.18051700365940887,0.7685863002075617,-39.3347,-1
CONTROLX_1_N001,2026-06-07,8,test,-12.008807660841468,0.3708085124169254,0.6291914875830746,0.192516154614329,0.8091008436872283,-34.886,-1
CONTROLX_1_N001,2026-06-07,9,test,-12.945923572934571,0.3695259141746357,0.6304740858253643,0.20876237774037595,0.9251198785799047,-34.0196,-1
CONTROLX_1_N001,2026-06-07,10,test,-15.643285738650485,0.3585293518749301,0.6414706481250698,0.24156180637545507,0.8586145178320286,-31.148000000000003,-1
CONTROLX_1_N001,2026-06-07,11,test,-15.4751742821291,0.35043340849257537,0.6495665915074247,0.25379980389040613,0.8985920571658479,-29.427999999999997,-1
CONTROLX_1_N001,2026-06-07,12,test,-15.894956219653775,0.35443377793329967,0.6455662220667003,0.25117776211220894,0.7809567353212203,-32.163199999999996,-1
CONTROLX_1_N001,2026-06-07,13,test,-15.909629270099254,0.348533183577709,0.651466816422291,0.26054071036044346,0.8720225568095016,-31.968200000000003,-1
CONTROLX_1_N001,2026-06-07,14,test,-15.909629270099254,0.36389982537462,0.63610017462538,0.2276472073738332,0.7065493498572176,-31.881300000000003,-1
CONTROLX_1_N001,2026-06-07,15,test,-14.710969384467102,0.3623473755875709,0.6376526244124291,0.209953094427605,0.7119412771727628,-32.8111,-1
CONTROLX_1_N001,2026-06-07,16,test,-14.710969384467102,0.3652318823235284,0.6347681176764717,0.22010215960616097,0.7559048645772487,-30.1641,-1
CONTROLX_1_N001,2026-06-07,17,test,-15.9466149586904,0.3777577688381362,0.6222422311618638,0.21530571154973105,0.7644261654861769,-27.422600000000003,-1
CONTROLX_1_N001,2026-06-07,18,test,-15.59326973581247,0.38077504579296867,0.6192249542070314,0.20155706885903896,0.7347188854433051,-36.8303,-1
CONTROLX_1_N001,2026-06-07,19,test,-17.43430099877644,0.3722713953913247,0.6277286046086753,0.23789512367986282,0.823143031451525,-33.8474,-1
CONTROLX_1_N001,2026-06-07,20,test,-17.976116856889842,0.38055699965483275,0.6194430003451672,0.2331924286691881,0.8468089264308711,-36.8401,-1
CONTROLX_1_N001,2026-06-07,21,test,-16.176318585670092,0.3817373692710532,0.6182626307289468,0.21129725241504782,0.8380787358790318,-42.783699999999996,-1
CONTROLX_1_N001,2026-06-07,22,test,-16.269873539198674,0.3795778377340176,0.6204221622659825,0.22010518819834007,0.8266013454831254,-39.777699999999996,-1
CONTROLX_1_N001,2026-06-07,23,test,-14.765322046552955,0.37537922753141056,0.6246207724685895,0.2029461840726157,0.8136667742448236,-50.1201,-1
CONTROLX_1_N001,2026-06-07,24,test,-17.84961985751684,0.36765758770272666,0.6323424122972734,0.22331789152202547,0.8662950167547743,-50.6834,-1
CONTROLX_1_N001,2026-06-08,1,test,-18.30711504783047,0.370321734456204,0.629678265543796,0.17617494349031707,0.8125761870258678,-43.1767,-1
CONTROLX_1_N001,2026-06-08,2,test,-23.875772236217628,0.3630108552260864,0.6369891447739136,0.19028987319042878,0.7673125034128182,-52.0793,-1
CONTROLX_1_N001,2026-06-08,3,test,-24.6898576273062,0.3654050819215952,0.6345949180784047,0.1873907264163043,0.7606843614840543,-37.073499999999996,-1
CONTROLX_1_N001,2026-06-08,4,test,-23.875772236217628,0.37237643179852586,0.6276235682014741,0.17880977994599173,0.7527272582383913,-45.5488,-1
CONTROLX_1_N001,2026-06-08,5,test,-23.875772236217628,0.36680987529714854,0.6331901247028515,0.1840644031878509,0.7707704445598246,-162.5955,-1
CONTROLX_1_N001,2026-06-08,6,test,-24.397378785832565,0.35184693166725206,0.6481530683327479,0.20946793211542655,0.6995266561806482,-164.9539,-1
CONTROLX_1_N001,2026-06-08,7,test,-23.97577733497323,0.35965997391270127,0.6403400260872987,0.1949449836473316,0.8168525470262394,-165.1977,-1
CONTROLX_1_N001,2026-06-08,8,test,-30.978432723279116,0.34813703510397526,0.6518629648960248,0.23618928497367245,0.7905755203020066,-32.9837,-1
CONTROLX_1_N001,2026-06-08,9,test,-17.952019668904608,0.3677010418563687,0.6322989581436314,0.17660913831207842,0.8551743188902293,608.0985,1
CONTROLX_1_N001,2026-06-08,10,test,-12.814347285456378,0.35068975924932294,0.649310240750677,0.1806124277983454,0.6690297830048049,767.8591,1
CONTROLX_1_N001,2026-06-08,11,test,-11.798487485912508,0.33998236110307983,0.6600176388969201,0.18835597612858193,0.6825579418291365,805.7479,1
CONTROLX_1_N001,2026-06-08,12,test,-11.804396795801834,0.3479809032548971,0.6520190967451029,0.18051118201656088,0.6786434493204176,687.0536999999999,1
CONTROLX_1_N001,2026-06-08,13,test,-11.060624950093482,0.33789230244896856,0.6621076975510314,0.18870426369813476,0.6832864059740524,699.8301,1
CONTROLX_1_N001,2026-06-08,14,test,-10.8655523414464,0.35122197045883635,0.6487780295411636,0.1750318023053971,0.6654296941205227,601.7251,1
CONTROLX_1_N001,2026-06-08,15,test,-20.500288239435815,0.35725767266162695,0.642742327338373,0.2014474576437909,0.5853297568793949,538.2212,1
CONTROLX_1_N001,2026-06-08,16,test,-20.853633462313745,0.36012454495848967,0.6398754550415103,0.19669746083706424,0.701484104333504,627.1456,1
CONTROLX_1_N001,2026-06-08,17,test,-10.692253036446889,0.3714570029417595,0.6285429970582406,0.1612068351850982,0.7244049615413668,336.5324,1
CONTROLX_1_N001,2026-06-08,18,test,-10.312132033394162,0.3623467858130772,0.6376532141869228,0.1742918705497444,0.7945042875186626,281.7184,1
CONTROLX_1_N001,2026-06-08,19,test,-11.469818537029594,0.36812593843134034,0.6318740615686597,0.1717185987612632,0.8167097053828366,-168.4603,-1
CONTROLX_1_N001,2026-06-08,20,test,-10.672676351510189,0.37260457537245256,0.6273954246275475,0.15950211131390796,0.9605921833325973,-109.4437,-1
CONTROLX_1_N001,2026-06-08,21,test,-11.469818537029594,0.3689497404264948,0.6310502595735052,0.1635939757643301,0.931404440582502,-47.7492,-1
CONTROLX_1_N001,2026-06-08,22,test,-11.965627620608284,0.3661449834047607,0.6338550165952392,0.17045401685843264,0.9870615351097091,-36.0977,-1
CONTROLX_1_N001,2026-06-08,23,test,-22.358145102522343,0.35987663708755746,0.6401233629124425,0.1979568937856707,0.8563573949166504,-40.7174,-1
CONTROLX_1_N001,2026-06-08,24,test,-31.19947385778566,0.3528693191708933,0.6471306808291066,0.22176909478669868,0.8689273928222037,-43.0415,-1
CONTROLX_1_N001,2026-06-09,1,test,-23.407250167036157,0.33618307831549893,0.6638169216845011,0.23361753654983836,0.7739444315092654,81.8012,1
CONTROLX_1_N001,2026-06-09,2,test,-28.27004711286462,0.3386151794128273,0.6613848205871726,0.24063339762190605,0.7812932119724243,-43.064,-1
CONTROLX_1_N001,2026-06-09,3,test,-27.44487564944452,0.3409346239188751,0.6590653760811249,0.22355935092487067,0.7111943250664146,-21.6166,-1
CONTROLX_1_N001,2026-06-09,4,test,-27.44487564944452,0.3492035715607888,0.6507964284392111,0.2190082319115593,0.736848391561287,524.4423999999999,1
CONTROLX_1_N001,2026-06-09,5,test,-27.44487564944452,0.3564672581230872,0.6435327418769128,0.2125123577339656,0.7640789016283126,-538.1832999999999,-1
CONTROLX_1_N001,2026-06-09,6,test,-39.230900933726666,0.33498667901980494,0.665013320980195,0.2739097478843726,0.854525674079382,-639.6192,-1
CONTROLX_1_N001,2026-06-09,7,test,-40.05607239714676,0.3439163676495885,0.6560836323504116,0.27576976905721995,0.9140044268893851,381.9851,1
CONTROLX_1_N001,2026-06-09,8,test,-40.76350942849134,0.3369542506964639,0.6630457493035361,0.2751247222557312,0.8588338931281359,622.8453,1
CONTROLX_1_N001,2026-06-09,9,test,-24.301714954957255,0.348843560800747,0.651156439199253,0.22372446368493465,0.8398646350807856,-143.96809999999994,-1
CONTROLX_1_N001,2026-06-09,10,test,-23.80139005974849,0.3133093312402732,0.6866906687597267,0.24219812137513805,0.6938255860399659,60.1549,1
CONTROLX_1_N001,2026-06-09,11,test,-22.14995988370745,0.3097565732685075,0.6902434267314925,0.24193179462128808,0.6993505728314205,-19.639699999999948,-1
CONTROLX_1_N001,2026-06-09,12,test,-20.846384127935693,0.3097565732685075,0.6902434267314925,0.2394246082331891,0.6947113479837017,-93.60320000000002,-1
CONTROLX_1_N001,2026-06-09,13,test,-20.846384127935693,0.30931623959563087,0.6906837604043692,0.2393948913802129,0.7014432942205223,79.12189999999998,1
CONTROLX_1_N001,2026-06-09,14,test,-20.846384127935693,0.3171291096529613,0.6828708903470386,0.23629235348105523,0.7157846006614305,210.4207,1
CONTROLX_1_N001,2026-06-09,15,test,-31.862353392796237,0.3100646182519388,0.6899353817480611,0.27283163370541114,0.7200988476643966,-375.6571,-1
CONTROLX_1_N001,2026-06-09,16,test,-32.13529880633687,0.3106682646314401,0.68933173536856,0.290267224537451,0.8367430354001599,-705.6559000000001,-1
CONTROLX_1_N001,2026-06-09,17,test,-22.460683691993285,0.33903550759916856,0.6609644924008314,0.23538680545874735,0.8524358000671723,-414.75870000000003,-1
CONTROLX_1_N001,2026-06-09,18,test,-24.983097071545554,0.33383380071632535,0.6661661992836747,0.24529258295087836,0.8422381669443318,-534.5374,-1
CONTROLX_1_N001,2026-06-09,19,test,-20.690154105838012,0.3272888292978738,0.6727111707021263,0.24084466404822175,0.8810239728450429,-167.5566,-1
CONTROLX_1_N001,2026-06-09,20,test,-16.30056809969685,0.335615361716094,0.664384638283906,0.21863524257778605,0.9014243878370946,70.69919999999999,1
CONTROLX_1_N001,2026-06-09,21,test,-18.787180006557893,0.35114272746806346,0.6488572725319366,0.20940325067053722,0.9155599075082218,-1.990400000000001,-1
CONTROLX_1_N001,2026-06-09,22,test,-22.358258173520298,0.35925169454976247,0.6407483054502375,0.21258341524372254,0.897989722814771,-36.0021,-1
CONTROLX_1_N001,2026-06-09,23,test,-37.49881292668093,0.3371063444428412,0.6628936555571587,0.2661169574790884,0.7867963892981313,92.0392,1
CONTROLX_1_N001,2026-06-09,24,test,-40.76350942849134,0.33634038866661686,0.6636596113333831,0.2680096387130013,0.810265926792288,-49.2856,-1
CONTROLX_1_N001,2026-06-10,1,test,-46.964278781400004,0.37780383484662317,0.6221961651533768,0.2908701689480439,0.9999904213664275,-83.882,-1
CONTROLX_1_N001,2026-06-10,2,test,-53.23444932240849,0.3675590332176273,0.6324409667823727,0.3115218292586269,0.9350553699920389,-49.9741,-1
CONTROLX_1_N001,2026-06-10,3,test,-51.90549781283329,0.3722795196832839,0.6277204803167161,0.3021589699721662,0.9109764252569877,-67.6097,-1
CONTROLX_1_N001,2026-06-10,4,test,-51.90549781283329,0.3670191549698118,0.6329808450301881,0.3017517244151602,0.8547182304942735,-66.1409,-1
CONTROLX_1_N001,2026-06-10,5,test,-54.89072346309699,0.3664188536300566,0.6335811463699434,0.2919529851363128,0.9161365424260914,-43.661,-1
CONTROLX_1_N001,2026-06-10,6,test,-56.21967497267219,0.3627673097177533,0.6372326902822467,0.28620818159214967,0.8990675018078736,-79.7504,-1
CONTROLX_1_N001,2026-06-10,7,test,-56.21967497267219,0.36619644849084965,0.6338035515091504,0.3163861479915915,0.8763771294966588,-80.21260000000001,-1
CONTROLX_1_N001,2026-06-10,8,test,-56.237476557987335,0.3563165793381978,0.6436834206618022,0.32690083719914426,0.8529484973949609,-60.0171,-1
CONTROLX_1_N001,2026-06-10,9,test,-56.237476557987335,0.3599672120094476,0.6400327879905524,0.3139068420114537,0.869082053517133,375.1986,1
CONTROLX_1_N001,2026-06-10,10,test,-55.240285547538974,0.3344230991014264,0.6655769008985736,0.33830474597636073,0.9431443793430566,-45.3732,-1
CONTROLX_1_N001,2026-06-10,11,test,-53.911334037963776,0.33637738355595365,0.6636226164440464,0.33966669286669293,0.8709947419263705,-57.7639,-1
CONTROLX_1_N001,2026-06-10,12,test,-53.911334037963776,0.33663666285451915,0.6633633371454808,0.3293062098936099,0.9417938947559074,-49.8024,-1
CONTROLX_1_N001,2026-06-10,13,test,-55.40844503811224,0.3348388585120766,0.6651611414879234,0.3354420419614862,0.9231382709546715,-64.2837,-1
CONTROLX_1_N001,2026-06-10,14,test,-55.240285547538974,0.3348388585120766,0.6651611414879234,0.33961262258882186,0.8842543152421504,-62.3538,-1
CONTROLX_1_N001,2026-06-10,15,test,-56.73739654768744,0.3335722870920732,0.6664277129079268,0.3807539783134902,0.7913574072296636,-43.7131,-1
CONTROLX_1_N001,2026-06-10,16,test,-52.903445200996316,0.3493436640650173,0.6506563359349826,0.32511224120921767,0.8696129976465611,-47.120200000000004,-1
CONTROLX_1_N001,2026-06-10,17,test,-52.903445200996316,0.3770683056253365,0.6229316943746634,0.3066597299467839,0.9272041483669388,-49.0967,-1
CONTROLX_1_N001,2026-06-10,18,test,-52.903445200996316,0.38048993028915196,0.619510069710848,0.3143935572094445,0.8769413085534892,-45.455600000000004,-1
CONTROLX_1_N001,2026-06-10,19,test,-49.28538016431728,0.3802373112729974,0.6197626887270026,0.30006282256046535,0.922798834358194,-62.3719,-1
CONTROLX_1_N001,2026-06-10,20,test,-48.72285553918606,0.3783132194327813,0.6216867805672187,0.3130466599821718,0.8594331223342282,-59.6618,-1
CONTROLX_1_N001,2026-06-10,21,test,-45.3093968901509,0.3956481105761454,0.6043518894238546,0.2911971585015283,0.85792607775549,-59.9992,-1
CONTROLX_1_N001,2026-06-10,22,test,-45.80520597372959,0.3828805904979126,0.6171194095020873,0.31802875848666423,0.7836149188938256,-59.0243,-1
CONTROLX_1_N001,2026-06-10,23,test,-49.43839167591776,0.37823385108891133,0.6217661489110886,0.3252871979989506,0.8304120401813732,-60.6036,-1
CONTROLX_1_N001,2026-06-10,24,test,-53.94188635375307,0.3582080223652594,0.6417919776347406,0.348572308990946,0.8182398148116614,-73.71170000000001,-1
CONTROLX_1_N001,2026-06-11,1,test,-45.72515776912283,0.3559993533028881,0.6440006466971119,0.36334483836875703,0.6804777317854536,-59.5113,-1
CONTROLX_1_N001,2026-06-11,2,test,-68.9130787663651,0.35703861863931413,0.6429613813606858,0.4101265982790255,0.5954836351268591,-12.076099999999997,-1
CONTROLX_1_N001,2026-06-11,3,test,-59.37152275554036,0.35086075527610333,0.6491392447238966,0.408602114351561,0.6076000041633948,-14.334700000000005,-1
CONTROLX_1_N001,2026-06-11,4,test,-68.9130787663651,0.34765912608758937,0.6523408739124106,0.3977621575934974,0.5789409532249379,0.37289999999999424,1
CONTROLX_1_N001,2026-06-11,5,test,-71.91610600194394,0.35047587264850255,0.6495241273514974,0.38498488525686847,0.5747215958988249,-8.894200000000001,-1
CONTROLX_1_N001,2026-06-11,6,test,-71.91610600194394,0.35047587264850255,0.6495241273514974,0.3748523114011698,0.6238733247889415,8.325000000000003,1
CONTROLX_1_N001,2026-06-11,7,test,-71.91610600194394,0.3367033156094199,0.6632966843905801,0.39573403996165285,0.5677159979120024,-38.7059,-1
CONTROLX_1_N001,2026-06-11,8,test,-73.41321700209241,0.3422845322340479,0.657715467765952,0.3914368292998235,0.5660223756476409,243.74420000000003,1
CONTROLX_1_N001,2026-06-11,9,test,-68.04534683586502,0.3434759168034334,0.6565240831965666,0.37763781231598925,0.582029217959312,-2.9624000000000024,-1
CONTROLX_1_N001,2026-06-11,10,test,-68.04534683586502,0.3129156610412125,0.6870843389587875,0.4239503517356768,0.5528959769832523,-25.397299999999998,-1
CONTROLX_1_N001,2026-06-11,11,test,-68.04534683586502,0.30833728284223627,0.6916627171577637,0.4224227096920405,0.5638883110238616,-42.565,-1
CONTROLX_1_N001,2026-06-11,12,test,-68.04534683586502,0.3116697062639042,0.6883302937360958,0.4197252935315109,0.5801555972920528,-44.331500000000005,-1
CONTROLX_1_N001,2026-06-11,13,test,-67.90177483560785,0.30836530575089266,0.6916346942491074,0.43048882137416045,0.5713262145488097,-11.8586,-1
CONTROLX_1_N001,2026-06-11,14,test,-68.04534683586502,0.30836530575089266,0.6916346942491074,0.42850780428778296,0.5551174017364259,-44.977799999999995,-1
CONTROLX_1_N001,2026-06-11,15,test,-68.04534683586502,0.32036200063168885,0.6796379993683112,0.4224542320707701,0.5892197372963601,-34.4757,-1
CONTROLX_1_N001,2026-06-11,16,test,-68.04534683586502,0.3332285226857798,0.6667714773142202,0.4035749455730123,0.5843149044016306,-48.1092,-1
CONTROLX_1_N001,2026-06-11,17,test,-67.54953775228634,0.3543256108635656,0.6456743891364344,0.3773939667634672,0.5982597830283989,-66.1223,-1
CONTROLX_1_N001,2026-06-11,18,test,-67.54953775228634,0.36255414157673066,0.6374458584232694,0.36306398215964364,0.5926711604686468,-43.8793,-1
CONTROLX_1_N001,2026-06-11,19,test,-67.54953775228634,0.3667944967608836,0.6332055032391164,0.3419885599283585,0.8233897143032796,-51.051100000000005,-1
CONTROLX_1_N001,2026-06-11,20,test,-67.54953775228634,0.359662891507471,0.640337108492529,0.34292784194595516,0.7976649971553994,-50.054100000000005,-1
CONTROLX_1_N001,2026-06-11,21,test,-61.28001126277045,0.36785354183139873,0.6321464581686013,0.3582936789326816,0.7500926418449924,-56.165099999999995,-1
CONTROLX_1_N001,2026-06-11,22,test,-58.040020976779346,0.3584632579459094,0.6415367420540906,0.43545581778141174,0.5237993834812164,-49.5971,-1
CONTROLX_1_N001,2026-06-11,23,test,-51.701154139742336,0.3576921927673141,0.6423078072326859,0.41881173362198004,0.573372117959236,-55.9744,-1
CONTROLX_1_N001,2026-06-11,24,test,-61.98744829411503,0.35194712623186286,0.6480528737681371,0.4119322335188939,0.5721262867822802,-66.1878,-1
CONTROLX_1_N001,2026-06-12,1,test,-30.78825760138484,0.36903745721670256,0.6309625427832974,0.27548527951152263,0.8463962933976917,-10.657599999999999,-1
CONTROLX_1_N001,2026-06-12,2,test,-47.94463031863515,0.36543242279928245,0.6345675772007175,0.3042932857264703,0.7873016808830268,3.637599999999999,1
CONTROLX_1_N001,2026-06-12,3,test,-48.3205201734199,0.36278421428487995,0.63721578571512,0.3099149650557938,0.7722765147376647,-15.3735,-1
CONTROLX_1_N001,2026-06-12,4,test,-45.28654752064494,0.3602348935486676,0.6397651064513323,0.2955890631945266,0.8255406417167412,-3.6544999999999987,-1
CONTROLX_1_N001,2026-06-12,5,test,-49.31055139165283,0.35880148893834174,0.6411985110616583,0.30705875433748736,0.8253696723194467,0.1599999999999966,1
CONTROLX_1_N001,2026-06-12,6,test,-49.68644124643758,0.36039611116147935,0.6396038888385207,0.31765891699848836,0.8982107558902239,-9.300399999999996,-1
CONTROLX_1_N001,2026-06-12,7,test,-46.14755839120755,0.3531041924376393,0.6468958075623608,0.31272770767280184,0.9691137155260714,-8.019399999999997,-1
CONTROLX_1_N001,2026-06-12,8,test,-48.28277940329717,0.35828448368592886,0.6417155163140711,0.3258589301121817,0.9906565881527276,-4.036099999999998,-1
CONTROLX_1_N001,2026-06-12,9,test,-45.21287924923401,0.35448646050813803,0.645513539491862,0.31216542716595086,0.9940981337527441,-63.0216,-1
CONTROLX_1_N001,2026-06-12,10,test,-43.39927148651401,0.31713212401961405,0.6828678759803859,0.3553991596605994,0.9378625490821085,-45.57040000000001,-1
CONTROLX_1_N001,2026-06-12,11,test,-41.41380957999635,0.320241851724207,0.6797581482757931,0.34572485566018135,0.9490055436542127,-46.739000000000004,-1
CONTROLX_1_N001,2026-06-12,12,test,-41.03791972521159,0.31778225870809534,0.6822177412919046,0.335492212189076,0.8754331233753011,-46.9048,-1
CONTROLX_1_N001,2026-06-12,13,test,-40.50401659331874,0.31730468878541224,0.6826953112145877,0.34703696656980043,0.9388171332953112,-19.353299999999997,-1
CONTROLX_1_N001,2026-06-12,14,test,-41.066535604719945,0.31730468878541224,0.6826953112145877,0.34786165995531604,0.9341238217827632,-55.3506,-1
CONTROLX_1_N001,2026-06-12,15,test,-41.537626498832104,0.3207227190420232,0.6792772809579768,0.3427915775924536,0.874272595910302,-52.747,-1
CONTROLX_1_N001,2026-06-12,16,test,-41.03791972521159,0.3335966174010987,0.6664033825989013,0.33084064377804967,0.9181234281578147,-30.762099999999997,-1
CONTROLX_1_N001,2026-06-12,17,test,-42.73373797432889,0.35561936333134886,0.6443806366686511,0.30843426558727094,0.895054124283013,-34.0887,-1
CONTROLX_1_N001,2026-06-12,18,test,-38.51940403570115,0.34646386193898837,0.6535361380610116,0.290714988848212,0.7983404756814556,-37.3459,-1
CONTROLX_1_N001,2026-06-12,19,test,-48.11491718633832,0.35302784876700216,0.6469721512329978,0.29104520192899797,0.7065936000105055,-34.2945,-1
CONTROLX_1_N001,2026-06-12,20,test,-48.844408775399174,0.35593802479439257,0.6440619752056074,0.28956756892695,0.7284552162975683,-39.4896,-1
CONTROLX_1_N001,2026-06-12,21,test,-39.58778173504471,0.3587621801159994,0.6412378198840005,0.3063194485334838,0.8681490852235366,-50.714299999999994,-1
CONTROLX_1_N001,2026-06-12,22,test,-37.52891744640636,0.35988277572500776,0.6401172242749922,0.29748456124487566,0.8975998045713685,-48.6248,-1
CONTROLX_1_N001,2026-06-12,23,test,-35.74864700749217,0.3642646939035463,0.6357353060964537,0.3030204813224316,0.9853667795374913,-68.0972,-1
CONTROLX_1_N001,2026-06-12,24,test,-46.943334744054454,0.3616642711831956,0.6383357288168043,0.3327281417828929,0.9624997588959352,-62.4697,-1
CONTROLX_1_N001,2026-06-13,1,test,-42.28537668307072,0.3625248985193204,0.6374751014806797,0.33627002959900654,0.9453933413256986,-40.172,-1
CONTROLX_1_N001,2026-06-13,2,test,-46.29051366617142,0.3672301963271321,0.632769803672868,0.34692714500958954,0.9228341710547939,-38.6531,-1
CONTROLX_1_N001,2026-06-13,3,test,-46.29051366617142,0.36923457830798573,0.6307654216920142,0.331400875762227,0.9456057380771488,14.5562,1
CONTROLX_1_N001,2026-06-13,4,test,-46.44232625990996,0.3606621469036998,0.6393378530963002,0.34041263511162523,0.9469763417703568,-0.5269000000000048,-1
CONTROLX_1_N001,2026-06-13,5,test,-46.29051366617142,0.3718974913730528,0.6281025086269472,0.29231017877735044,0.8236536604500949,11.491400000000002,1
CONTROLX_1_N001,2026-06-13,6,test,-46.29051366617142,0.3720608865811507,0.6279391134188492,0.2873600829126701,0.7979462580938881,14.395199999999999,1
CONTROLX_1_N001,2026-06-13,7,test,-45.61715479648987,0.3560834756368102,0.6439165243631898,0.344245042975421,0.933170114230543,-7.374799999999997,-1
CONTROLX_1_N001,2026-06-13,8,test,-46.32459182783445,0.35779566955128067,0.6422043304487193,0.3480013207952378,0.8100418936741963,-0.40209999999999724,-1
CONTROLX_1_N001,2026-06-13,9,test,-45.46279313363868,0.3592235930508889,0.6407764069491111,0.34701009613090983,0.8338707311082543,-9.461500000000001,-1
CONTROLX_1_N001,2026-06-13,10,test,-44.49212215220734,0.32434298985023907,0.675657010149761,0.38567345371223544,0.9362697101560837,-1.6248000000000005,-1
CONTROLX_1_N001,2026-06-13,11,test,-42.76882532131889,0.3139012023115712,0.6860987976884287,0.3855363555377219,0.9635661863947381,-33.7077,-1
CONTROLX_1_N001,2026-06-13,12,test,-41.46524956554713,0.320241851724207,0.6797581482757931,0.3756129949369724,0.96444004445005,-36.4007,-1
CONTROLX_1_N001,2026-06-13,13,test,-43.404395697816064,0.3179591216060763,0.6820408783939237,0.37933586107352046,0.9356944827664972,-30.355600000000003,-1
CONTROLX_1_N001,2026-06-13,14,test,-43.05712172253966,0.31539442949618535,0.6846055705038147,0.3775291311760306,0.9648199208414876,-32.4708,-1
CONTROLX_1_N001,2026-06-13,15,test,-43.886148612904535,0.32662506884473436,0.6733749311552657,0.3653296943914247,0.972046050942938,-30.195100000000004,-1
CONTROLX_1_N001,2026-06-13,16,test,-44.73079261479859,0.33577856309414306,0.664221436905857,0.3616757080511107,0.9767266262831069,-37.8054,-1
CONTROLX_1_N001,2026-06-13,17,test,-43.96357356379644,0.3510078817504427,0.6489921182495573,0.3294746935495272,0.8849466282772842,-39.6951,-1
CONTROLX_1_N001,2026-06-13,18,test,-45.30847161012089,0.35035203949833815,0.6496479605016618,0.33276471007351066,0.8871387421054104,-37.8858,-1
CONTROLX_1_N001,2026-06-13,19,test,-47.149502873084856,0.35183190526354124,0.6481680947364588,0.31238168239846464,0.7785263874667238,-32.8719,-1
CONTROLX_1_N001,2026-06-13,20,test,-47.149502873084856,0.35727039815383665,0.6427296018461633,0.3186258610769852,0.8602044424371689,-1.117,-1
CONTROLX_1_N001,2026-06-13,21,test,-48.722292026999554,0.35824396893941207,0.6417560310605879,0.32911046824486767,0.8973322591838839,-47.478,-1
CONTROLX_1_N001,2026-06-13,22,test,-46.772266581259885,0.3574068151465206,0.6425931848534794,0.34516214558941716,0.9784090045707963,-47.8164,-1
CONTROLX_1_N001,2026-06-13,23,test,-44.33070005782285,0.36477370546403765,0.6352262945359624,0.3302689624461306,0.9228475086918864,-41.6969,-1
CONTROLX_1_N001,2026-06-13,24,test,-46.66640352095617,0.36813049042380297,0.631869509576197,0.33247742719961915,0.9972029570375074,-49.5887,-1
CONTROLX_1_N001,2026-06-14,1,test,-36.937977338859106,0.3717303184062503,0.6282696815937496,0.3152071127455407,0.8960820354136845,-37.7749,-1
CONTROLX_1_N001,2026-06-14,2,test,-41.9574063445607,0.37375847732064826,0.6262415226793517,0.29543828833372854,0.7877539148279106,-34.3288,-1
CONTROLX_1_N001,2026-06-14,3,test,-41.9574063445607,0.38076258448573447,0.6192374155142655,0.2725541162308835,0.7418676895042652,2.1969999999999956,1
CONTROLX_1_N001,2026-06-14,4,test,-41.28404747487914,0.36268107287207374,0.6373189271279263,0.29884282348372665,0.8099557861704176,10.1034,1
CONTROLX_1_N001,2026-06-14,5,test,-41.1322348811406,0.37021977876201,0.6297802212379899,0.2622833324685616,0.7105622216510107,29.407199999999996,1
CONTROLX_1_N001,2026-06-14,6,test,-41.92693781523384,0.37021977876201,0.6297802212379899,0.24657935127783057,0.6719743653923247,9.268999999999998,1
CONTROLX_1_N001,2026-06-14,7,test,-41.44318003247521,0.3674522955199047,0.6325477044800953,0.29014117024769687,0.8220751100071714,540.7998,1
CONTROLX_1_N001,2026-06-14,8,test,-42.940291032623676,0.3582430221256394,0.6417569778743606,0.3236508714791434,0.987377209120645,906.2427,1
CONTROLX_1_N001,2026-06-14,9,test,-41.645956996706474,0.3516279053186062,0.6483720946813938,0.3443286841837532,0.9927689100109418,39.7996,1
CONTROLX_1_N001,2026-06-14,10,test,-40.83174204590547,0.328509056766168,0.6714909432338321,0.36720457137705975,0.9487711414883995,19.510299999999997,1
CONTROLX_1_N001,2026-06-14,11,test,-39.10844521501703,0.31941743224521296,0.680582567754787,0.3662477372656307,0.923744583289666,40.966100000000004,1
CONTROLX_1_N001,2026-06-14,12,test,-37.80486945924527,0.32390360326006434,0.6760963967399356,0.3548839065746472,0.9000373617605845,2.084600000000002,1
CONTROLX_1_N001,2026-06-14,13,test,-37.875935823291776,0.3303620428415217,0.6696379571584783,0.34488286024527665,0.9068544764447096,-16.0917,-1
CONTROLX_1_N001,2026-06-14,14,test,-40.53580313525013,0.32390360326006434,0.6760963967399356,0.3626515008650792,0.9344596504385371,-10.5623,-1
CONTROLX_1_N001,2026-06-14,15,test,-39.39613494441667,0.33438373479991634,0.6656162652000837,0.35140534708734295,0.9403120745304792,-17.9935,-1
CONTROLX_1_N001,2026-06-14,16,test,-39.24432235067813,0.3436529802256025,0.6563470197743975,0.33192036947933706,0.8768889015876381,-22.5897,-1
CONTROLX_1_N001,2026-06-14,17,test,-38.28136577052564,0.364392817651645,0.635607182348355,0.293106846615942,0.8069628973558604,-15.9995,-1
CONTROLX_1_N001,2026-06-14,18,test,-38.28136577052564,0.3661216140860555,0.6338783859139445,0.29802128263124883,0.8547196932315766,-21.641199999999998,-1
CONTROLX_1_N001,2026-06-14,19,test,-42.63788786869206,0.36756711758708316,0.6324328824129168,0.3060380575332942,0.8330745490656318,-33.1803,-1
CONTROLX_1_N001,2026-06-14,20,test,-37.03445036089866,0.3667094826678964,0.6332905173321036,0.29402572530930615,0.8584274360209526,206.4655,1
CONTROLX_1_N001,2026-06-14,21,test,-44.47289717976315,0.3784419732728947,0.6215580267271053,0.2998101922924334,0.876532444963022,12.3618,1
CONTROLX_1_N001,2026-06-14,22,test,-36.98697264946392,0.38500648935525084,0.6149935106447492,0.2727521307473777,0.8424241660400863,-36.5601,-1
CONTROLX_1_N001,2026-06-14,23,test,-40.036160955813116,0.3666866431957682,0.6333133568042317,0.30217598970417936,0.772784374219953,829.1274999999999,1
CONTROLX_1_N001,2026-06-14,24,test,-43.44434851067056,0.3700507767754888,0.6299492232245112,0.3157112998604064,0.8881063684969478,25.7193,1
CONTROLX_1_N001,2026-06-15,1,test,-20.001206983095567,0.37627705007828305,0.623722949921717,0.22444018182576772,0.7109736164507174,-29.5038,-1
CONTROLX_1_N001,2026-06-15,2,test,-24.879060906926107,0.37410518312188445,0.6258948168781155,0.19805922102114887,0.6246014203764392,-10.969999999999999,-1
CONTROLX_1_N001,2026-06-15,3,test,-23.768642971792453,0.3887736624606166,0.6112263375393834,0.18613122795200365,0.6325542698591773,-10.082299999999996,-1
CONTROLX_1_N001,2026-06-15,4,test,-22.94347150837235,0.3683271886345393,0.6316728113654607,0.20707159351769286,0.6717863253640391,2.3689000000000036,1
CONTROLX_1_N001,2026-06-15,5,test,-22.94347150837235,0.37698287755155346,0.6230171224484465,0.18478168278484214,0.6277560920027104,18.081699999999998,1
CONTROLX_1_N001,2026-06-15,6,test,-23.768642971792453,0.3813394351198084,0.6186605648801916,0.17935922441942206,0.6180211484617918,-11.490500000000004,-1
CONTROLX_1_N001,2026-06-15,7,test,-23.768642971792453,0.37131337841860435,0.6286866215813957,0.20493402168801564,0.6882409949028072,-8.0473,-1
CONTROLX_1_N001,2026-06-15,8,test,-24.476080003137035,0.3667845708100003,0.6332154291899996,0.213980458402074,0.6851779667297265,1001.9580000000001,1
CONTROLX_1_N001,2026-06-15,9,test,-23.27918070400709,0.35652267939150567,0.6434773206084943,0.2291432100886531,0.7106854880856943,548.9842,1
CONTROLX_1_N001,2026-06-15,10,test,-19.546224041671117,0.33238411902979936,0.6676158809702006,0.24920576267321487,0.7349773803385697,933.6311,1
CONTROLX_1_N001,2026-06-15,11,test,-18.886839688140007,0.3247581144104785,0.6752418855895215,0.2530035083678258,0.7260674372537793,844.5089,1
CONTROLX_1_N001,2026-06-15,12,test,-23.199020897815792,0.32244559623500163,0.6775544037649983,0.26903525777743503,0.7272405744980502,831.8933,1
CONTROLX_1_N001,2026-06-15,13,test,-15.436587269104933,0.32478692892135214,0.6752130710786479,0.2520962516308861,0.8031585200511174,849.9187,1
CONTROLX_1_N001,2026-06-15,14,test,-23.05544889755863,0.3183984404946302,0.6816015595053698,0.2882748563442554,0.8064479026565277,643.0337999999999,1
CONTROLX_1_N001,2026-06-15,15,test,-22.560910885874637,0.3338605808304195,0.6661394191695805,0.30089763586808205,0.9782003084241263,47.8745,1
CONTROLX_1_N001,2026-06-15,16,test,-14.942049257420948,0.3469108546370679,0.6530891453629322,0.224250028640416,0.7752483359613809,70.8785,1
CONTROLX_1_N001,2026-06-15,17,test,-14.61720268920961,0.3703011721163216,0.6296988278836784,0.19709674820449619,0.7630403513463492,431.2377,1
CONTROLX_1_N001,2026-06-15,18,test,-14.61720268920961,0.3716584035219631,0.6283415964780369,0.20391307040696838,0.8280662604913366,583.8780999999999,1
CONTROLX_1_N001,2026-06-15,19,test,-14.103750505560647,0.37021656164112987,0.6297834383588701,0.18071312256623157,0.6455379139212822,111.82480000000001,1
CONTROLX_1_N001,2026-06-15,20,test,-12.049079883892508,0.3746668273571569,0.625333172642843,0.17040525703711568,0.6494634024272657,465.86760000000004,1
CONTROLX_1_N001,2026-06-15,21,test,-16.927054378578408,0.3818907606357106,0.6181092393642894,0.21191578181070614,0.8802363464185009,586.3432,1
CONTROLX_1_N001,2026-06-15,22,test,-16.004564932219076,0.3886438824511801,0.6113561175488199,0.18797322771332187,0.7583790636924742,584.9684,1
CONTROLX_1_N001,2026-06-15,23,test,-22.344330382770863,0.3745807135717635,0.6254192864282365,0.22610781716520956,0.7023329692826514,730.377,1
CONTROLX_1_N001,2026-06-15,24,test,-24.480955792086476,0.3779740468365859,0.622025953163414,0.21062627509945006,0.6908120526487186,856.8237,1
CONTROLX_1_N001,2026-06-16,1,test,-10.830851407953416,0.379878136930987,0.6201218630690131,0.15841186566514442,0.7164712957205149,844.7538999999999,1
CONTROLX_1_N001,2026-06-16,2,test,-26.833745266705616,0.37772895533481954,0.6222710446651805,0.195034171109545,0.6486826352600482,806.458,1
CONTROLX_1_N001,2026-06-16,3,test,-9.321449047792326,0.3820580726147042,0.6179419273852957,0.1483091740290483,0.6584425220301874,726.3249,1
CONTROLX_1_N001,2026-06-16,4,test,-27.921086416491512,0.3692498962775235,0.6307501037224765,0.21895688605291763,0.7100135700236436,697.3079,1
CONTROLX_1_N001,2026-06-16,5,test,-13.391670292195537,0.3850893075013805,0.6149106924986195,0.16115733930833093,0.7142832488791769,502.2374,1
CONTROLX_1_N001,2026-06-16,6,test,-9.592219392218508,0.3850893075013805,0.6149106924986195,0.1415435297712629,0.6508813641963822,719.0393999999999,1
CONTROLX_1_N001,2026-06-16,7,test,-28.899293792262277,0.3655259883456815,0.6344740116543185,0.2492280246846964,0.8526880810849559,287.8775,1
CONTROLX_1_N001,2026-06-16,8,test,-28.899293792262277,0.36622464876552563,0.6337753512344744,0.227341666786224,0.8116363611178105,553.2538999999999,1
CONTROLX_1_N001,2026-06-16,9,test,-28.327006796918955,0.38355752345261956,0.6164424765473804,0.22622537995221653,0.8800224367408077,849.5923,1
CONTROLX_1_N001,2026-06-16,10,test,-19.766696248239093,0.3441978707460303,0.6558021292539697,0.2572647610021702,0.9939156121495373,672.5499,1
CONTROLX_1_N001,2026-06-16,11,test,-19.131356779135157,0.33272387043587204,0.667276129564128,0.26601601738984787,0.9634792331508737,725.9346,1
CONTROLX_1_N001,2026-06-16,12,test,-18.465230291960054,0.33272387043587204,0.667276129564128,0.2619653150603798,0.9597383546176517,605.7213999999999,1
CONTROLX_1_N001,2026-06-16,13,test,-18.321658291702892,0.33272387043587204,0.667276129564128,0.26126365571980675,0.9521078647351077,639.4847000000001,1
CONTROLX_1_N001,2026-06-16,14,test,-18.321658291702892,0.33133903584949026,0.6686609641505097,0.2740015128850135,0.9152507904910466,727.9209000000001,1
CONTROLX_1_N001,2026-06-16,15,test,-17.69185646125832,0.3394901574452242,0.6605098425547757,0.2610826378909129,0.8980408268417025,664.6023,1
CONTROLX_1_N001,2026-06-16,16,test,-18.465230291960054,0.3594385875707301,0.6405614124292699,0.24152668589032006,0.8722125347421038,802.0468,1
CONTROLX_1_N001,2026-06-16,17,test,-18.465230291960054,0.3746734664166657,0.6253265335833342,0.2244661921613491,0.8602907068041726,673.2529,1
CONTROLX_1_N001,2026-06-16,18,test,-17.61712046778791,0.3720232632968859,0.6279767367031142,0.22255021861834434,0.8593027596550449,711.0677,1
CONTROLX_1_N001,2026-06-16,19,test,-21.41642198393731,0.3676672415576544,0.6323327584423456,0.197108239342897,0.6788751086791971,391.53819999999996,1
CONTROLX_1_N001,2026-06-16,20,test,-21.898174899025772,0.37194789164655917,0.6280521083534408,0.19191078868407024,0.6753343386847234,819.615,1
CONTROLX_1_N001,2026-06-16,21,test,-20.748721496004197,0.37940181955525704,0.6205981804447429,0.2012321147871431,0.7918778612903717,817.4603,1
CONTROLX_1_N001,2026-06-16,22,test,-19.59066780804824,0.3759034992760499,0.6240965007239501,0.19830399065028786,0.7713424529341522,758.8693,1
CONTROLX_1_N001,2026-06-16,23,test,-20.113353342660897,0.3702588279988288,0.6297411720011712,0.20253334820747734,0.7917871053648409,846.8393,1
CONTROLX_1_N001,2026-06-16,24,test,-18.614295452528886,0.38705450852141443,0.6129454914785856,0.18355340065465997,0.7679942188807711,713.3282,1
CONTROLX_1_N001,2026-06-17,1,test,-47.90704355711562,0.3628960427580709,0.637103957241929,0.31724870168135855,0.7680858394938638,789.9997,1
CONTROLX_1_N001,2026-06-17,2,test,-68.75431691183059,0.35895542811706754,0.6410445718829325,0.40778736908162555,0.535683832787921,575.2566,1
CONTROLX_1_N001,2026-06-17,3,test,-71.75734414740943,0.3557485756606938,0.6442514243393063,0.39678894675833004,0.6060331185551245,345.5754,1
CONTROLX_1_N001,2026-06-17,4,test,-68.75431691183059,0.34578923650560245,0.6542107634943976,0.39265176848444555,0.5493027717967595,-143.68359999999998,-1
CONTROLX_1_N001,2026-06-17,5,test,-59.828508472850665,0.35693935710977237,0.6430606428902277,0.33883598778202506,0.7014451533112729,15.568399999999997,1
CONTROLX_1_N001,2026-06-17,6,test,-59.828508472850665,0.35284338833004414,0.6471566116699559,0.31977314268767726,0.8686791825141371,43.27160000000001,1
CONTROLX_1_N001,2026-06-17,7,test,-69.46175394317517,0.33634551418526853,0.6636544858147315,0.39732983092589785,0.5184458428693179,108.2055,1
CONTROLX_1_N001,2026-06-17,8,test,-73.25445514755789,0.33217076837428455,0.6678292316257155,0.3756951249946301,0.6101112183958812,487.7972,1
CONTROLX_1_N001,2026-06-17,9,test,-66.21560708088286,0.3409798793439435,0.6590201206560564,0.3880287645413736,0.5125294272896324,507.37070000000006,1
CONTROLX_1_N001,2026-06-17,10,test,-59.50663858068395,0.3143958620001876,0.6856041379998123,0.41589994183625245,0.5155695733420719,626.822,1
CONTROLX_1_N001,2026-06-17,11,test,-57.13019969228903,0.3087425318523315,0.6912574681476684,0.41525412489292735,0.5290690891467569,447.65020000000004,1
CONTROLX_1_N001,2026-06-17,12,test,-56.3805641478817,0.306942599295483,0.6930574007045169,0.42378935239152493,0.5174825122825967,122.86210000000003,1
CONTROLX_1_N001,2026-06-17,13,test,-55.26854310795671,0.2949957194196785,0.7050042805803215,0.42052377132240903,0.5148523525573078,164.7128,1
CONTROLX_1_N001,2026-06-17,14,test,-57.15477881987241,0.3032884270979282,0.6967115729020719,0.4231405965249653,0.5296667389714593,109.39800000000002,1
CONTROLX_1_N001,2026-06-17,15,test,-57.298350820129585,0.3204816980639025,0.6795183019360975,0.41659041697232035,0.5950540809358292,795.9797,1
CONTROLX_1_N001,2026-06-17,16,test,-57.298350820129585,0.32963405182471844,0.6703659481752815,0.3931660492949758,0.5854406514103835,895.8208,1
CONTROLX_1_N001,2026-06-17,17,test,-57.298350820129585,0.3476644396885803,0.6523355603114197,0.380270660231555,0.6013121898455095,731.3776,1
CONTROLX_1_N001,2026-06-17,18,test,-57.298350820129585,0.3389576065051632,0.6610423934948368,0.38982102039544864,0.5592874928565947,768.6341,1
CONTROLX_1_N001,2026-06-17,19,test,-60.086567043385216,0.3561719798076891,0.6438280201923109,0.3562503207904436,0.7499540220817187,609.1392999999999,1
CONTROLX_1_N001,2026-06-17,20,test,-64.18237247432059,0.3396086653918846,0.6603913346081154,0.3943910660058115,0.5353760634346708,858.8996999999999,1
CONTROLX_1_N001,2026-06-17,21,test,-64.18237247432059,0.3437280718019322,0.6562719281980678,0.3918707984966069,0.5358660376880722,873.4179,1
CONTROLX_1_N001,2026-06-17,22,test,-62.361632444585695,0.3466517454194301,0.6533482545805699,0.39618132236616,0.5252605074477689,822.241,1
CONTROLX_1_N001,2026-06-17,23,test,-62.13091486579407,0.3437280718019322,0.6562719281980678,0.3703225378393016,0.5307363393187874,891.2484000000001,1
CONTROLX_1_N001,2026-06-17,24,test,-62.44443401142535,0.3437280718019322,0.6562719281980678,0.3872556596915653,0.5439978860649199,840.1628000000001,1
CONTROLX_1_N001,2026-06-18,1,test,-64.6112484564996,0.3589887293444309,0.6410112706555691,0.30070576454699105,0.9222384516671135,724.4299000000001,1
CONTROLX_1_N001,2026-06-18,2,test,-64.6112484564996,0.3584672472908638,0.6415327527091361,0.304354753733413,0.8839337984381633,772.7089,1
CONTROLX_1_N001,2026-06-18,3,test,-64.6112484564996,0.3584672472908638,0.6415327527091361,0.31604188211060713,0.8000812425993746,761.0797,1
CONTROLX_1_N001,2026-06-18,4,test,-63.28229694692439,0.3584672472908638,0.6415327527091361,0.3048432956255045,0.8994144616179354,778.3240999999999,1
CONTROLX_1_N001,2026-06-18,5,test,-61.785185946775925,0.36522884441063386,0.6347711555893661,0.28755644513587203,0.9401426563034881,671.4834000000001,1
CONTROLX_1_N001,2026-06-18,6,test,-63.38490780077731,0.36502070352624855,0.6349792964737515,0.32394350835954755,0.6977659204819083,466.97470000000004,1
CONTROLX_1_N001,2026-06-18,7,test,-64.88201880092578,0.3584672472908638,0.6415327527091361,0.33115715521675937,0.6929486354925628,469.356,1
CONTROLX_1_N001,2026-06-18,8,test,-61.57727580372463,0.3603988640261518,0.6396011359738483,0.3225851868521636,0.6921298240469901,805.9757999999999,1
CONTROLX_1_N001,2026-06-18,9,test,-58.60189928585851,0.3570488009950876,0.6429511990049124,0.3284007164253714,0.6385816411932188,796.4741,1
CONTROLX_1_N001,2026-06-18,10,test,-58.331128941432326,0.3237232196832961,0.6762767803167039,0.34179000684732863,0.7874157506951356,764.8729,1
CONTROLX_1_N001,2026-06-18,11,test,-56.38872419127394,0.31797995700812026,0.6820200429918797,0.34500917666285885,0.7797451905155542,859.3152,1
CONTROLX_1_N001,2026-06-18,12,test,-54.84941467806272,0.31797995700812026,0.6820200429918797,0.3414071938415857,0.777445497329002,811.3245999999999,1
CONTROLX_1_N001,2026-06-18,13,test,-54.84941467806272,0.31797995700812026,0.6820200429918797,0.35662345364185377,0.6919909436209215,739.9426000000001,1
CONTROLX_1_N001,2026-06-18,14,test,-45.44485984098244,0.31797995700812026,0.6820200429918797,0.3288685115396966,0.7752921664834412,726.5083,1
CONTROLX_1_N001,2026-06-18,15,test,-54.42451066295768,0.31797995700812026,0.6820200429918797,0.3437658465643278,0.8371101946339603,752.5757,1
CONTROLX_1_N001,2026-06-18,16,test,-54.84941467806272,0.3166273697272743,0.6833726302727257,0.3507295206625196,0.8122970932037648,740.0256999999999,1
CONTROLX_1_N001,2026-06-18,17,test,-45.44485984098244,0.3438140149825822,0.6561859850174179,0.307265033124533,0.8045211822592218,757.3342,1
CONTROLX_1_N001,2026-06-18,18,test,-46.55926533908861,0.34374830893489877,0.6562516910651013,0.30950826645423357,0.8027371599789019,171.581,1
CONTROLX_1_N001,2026-06-18,19,test,-47.42946310420358,0.35954897801322805,0.640451021986772,0.2928970417430331,0.8186800257615574,599.0504999999999,1
CONTROLX_1_N001,2026-06-18,20,test,-55.570173050365085,0.35912881935163843,0.6408711806483616,0.3022031286666659,0.8085522309667089,711.0701,1
CONTROLX_1_N001,2026-06-18,21,test,-58.72370140548913,0.36250076427337186,0.6374992357266281,0.30500236759200444,0.8089173649927318,819.8799,1
CONTROLX_1_N001,2026-06-18,22,test,-56.334178065424624,0.35985578518687417,0.6401442148131258,0.30300006729619366,0.8086802368265614,862.7338,1
CONTROLX_1_N001,2026-06-18,23,test,-64.21314334165996,0.35985578518687417,0.6401442148131258,0.3132294548321851,0.8083614251811636,839.9839999999999,1
CONTROLX_1_N001,2026-06-18,24,test,-64.6112484564996,0.35637167800029645,0.6436283219997035,0.30975642846636625,0.8346700452893198,794.5533,1
CONTROLX_1_N001,2026-06-19,1,test,-44.012464982800736,0.34437808740559833,0.6556219125944016,0.27117439265762694,0.8574551377739918,787.9656,1
CONTROLX_1_N001,2026-06-19,2,test,-44.012464982800736,0.34578923650560245,0.6542107634943976,0.2694836437229829,0.8722439943285983,402.41100000000006,1
CONTROLX_1_N001,2026-06-19,3,test,-44.012464982800736,0.34578923650560245,0.6542107634943976,0.26504908380308784,0.9238188054763412,699.0566,1
CONTROLX_1_N001,2026-06-19,4,test,-44.012464982800736,0.349322002294665,0.650677997705335,0.261261957207985,0.941252574055931,693.6991,1
CONTROLX_1_N001,2026-06-19,5,test,-42.51535398265227,0.3514673093727994,0.6485326906272006,0.2552690659430656,0.9325447087864586,298.9084,1
CONTROLX_1_N001,2026-06-19,6,test,-42.51535398265227,0.34932569458778107,0.6506743054122189,0.25744834187769355,0.9137087577917531,547.7398999999999,1
CONTROLX_1_N001,2026-06-19,7,test,-44.012464982800736,0.3442599006727158,0.6557400993272842,0.2658890507805039,0.9001701054251184,487.7081,1
CONTROLX_1_N001,2026-06-19,8,test,-44.012464982800736,0.3442599006727158,0.6557400993272842,0.26413671440581143,0.9211947671860922,771.1215,1
CONTROLX_1_N001,2026-06-19,9,test,-40.76631812050843,0.3409798793439435,0.6590201206560564,0.2733782615349344,0.8330767295766577,830.1968,1
CONTROLX_1_N001,2026-06-19,10,test,-40.34141410540339,0.31167701963287797,0.688322980367122,0.32097139864618984,0.6939065641515576,879.8981,1
CONTROLX_1_N001,2026-06-19,11,test,-40.240040618208965,0.30719958395236785,0.6928004160476322,0.3425629998846253,0.6021760180102861,525.2731,1
CONTROLX_1_N001,2026-06-19,12,test,-40.240040618208965,0.30719958395236785,0.6928004160476322,0.3464566666947712,0.6068304257695846,851.9157,1
CONTROLX_1_N001,2026-06-19,13,test,-38.70073110499775,0.30719958395236785,0.6928004160476322,0.33782233035893316,0.6242837259821896,826.9974,1
CONTROLX_1_N001,2026-06-19,14,test,-38.70073110499775,0.3028411386523841,0.6971588613476158,0.3554306795746338,0.5442461461295288,693.9313,1
CONTROLX_1_N001,2026-06-19,15,test,-38.70073110499775,0.30719958395236785,0.6928004160476322,0.34791715166950027,0.5428578038265489,435.2799,1
CONTROLX_1_N001,2026-06-19,16,test,-38.70073110499775,0.3028411386523841,0.6971588613476158,0.3518460814631317,0.5426713057701565,51.310299999999984,1
CONTROLX_1_N001,2026-06-19,17,test,-39.12563512010279,0.331857183875754,0.668142816124246,0.3197835723459096,0.5505251673487548,379.2794,1
CONTROLX_1_N001,2026-06-19,18,test,-40.240040618208965,0.32797263177005825,0.6720273682299418,0.321676778143836,0.5479826142353125,769.0579,1
CONTROLX_1_N001,2026-06-19,19,test,-40.34141410540339,0.33728261105506,0.66271738894494,0.3197712581696823,0.5516589618288108,357.1011,1
CONTROLX_1_N001,2026-06-19,20,test,-40.34141410540339,0.34301622848237845,0.6569837715176216,0.31019706252954393,0.5496566914488663,724.7955,1
CONTROLX_1_N001,2026-06-19,21,test,-44.012464982800736,0.3463186409394966,0.6536813590605034,0.3147488156438615,0.5488884552653519,831.1318,1
CONTROLX_1_N001,2026-06-19,22,test,-44.012464982800736,0.3437280718019322,0.6562719281980678,0.31653257784562266,0.5484930946085519,744.099,1
CONTROLX_1_N001,2026-06-19,23,test,-44.012464982800736,0.3437280718019322,0.6562719281980678,0.3102311833514366,0.5827647704951588,768.7340999999999,1
CONTROLX_1_N001,2026-06-19,24,test,-44.012464982800736,0.34031710022659933,0.6596828997734007,0.31440505142653086,0.5834577909653534,942.179,1
CONTROLX_1_N001,2026-06-20,1,test,-61.778436021278594,0.36196032035321224,0.6380396796467878,0.30408644507428395,0.8029772911252264,678.5256,1
CONTROLX_1_N001,2026-06-20,2,test,-61.778436021278594,0.36196032035321224,0.6380396796467878,0.2950006975791901,0.8484994778519966,436.95799999999997,1
CONTROLX_1_N001,2026-06-20,3,test,-60.44948451170339,0.36196032035321224,0.6380396796467878,0.28691364192962043,0.9385224093631767,723.184,1
CONTROLX_1_N001,2026-06-20,4,test,-59.81391413520622,0.3678045613888281,0.6321954386111719,0.29136907483621743,0.8443682019535766,871.9908,1
CONTROLX_1_N001,2026-06-20,5,test,-58.83712363339621,0.3598255893231545,0.6401744106768454,0.3007939387015707,0.8476512374153077,629.0741,1
CONTROLX_1_N001,2026-06-20,6,test,-59.81391413520622,0.3523127937180915,0.6476872062819086,0.30952874242719913,0.8454138887391619,551.7736,1
CONTROLX_1_N001,2026-06-20,7,test,-59.81391413520622,0.3523127937180915,0.6476872062819086,0.31594492113629247,0.7414528906068734,563.7748,1
CONTROLX_1_N001,2026-06-20,8,test,-59.81391413520622,0.3603988640261518,0.6396011359738483,0.32600734245071183,0.6765656256696668,758.9941,1
CONTROLX_1_N001,2026-06-20,9,test,-56.14286325780887,0.3570488009950876,0.6429511990049124,0.30143176834448815,0.8494718642373676,952.2760000000001,1
CONTROLX_1_N001,2026-06-20,10,test,-49.00928263964053,0.3270503279804559,0.672949672019544,0.3173247932288759,0.8817894445960046,796.0103,1
CONTROLX_1_N001,2026-06-20,11,test,-48.39582939905734,0.32639882354491795,0.673601176455082,0.31858729576534506,0.8992927968791911,937.6486,1
CONTROLX_1_N001,2026-06-20,12,test,-47.09225364328558,0.32639882354491795,0.673601176455082,0.3172076981061591,0.884562106246816,798.6173,1
CONTROLX_1_N001,2026-06-20,13,test,-45.552944130074366,0.32639882354491795,0.673601176455082,0.3211691796478173,0.8198834687071127,813.5537,1
CONTROLX_1_N001,2026-06-20,14,test,-45.552944130074366,0.32639882354491795,0.673601176455082,0.3187263496903049,0.8439086978079632,828.7612,1
CONTROLX_1_N001,2026-06-20,15,test,-45.552944130074366,0.32639882354491795,0.673601176455082,0.3191573703443087,0.8463476308725922,822.4391,1
CONTROLX_1_N001,2026-06-20,16,test,-45.552944130074366,0.3224555043693221,0.677544495630678,0.32364990054475296,0.8388349745696013,790.1268,1
CONTROLX_1_N001,2026-06-20,17,test,-54.225834261453926,0.34988635607232543,0.6501136439276746,0.31047374335003464,0.7976182958048599,750.4168,1
CONTROLX_1_N001,2026-06-20,18,test,-56.16498039372286,0.34923148171227636,0.6507685182877236,0.3245274867678873,0.7450279602157509,700.3311,1
CONTROLX_1_N001,2026-06-20,19,test,-58.107385143881245,0.3496333069784572,0.6503666930215428,0.3317242645938745,0.7156172105647762,596.6389,1
CONTROLX_1_N001,2026-06-20,20,test,-58.107385143881245,0.35546426503083534,0.6445357349691647,0.3243806735352836,0.6761446839396661,712.2429,1
CONTROLX_1_N001,2026-06-20,21,test,-61.778436021278594,0.35985578518687417,0.6401442148131258,0.32924066615636927,0.6805538044293852,557.3683,1
CONTROLX_1_N001,2026-06-20,22,test,-61.778436021278594,0.35985578518687417,0.6401442148131258,0.335742219360037,0.6574699513504491,480.20869999999996,1
CONTROLX_1_N001,2026-06-20,23,test,-61.778436021278594,0.35985578518687417,0.6401442148131258,0.3269111992822712,0.675755345715112,570.5521,1
CONTROLX_1_N001,2026-06-20,24,test,-61.778436021278594,0.36129540639803404,0.638704593601966,0.3155833807403601,0.7388971384320794,702.1894,1
CONTROLX_1_N001,2026-06-21,1,test,-65.16119168446774,0.36196032035321224,0.6380396796467878,0.29155610644712615,0.9012948680891683,517.4648,1
CONTROLX_1_N001,2026-06-21,2,test,-58.040674749721816,0.36196032035321224,0.6380396796467878,0.2797957571211299,0.9152629560042832,506.553,1
CONTROLX_1_N001,2026-06-21,3,test,-57.405104373224646,0.36196032035321224,0.6380396796467878,0.27865102278189224,0.8934436958736796,458.91819999999996,1
CONTROLX_1_N001,2026-06-21,4,test,-57.405104373224646,0.36196032035321224,0.6380396796467878,0.29312354337906943,0.8069585903905159,785.7689,1
CONTROLX_1_N001,2026-06-21,5,test,-57.405104373224646,0.3598255893231545,0.6401744106768454,0.29324657388833486,0.8430861062038444,794.2532,1
CONTROLX_1_N001,2026-06-21,6,test,-57.405104373224646,0.3557791539096459,0.6442208460903541,0.2978456019904404,0.8344861284797468,491.44309999999996,1
CONTROLX_1_N001,2026-06-21,7,test,-50.2715237550563,0.3557791539096459,0.6442208460903541,0.27978168455986707,0.8603702944037381,808.9024,1
CONTROLX_1_N001,2026-06-21,8,test,-50.2715237550563,0.36390008283487846,0.6360999171651216,0.27602643153314876,0.8689415998939818,771.0082,1
CONTROLX_1_N001,2026-06-21,9,test,-52.392038302829675,0.3467716238178433,0.6532283761821567,0.29887546441988455,0.8727046986098566,643.5218,1
CONTROLX_1_N001,2026-06-21,10,test,-52.392038302829675,0.3172106117393766,0.6827893882606234,0.3356621678281245,0.8361322829569267,647.9377,1
CONTROLX_1_N001,2026-06-21,11,test,-50.88420283413028,0.32639882354491795,0.673601176455082,0.32934688653554994,0.8052503958139524,816.8424,1
CONTROLX_1_N001,2026-06-21,12,test,-49.58062707835852,0.32639882354491795,0.673601176455082,0.3294311950098918,0.8120726015245111,805.9779000000001,1
CONTROLX_1_N001,2026-06-21,13,test,-48.0413175651473,0.32639882354491795,0.673601176455082,0.3258688083909427,0.8111193146983837,718.6048000000001,1
CONTROLX_1_N001,2026-06-21,14,test,-48.0413175651473,0.32639882354491795,0.673601176455082,0.3271129991404852,0.7954556385631105,729.5115999999999,1
CONTROLX_1_N001,2026-06-21,15,test,-48.93569979326351,0.3325665617416513,0.6674334382583487,0.3128815303871668,0.8751511649600661,733.9521,1
CONTROLX_1_N001,2026-06-21,16,test,-48.238151309924376,0.3248714241992281,0.6751285758007719,0.3284006687838187,0.8301916307911072,701.5346,1
CONTROLX_1_N001,2026-06-21,17,test,-57.31087806036165,0.3524009014428284,0.6475990985571716,0.3133798394506851,0.7822201360024597,810.9909,1
CONTROLX_1_N001,2026-06-21,18,test,-58.85018757357287,0.35174386707157146,0.6482561329284285,0.3223067982765534,0.7334054821898209,541.927,1
CONTROLX_1_N001,2026-06-21,19,test,-61.49014080707039,0.34876029241406403,0.651239707585936,0.317842173714038,0.7844005566606681,385.6803,1
CONTROLX_1_N001,2026-06-21,20,test,-61.49014080707039,0.35546426503083534,0.6445357349691647,0.3199219637710451,0.724306442561308,606.8144,1
CONTROLX_1_N001,2026-06-21,21,test,-65.16119168446774,0.3587669264800311,0.6412330735199689,0.3207058476211089,0.7685749738251082,494.40560000000005,1
CONTROLX_1_N001,2026-06-21,22,test,-65.16119168446774,0.3561339716872254,0.6438660283127746,0.3231173007937078,0.7677815292567135,749.5423,1
CONTROLX_1_N001,2026-06-21,23,test,-65.16119168446774,0.35618793570937,0.64381206429063,0.31624907728648516,0.7446401797737539,705.969,1
CONTROLX_1_N001,2026-06-21,24,test,-59.36962625929701,0.36129540639803404,0.638704593601966,0.29800711768471644,0.7881480984396564,862.064,1
CONTROLX_1_N001,2026-06-22,1,test,-52.66167577460696,0.35519484973875703,0.644805150261243,0.27577356410575804,0.9594777055601715,542.0281,1
CONTROLX_1_N001,2026-06-22,2,test,-51.33272426503177,0.3557791539096459,0.6442208460903541,0.28743001048298544,0.8946642600034265,511.46040000000005,1
CONTROLX_1_N001,2026-06-22,3,test,-51.33272426503177,0.3557791539096459,0.6442208460903541,0.2712334739836012,0.9586700427853886,402.94669999999996,1
CONTROLX_1_N001,2026-06-22,4,test,-50.6971538885346,0.3557791539096459,0.6442208460903541,0.27700043150317055,0.9962111986669705,818.182,1
CONTROLX_1_N001,2026-06-22,5,test,-50.6971538885346,0.3557791539096459,0.6442208460903541,0.2757527569628086,0.9834636418756433,0.0007999999999981355,1
CONTROLX_1_N001,2026-06-22,6,test,-51.33272426503177,0.3557791539096459,0.6442208460903541,0.26928304383618523,0.9389779984969187,503.0711,1
CONTROLX_1_N001,2026-06-22,7,test,-51.33272426503177,0.35770436219743246,0.6422956378025675,0.29252647393615705,0.8211448718684439,-0.6508000000000038,-1
CONTROLX_1_N001,2026-06-22,8,test,-52.66167577460696,0.3468048910188694,0.6531951089811305,0.30016094605884747,0.8680500231469768,-416.0232,-1
CONTROLX_1_N001,2026-06-22,9,test,-48.990624897209614,0.36053581989830563,0.6394641801016944,0.27923580008821713,0.8571645199930911,-201.24879999999996,-1
CONTROLX_1_N001,2026-06-22,10,test,-53.45323881280514,0.32435144950392486,0.6756485504960752,0.3263645816503765,0.8431090798755967,-467.5471,-1
CONTROLX_1_N001,2026-06-22,11,test,-52.839785572221956,0.3224555043693221,0.677544495630678,0.30139917236980024,0.9203772802885974,-581.3424,-1
CONTROLX_1_N001,2026-06-22,12,test,-49.361329926741824,0.3224555043693221,0.677544495630678,0.2979626688229309,0.9004832579951771,-386.29810000000003,-1
CONTROLX_1_N001,2026-06-22,13,test,-49.361329926741824,0.3224555043693221,0.677544495630678,0.30648011276001286,0.9493373673974358,434.44010000000003,1
CONTROLX_1_N001,2026-06-22,14,test,-51.30047605901074,0.3224555043693221,0.677544495630678,0.3142131563303957,0.9945119977861486,506.5363,1
CONTROLX_1_N001,2026-06-22,15,test,-51.30047605901074,0.3224555043693221,0.677544495630678,0.34110493590250834,0.784016811117905,-40.741299999999995,-1
CONTROLX_1_N001,2026-06-22,16,test,-51.30047605901074,0.3210928423406236,0.6789071576593764,0.33425540096404394,0.8236115211903473,426.56379999999996,1
CONTROLX_1_N001,2026-06-22,17,test,-51.30047605901074,0.34846739286386846,0.6515326071361316,0.31158838582935533,0.7682920512767509,-52.9242,-1
CONTROLX_1_N001,2026-06-22,18,test,-52.839785572221956,0.34420264680211593,0.655797353197884,0.3123829730260066,0.8121592849397353,-122.7509,-1
CONTROLX_1_N001,2026-06-22,19,test,-54.782190322380345,0.34420264680211593,0.655797353197884,0.31437303911070713,0.7850316702918996,-175.8485,-1
CONTROLX_1_N001,2026-06-22,20,test,-54.782190322380345,0.35099618678667394,0.649003813213326,0.30258413870926126,0.781811171260543,-92.46820000000001,-1
CONTROLX_1_N001,2026-06-22,21,test,-58.45324119977769,0.35618793570937,0.64381206429063,0.30458426841095276,0.7826420832083426,1.3048000000000002,1
CONTROLX_1_N001,2026-06-22,22,test,-58.45324119977769,0.35618793570937,0.64381206429063,0.302120001199344,0.8208842848393691,-180.9144,-1
CONTROLX_1_N001,2026-06-22,23,test,-58.45324119977769,0.3453098295494889,0.654690170450511,0.31782231865729416,0.7924012594979659,146.61360000000002,1
CONTROLX_1_N001,2026-06-22,24,test,-58.45324119977769,0.35985578518687417,0.6401442148131258,0.3012182937899513,0.7838694992146882,-637.0658,-1
CONTROLX_1_N001,2026-06-23,1,test,-59.3326849503955,0.362455972726546,0.637544027273454,0.2902646739036021,0.9271293820695313,-43.971199999999996,-1
CONTROLX_1_N001,2026-06-23,2,test,-59.3326849503955,0.3617603980856356,0.6382396019143644,0.29709371473756324,0.8839867759284968,20.64840000000001,1
CONTROLX_1_N001,2026-06-23,3,test,-58.0037334408203,0.35422955853345084,0.6457704414665492,0.29472697208115856,0.9554518959768088,-850.7055,-1
CONTROLX_1_N001,2026-06-23,4,test,-58.0037334408203,0.35770436219743246,0.6422956378025675,0.28708855136549005,0.9929276059033337,-1076.3022,-1
CONTROLX_1_N001,2026-06-23,5,test,-58.0037334408203,0.35770436219743246,0.6422956378025675,0.290741738849595,0.9512322214969411,-184.6026,-1
CONTROLX_1_N001,2026-06-23,6,test,-59.3326849503955,0.35770436219743246,0.6422956378025675,0.31344703577327615,0.7926112986729174,-174.71439999999998,-1
CONTROLX_1_N001,2026-06-23,7,test,-59.3326849503955,0.35422955853345084,0.6457704414665492,0.31696333671415555,0.7906078224631281,-644.3188,-1
CONTROLX_1_N001,2026-06-23,8,test,-59.603455294821686,0.34337936228892146,0.6566206377110786,0.31748893377829634,0.9020122498752153,-168.6497,-1
CONTROLX_1_N001,2026-06-23,9,test,-56.0865380881032,0.3570488009950876,0.6429511990049124,0.29891637269818494,0.8626601229285125,-163.4785,-1
CONTROLX_1_N001,2026-06-23,10,test,-54.33268256342295,0.33047331215008335,0.6695266878499166,0.3264692016742796,0.8922132483772556,-159.65390000000002,-1
CONTROLX_1_N001,2026-06-23,11,test,-53.719229322839766,0.3285589841075072,0.6714410158924928,0.3017273926371081,0.8895789571287137,0.024199999999979127,1
CONTROLX_1_N001,2026-06-23,12,test,-52.17991980962855,0.3285589841075072,0.6714410158924928,0.29915864656235114,0.8857492582599679,-0.019900000000006912,-1
CONTROLX_1_N001,2026-06-23,13,test,-52.17991980962855,0.3285589841075072,0.6714410158924928,0.3068440483684995,0.9459757811104351,50.37609999999998,1
CONTROLX_1_N001,2026-06-23,14,test,-52.17991980962855,0.3224555043693221,0.677544495630678,0.33745464424109733,0.8374831993675391,-160.08089999999999,-1
CONTROLX_1_N001,2026-06-23,15,test,-52.17991980962855,0.3210928423406236,0.6789071576593764,0.3399413361779261,0.843385539577075,-165.7129,-1
CONTROLX_1_N001,2026-06-23,16,test,-52.17991980962855,0.3210928423406236,0.6789071576593764,0.33967197699038987,0.8419599769655577,-166.4954,-1
CONTROLX_1_N001,2026-06-23,17,test,-51.48237132628942,0.34846739286386846,0.6515326071361316,0.30801568529159057,0.8252396433352521,-170.4,-1
CONTROLX_1_N001,2026-06-23,18,test,-53.719229322839766,0.3478137534579408,0.6521862465420591,0.3079646377946801,0.8002994321614579,-175.1098,-1
CONTROLX_1_N001,2026-06-23,19,test,-55.661634072998154,0.3497818254319351,0.6502181745680649,0.31421506259578524,0.7503429170244762,-177.6561,-1
CONTROLX_1_N001,2026-06-23,20,test,-55.661634072998154,0.356494685213102,0.643505314786898,0.29724518492490287,0.8567342215159564,-181.8599,-1
CONTROLX_1_N001,2026-06-23,21,test,-59.3326849503955,0.35985578518687417,0.6401442148131258,0.29971524048415293,0.8508989852317745,-182.21429999999998,-1
CONTROLX_1_N001,2026-06-23,22,test,-59.3326849503955,0.35985578518687417,0.6401442148131258,0.3002163389135284,0.8536662610888991,-185.1581,-1
CONTROLX_1_N001,2026-06-23,23,test,-59.3326849503955,0.34892637160622586,0.6510736283937741,0.31867107717170334,0.8045118411528285,13.50460000000001,1
CONTROLX_1_N001,2026-06-23,24,test,-59.3326849503955,0.34892637160622586,0.6510736283937741,0.3177518249223944,0.8005006859311807,-182.696,-1
CONTROLX_1_N001,2026-06-24,1,test,-73.25445514755789,0.33031231171156944,0.6696876882884306,0.3875901025204793,0.556548326926307,-183.06799999999998,-1
CONTROLX_1_N001,2026-06-24,2,test,-73.25445514755789,0.33169498378281104,0.668305016217189,0.3872128090839425,0.5453947883599645,-90.0747,-1
CONTROLX_1_N001,2026-06-24,3,test,-73.25445514755789,0.33169498378281104,0.668305016217189,0.38522571295036956,0.576300998634498,-0.5566000000000031,-1
CONTROLX_1_N001,2026-06-24,4,test,-73.25445514755789,0.32964652770833314,0.6703534722916669,0.38593250326993533,0.58799403616199,-0.6935000000000002,-1
CONTROLX_1_N001,2026-06-24,5,test,-73.25445514755789,0.33634551418526853,0.6636544858147315,0.38338764536504866,0.5708128770841079,-0.012300000000010414,-1
CONTROLX_1_N001,2026-06-24,6,test,-73.25445514755789,0.325766771368676,0.674233228631324,0.3989015243082025,0.534795957183449,-187.4162,-1
CONTROLX_1_N001,2026-06-24,7,test,-73.25445514755789,0.33634551418526853,0.6636544858147315,0.3798283577029742,0.5659386353816699,-139.9333,-1
CONTROLX_1_N001,2026-06-24,8,test,-73.25445514755789,0.3477853481090442,0.6522146518909557,0.3553792766488776,0.6352557757649305,-179.02079999999998,-1
CONTROLX_1_N001,2026-06-24,9,test,-70.00830828526558,0.33378332491477525,0.6662166750852248,0.36682490590873235,0.6453476332466084,-176.73590000000002,-1
CONTROLX_1_N001,2026-06-24,10,test,-70.00830828526558,0.31776368229516444,0.6822363177048356,0.38859269174179645,0.6317246360868156,-178.4758,-1
CONTROLX_1_N001,2026-06-24,11,test,-69.14071381165073,0.31207735892375593,0.687922641076244,0.39338104124154727,0.633141264869406,-177.3111,-1
CONTROLX_1_N001,2026-06-24,12,test,-67.60140429843952,0.30614045297580633,0.6938595470241937,0.3904965749406124,0.6742551392115531,-178.77120000000002,-1
CONTROLX_1_N001,2026-06-24,13,test,-68.36762528485995,0.3087425318523315,0.6912574681476684,0.3939722200829143,0.6312241481324419,-180.6587,-1
CONTROLX_1_N001,2026-06-24,14,test,-68.36762528485995,0.3074115268351538,0.6925884731648462,0.3954003523085551,0.6313577194972939,-181.8668,-1
CONTROLX_1_N001,2026-06-24,15,test,-67.60140429843952,0.31073843996040285,0.6892615600395972,0.3804646935341288,0.7007374346879197,-184.1467,-1
CONTROLX_1_N001,2026-06-24,16,test,-68.36762528485995,0.30561592323699455,0.6943840767630054,0.3973842445574945,0.6412121537260329,-91.5378,-1
CONTROLX_1_N001,2026-06-24,17,test,-67.60140429843952,0.32961084136305974,0.6703891586369403,0.36512895400456485,0.6496234943072141,-43.179100000000005,-1
CONTROLX_1_N001,2026-06-24,18,test,-69.14071381165073,0.3185165330303839,0.6814834669696161,0.3903323537944775,0.5833999964258035,222.4986,1
CONTROLX_1_N001,2026-06-24,19,test,-70.00830828526558,0.3308902694900858,0.6691097305099142,0.3886811685075132,0.5353318812230753,-172.6933,-1
CONTROLX_1_N001,2026-06-24,20,test,-72.3978316253301,0.3298873584029267,0.6701126415970733,0.3878883721161568,0.5447528083823296,88.16219999999998,1
CONTROLX_1_N001,2026-06-24,21,test,-73.25445514755789,0.3296754952198182,0.6703245047801818,0.3878328495575609,0.5440787505317826,-77.6633,-1
CONTROLX_1_N001,2026-06-24,22,test,-73.25445514755789,0.33312746316063513,0.6668725368393649,0.38808773000282315,0.5455487685332536,-9.311900000000009,-1
CONTROLX_1_N001,2026-06-24,23,test,-73.25445514755789,0.3296754952198182,0.6703245047801818,0.3870317391323793,0.5418597757312968,44.6755,1
CONTROLX_1_N001,2026-06-24,24,test,-73.25445514755789,0.33312746316063513,0.6668725368393649,0.3832111141905168,0.5468211406058647,787.2955,1
CONTROLX_1_N001,2026-06-25,1,test,-60.26895692482365,0.35756031995838516,0.6424396800416148,0.3377485302401997,0.6607987206956907,170.59300000000002,1
CONTROLX_1_N001,2026-06-25,2,test,-60.26895692482365,0.33813008789749616,0.6618699121025038,0.3702586811430656,0.5964988325202188,170.6005,1
CONTROLX_1_N001,2026-06-25,3,test,-60.66264836492355,0.36857648362484163,0.6314235163751584,0.3287971549243241,0.6631154798847507,169.1844,1
CONTROLX_1_N001,2026-06-25,4,test,-60.66264836492355,0.36857648362484163,0.6314235163751584,0.33069497437232465,0.6509982648468263,169.1701,1
CONTROLX_1_N001,2026-06-25,5,test,-60.66264836492355,0.36857648362484163,0.6314235163751584,0.34205239237934926,0.5978793237962722,169.0875,1
CONTROLX_1_N001,2026-06-25,6,test,-60.66264836492355,0.36857648362484163,0.6314235163751584,0.3400916151564181,0.596015217776241,170.7048,1
CONTROLX_1_N001,2026-06-25,7,test,-60.66264836492355,0.36857648362484163,0.6314235163751584,0.33914944580652967,0.5951324705896449,170.3617,1
CONTROLX_1_N001,2026-06-25,8,test,-61.16755856737861,0.3656994941020763,0.6343005058979236,0.3339735929214661,0.665499585498395,289.16909999999996,1
CONTROLX_1_N001,2026-06-25,9,test,-59.89065308089865,0.3623280713528719,0.6376719286471281,0.3352361133893106,0.6825566710136177,834.5376,1
CONTROLX_1_N001,2026-06-25,10,test,-58.19483483178135,0.3187027095028739,0.6812972904971262,0.38121741640226553,0.6589470553242059,646.7793,1
CONTROLX_1_N001,2026-06-25,11,test,-57.69976990448702,0.3039999384322251,0.6960000615677748,0.39613222174555573,0.6618415681005292,336.27320000000003,1
CONTROLX_1_N001,2026-06-25,12,test,-56.160460391275805,0.3039999384322251,0.6960000615677748,0.3804921885096023,0.7359832151747294,232.76739999999998,1
CONTROLX_1_N001,2026-06-25,13,test,-56.160460391275805,0.3071745755123096,0.6928254244876904,0.3815176644028129,0.6966567937229993,397.481,1
CONTROLX_1_N001,2026-06-25,14,test,-55.78793084495528,0.325672475007865,0.674327524992135,0.3639263802495069,0.7006440106154991,262.7307,1
CONTROLX_1_N001,2026-06-25,15,test,-55.78793084495528,0.3193382890060177,0.6806617109939823,0.3836829344662246,0.6306651638432109,820.4228,1
CONTROLX_1_N001,2026-06-25,16,test,-55.78793084495528,0.33183615891310614,0.6681638410868939,0.3672476867166192,0.6340761394474614,857.4322999999999,1
CONTROLX_1_N001,2026-06-25,17,test,-57.48374909407258,0.34351377460994853,0.6564862253900514,0.3566898960639623,0.6473761478122539,512.1883,1
CONTROLX_1_N001,2026-06-25,18,test,-59.023058607283794,0.342864537245862,0.6571354627541379,0.3600461725112779,0.6466296264282112,259.6506,1
CONTROLX_1_N001,2026-06-25,19,test,-59.7585065809827,0.34787950918511995,0.6521204908148801,0.37807052127267227,0.5674159475540289,634.2084,1
CONTROLX_1_N001,2026-06-25,20,test,-59.9676776717051,0.3528018923895479,0.647198107610452,0.36119002510465414,0.6015011728941805,430.0512,1
CONTROLX_1_N001,2026-06-25,21,test,-60.73967295572999,0.3552381459566027,0.6447618540433973,0.3539557300962164,0.5953650014228173,293.3225,1
CONTROLX_1_N001,2026-06-25,22,test,-61.03541206746266,0.35800561702242173,0.6419943829775783,0.35656971914130564,0.5999421108984072,310.2721,1
CONTROLX_1_N001,2026-06-25,23,test,-60.26895692482365,0.3375151741593081,0.6624848258406919,0.36601328271528577,0.6326026318984613,126.3229,1
CONTROLX_1_N001,2026-06-25,24,test,-61.16755856737861,0.35800561702242173,0.6419943829775783,0.33345435269827406,0.7124999898748262,221.48080000000002,1
CONTROLX_1_N001,2026-06-26,1,test,-53.51357105805534,0.34977347529184466,0.6502265247081553,0.2833517722558785,0.9244398702122658,76.9708,1
CONTROLX_1_N001,2026-06-26,2,test,-53.51357105805534,0.3420285206296797,0.6579714793703203,0.2921682207443575,0.9355703492706311,-65.29360000000001,-1
CONTROLX_1_N001,2026-06-26,3,test,-53.642591405725646,0.347358029516697,0.6526419704833031,0.27723759515043916,0.815540351118865,-162.8664,-1
CONTROLX_1_N001,2026-06-26,4,test,-52.85695494281284,0.347358029516697,0.6526419704833031,0.2749499936017863,0.8054869818189866,-76.73839999999998,-1
CONTROLX_1_N001,2026-06-26,5,test,-52.85695494281284,0.347358029516697,0.6526419704833031,0.2761762562921549,0.8093331559005398,1039.169,1
CONTROLX_1_N001,2026-06-26,6,test,-53.23284479759759,0.34813034691864003,0.6518696530813599,0.27557626593221285,0.8322306149436214,62.01509999999999,1
CONTROLX_1_N001,2026-06-26,7,test,-54.018481260510406,0.34813034691864003,0.6518696530813599,0.28460245032708126,0.8992336679552307,260.90160000000003,1
CONTROLX_1_N001,2026-06-26,8,test,-50.98450860773543,0.3431136615241671,0.6568863384758329,0.2886099179068363,0.8935234714011716,153.36100000000002,1
CONTROLX_1_N001,2026-06-26,9,test,-49.70760312125547,0.3398259229227719,0.6601740770772281,0.29539804591255964,0.9422910983156481,126.58439999999999,1
CONTROLX_1_N001,2026-06-26,10,test,-47.22614840922535,0.3040877536678403,0.6959122463321596,0.31935854021813825,0.8740366054157434,121.03309999999999,1
CONTROLX_1_N001,2026-06-26,11,test,-45.03238879113316,0.31687063072340976,0.6831293692765903,0.3062334233462836,0.932804839147248,303.59889999999996,1
CONTROLX_1_N001,2026-06-26,12,test,-41.306372530152245,0.31687063072340976,0.6831293692765903,0.3002278888764917,0.9138383780268717,453.2947,1
CONTROLX_1_N001,2026-06-26,13,test,-41.306372530152245,0.31687063072340976,0.6831293692765903,0.30060951285052195,0.9099620231187863,233.58069999999998,1
CONTROLX_1_N001,2026-06-26,14,test,-41.306372530152245,0.2985390681753129,0.7014609318246872,0.3243756715868029,0.9624678022009676,232.0025,1
CONTROLX_1_N001,2026-06-26,15,test,-43.49307927792194,0.2985390681753129,0.7014609318246872,0.33246870282627183,0.9956043160743986,631.093,1
CONTROLX_1_N001,2026-06-26,16,test,-42.854969265980785,0.2985390681753129,0.7014609318246872,0.3471051170056174,0.8705549395451767,634.3236,1
CONTROLX_1_N001,2026-06-26,17,test,-44.17489766031333,0.32830932340372604,0.671690676596274,0.32833281320384344,0.8075270019480056,783.3808,1
CONTROLX_1_N001,2026-06-26,18,test,-49.514400812719956,0.3392300181156319,0.6607699818843681,0.3274344851254974,0.7966427964658215,752.8367,1
CONTROLX_1_N001,2026-06-26,19,test,-51.8326954176631,0.33503398230598036,0.6649660176940196,0.3362953068185515,0.7724253625640894,747.1763000000001,1
CONTROLX_1_N001,2026-06-26,20,test,-51.72757590730453,0.34602033821528133,0.6539796617847187,0.3326958140425391,0.6924056799764218,543.3054,1
CONTROLX_1_N001,2026-06-26,21,test,-53.38037124856925,0.34249437457663967,0.6575056254233603,0.3405236651501135,0.7126752991982365,822.9128,1
CONTROLX_1_N001,2026-06-26,22,test,-52.73371104935831,0.3467351255550743,0.6532648744449256,0.33127021802864753,0.7034626302953476,790.3215,1
CONTROLX_1_N001,2026-06-26,23,test,-53.13768120327058,0.34564455790880383,0.6543554420911961,0.32398919484566957,0.7381679740206653,811.3811,1
CONTROLX_1_N001,2026-06-26,24,test,-53.642591405725646,0.3467351255550743,0.6532648744449256,0.3165176597503212,0.8277300742738556,744.8795,1
CONTROLX_1_N001,2026-06-27,1,test,-22.35467002712458,0.3895205522589277,0.6104794477410723,0.2049941060893544,0.8438454781153515,801.3963,1
CONTROLX_1_N001,2026-06-27,2,test,-21.849759824669523,0.3845530370688871,0.6154469629311129,0.2135089748699029,0.8564314591066426,801.3049,1
CONTROLX_1_N001,2026-06-27,3,test,-21.06412336175671,0.3996809351065307,0.6003190648934693,0.18215600651330915,0.9439533239216295,773.0129,1
CONTROLX_1_N001,2026-06-27,4,test,-21.06412336175671,0.3996809351065307,0.6003190648934693,0.19258375140826706,0.9165344660419626,775.2832,1
CONTROLX_1_N001,2026-06-27,5,test,-20.42855298525954,0.37863878452479083,0.6213612154752092,0.22222535059879764,0.8106287416838311,716.4870999999999,1
CONTROLX_1_N001,2026-06-27,6,test,-20.933463187714597,0.38642635264134767,0.6135736473586524,0.21378479760019292,0.7948171521650175,452.8759,1
CONTROLX_1_N001,2026-06-27,7,test,-20.933463187714597,0.38325210432030804,0.6167478956796919,0.23345566387116307,0.6729517486108542,593.4498,1
CONTROLX_1_N001,2026-06-27,8,test,-20.933463187714597,0.39284677468634277,0.6071532253136572,0.22175437889089833,0.6711835517465355,686.8982,1
CONTROLX_1_N001,2026-06-27,9,test,-19.973742903946444,0.3893787140212232,0.6106212859787767,0.23167178296753763,0.6229892800060277,667.2163,1
CONTROLX_1_N001,2026-06-27,10,test,-19.862021221884888,0.3558742098094115,0.6441257901905886,0.26023060418192695,0.6598871371536364,679.0434,1
CONTROLX_1_N001,2026-06-27,11,test,-19.10780758048565,0.34626895240601124,0.6537310475939888,0.2693454497983607,0.6507139157189874,755.693,1
CONTROLX_1_N001,2026-06-27,12,test,-17.41431527480631,0.35395897732025816,0.6460410226797418,0.24223790431488312,0.7500191949843675,798.8688000000001,1
CONTROLX_1_N001,2026-06-27,13,test,-17.41431527480631,0.35395897732025816,0.6460410226797418,0.24063673781621456,0.7612763727614621,739.4369,1
CONTROLX_1_N001,2026-06-27,14,test,-17.41431527480631,0.35395897732025816,0.6460410226797418,0.24786517265378927,0.7007141261217428,758.478,1
CONTROLX_1_N001,2026-06-27,15,test,-17.41431527480631,0.34626895240601124,0.6537310475939888,0.25201440096102656,0.7516183244338928,732.3979,1
CONTROLX_1_N001,2026-06-27,16,test,-17.41431527480631,0.3422075317428097,0.6577924682571903,0.25620666340178677,0.7522457903625994,770.7401,1
CONTROLX_1_N001,2026-06-27,17,test,-17.82101481989502,0.36646237001869664,0.6335376299813034,0.23829193609587968,0.682046075632555,749.5483,1
CONTROLX_1_N001,2026-06-27,18,test,-20.50979649657128,0.38776539982739217,0.6122346001726078,0.23408621100216948,0.6407458423398877,714.7261,1
CONTROLX_1_N001,2026-06-27,19,test,-22.722971591155847,0.36771243242671653,0.6322875675732835,0.2760453937567643,0.5803082395436064,746.7189,1
CONTROLX_1_N001,2026-06-27,20,test,-22.722971591155847,0.3948022609632479,0.6051977390367521,0.24255555557879577,0.5952444670876518,768.229,1
CONTROLX_1_N001,2026-06-27,21,test,-22.8180626779692,0.38968054107755734,0.6103194589224427,0.24466382874144368,0.591409464326884,601.1179,1
CONTROLX_1_N001,2026-06-27,22,test,-22.144737687696676,0.38610922574003986,0.6138907742599602,0.2468795783588955,0.589622999852826,832.9283,1
CONTROLX_1_N001,2026-06-27,23,test,-22.144737687696676,0.40024236976346794,0.5997576302365321,0.23179623451367257,0.5885986781712775,770.1302,1
CONTROLX_1_N001,2026-06-27,24,test,-21.849759824669523,0.39899006001998294,0.6010099399800171,0.23479661518468267,0.5919362589818735,783.5426,1
CONTROLX_1_N001,2026-06-28,1,test,-65.9236160701768,0.33169498378281104,0.668305016217189,0.36305418048312565,0.6370528681850515,614.0299,1
CONTROLX_1_N001,2026-06-28,2,test,-65.9236160701768,0.34588477644178667,0.6541152235582133,0.3529167711068165,0.6285188811240195,706.361,1
CONTROLX_1_N001,2026-06-28,3,test,-65.9236160701768,0.3351575247085947,0.6648424752914053,0.3661914132559031,0.6346812279580447,655.4365,1
CONTROLX_1_N001,2026-06-28,4,test,-65.9236160701768,0.33309834305867053,0.6669016569413295,0.37107411874878315,0.6387592331563641,495.9421,1
CONTROLX_1_N001,2026-06-28,5,test,-65.9236160701768,0.325766771368676,0.674233228631324,0.37752321289086666,0.6285955948504885,481.2569,1
CONTROLX_1_N001,2026-06-28,6,test,-65.9236160701768,0.33634551418526853,0.6636544858147315,0.3654188824822332,0.6239496170196295,482.66240000000005,1
CONTROLX_1_N001,2026-06-28,7,test,-58.79003545200846,0.33634551418526853,0.6636544858147315,0.34494816502649067,0.6534040166489472,742.1933,1
CONTROLX_1_N001,2026-06-28,8,test,-58.79003545200846,0.3335573450969669,0.6664426549030331,0.3532256068556108,0.6661644905117983,678.5915,1
CONTROLX_1_N001,2026-06-28,9,test,-58.79003545200846,0.3204365554410641,0.6795634445589359,0.3888501863318959,0.5709222338769767,705.3852999999999,1
CONTROLX_1_N001,2026-06-28,10,test,-58.79003545200846,0.304764448784034,0.695235551215966,0.41290906053049414,0.5242895303327765,729.4849,1
CONTROLX_1_N001,2026-06-28,11,test,-58.68866196481404,0.31259552392852374,0.6874044760714763,0.40490275600980513,0.5242971728337562,721.352,1
CONTROLX_1_N001,2026-06-28,12,test,-58.68866196481404,0.3186258086761974,0.6813741913238026,0.3989836518871336,0.5243202336938988,726.3476,1
CONTROLX_1_N001,2026-06-28,13,test,-54.87428705040233,0.3186258086761974,0.6813741913238026,0.3975647206168659,0.5257837296030281,723.0958,1
CONTROLX_1_N001,2026-06-28,14,test,-54.87428705040233,0.3186258086761974,0.6813741913238026,0.39727799194197577,0.5257204491401383,20.52940000000001,1
CONTROLX_1_N001,2026-06-28,15,test,-54.87428705040233,0.3186258086761974,0.6813741913238026,0.38879259369609304,0.5258546033382728,-37.819900000000004,-1
CONTROLX_1_N001,2026-06-28,16,test,-54.87428705040233,0.3186258086761974,0.6813741913238026,0.3840540915481369,0.5248120190426924,13.575400000000002,1
CONTROLX_1_N001,2026-06-28,17,test,-56.413596563613545,0.32783316493329867,0.6721668350667014,0.37755265655949655,0.5246754202796989,-49.96969999999999,-1
CONTROLX_1_N001,2026-06-28,18,test,-63.016640460903794,0.32719879280600694,0.6728012071939931,0.3850874071970764,0.5318906256331449,-63.8519,-1
CONTROLX_1_N001,2026-06-28,19,test,-63.118013948098216,0.33312216256642635,0.6668778374335737,0.3809531907984064,0.5204607119176362,-146.7871,-1
CONTROLX_1_N001,2026-06-28,20,test,-65.3930793492987,0.3355378564622231,0.6644621435377769,0.3752748493449657,0.5397159041017071,-100.08270000000002,-1
CONTROLX_1_N001,2026-06-28,21,test,-65.9236160701768,0.3495880149315862,0.6504119850684138,0.3623589910327409,0.5397680698043958,-103.0355,-1
CONTROLX_1_N001,2026-06-28,22,test,-65.9236160701768,0.3428953938149619,0.6571046061850381,0.3677948540649892,0.5393284783977428,-110.6494,-1
CONTROLX_1_N001,2026-06-28,23,test,-65.9236160701768,0.344303657954075,0.655696342045925,0.36835313379832896,0.5400183590066742,-120.92670000000001,-1
CONTROLX_1_N001,2026-06-28,24,test,-65.9236160701768,0.33360043409004597,0.666399565909954,0.3778704592302402,0.5396009991954018,-80.83070000000001,-1
CONTROLX_1_N001,2026-06-29,1,test,-59.321598878063966,0.3611077776623682,0.6388922223376319,0.2955091485927265,0.9207557248700311,-108.0127,-1
CONTROLX_1_N001,2026-06-29,2,test,-59.321598878063966,0.3607279978732231,0.6392720021267768,0.27955623072672253,0.9292313693584979,-115.23639999999999,-1
CONTROLX_1_N001,2026-06-29,3,test,-58.686028501566796,0.36266491006901475,0.6373350899309853,0.2729034625462069,0.8928950976837033,-115.3127,-1
CONTROLX_1_N001,2026-06-29,4,test,-58.686028501566796,0.35755365975315345,0.6424463402468465,0.2892945107441295,0.9441959160891024,89.9317,1
CONTROLX_1_N001,2026-06-29,5,test,-58.686028501566796,0.341490261610519,0.658509738389481,0.30391135759059007,0.9574954143630336,333.23479999999995,1
CONTROLX_1_N001,2026-06-29,6,test,-59.321598878063966,0.35422955853345084,0.6457704414665492,0.2949606771015514,0.9789345568411605,709.4001000000001,1
CONTROLX_1_N001,2026-06-29,7,test,-59.321598878063966,0.34337936228892146,0.6566206377110786,0.32217084592098716,0.8474052334140386,303.25059999999996,1
CONTROLX_1_N001,2026-06-29,8,test,-59.603455294821686,0.34337936228892146,0.6566206377110786,0.31782434983362706,0.896808704392147,13.799000000000007,1
CONTROLX_1_N001,2026-06-29,9,test,-56.35730843252938,0.34406674723105196,0.6559332527689481,0.3206228080648355,0.8224138537480568,515.7047,1
CONTROLX_1_N001,2026-06-29,10,test,-56.07545201577166,0.3298390135353614,0.6701609864646386,0.3207511663591557,0.9854799136094474,-113.6662,-1
CONTROLX_1_N001,2026-06-29,11,test,-53.50856296144764,0.3240392377989951,0.6759607622010049,0.3214233999876619,0.9657854684065043,-118.9282,-1
CONTROLX_1_N001,2026-06-29,12,test,-47.09912512319193,0.32646130609837865,0.6735386939016214,0.311157124139824,0.995437811064615,-129.8649,-1
CONTROLX_1_N001,2026-06-29,13,test,-45.55981560998072,0.32646130609837865,0.6735386939016214,0.30297193868061173,0.9848248534619414,-144.2694,-1
CONTROLX_1_N001,2026-06-29,14,test,-42.89472814850916,0.3270606163813012,0.6729393836186988,0.2980410367134642,0.9724757829949953,-109.75750000000002,-1
CONTROLX_1_N001,2026-06-29,15,test,-47.066839893433404,0.3270606163813012,0.6729393836186988,0.3063073734459988,0.9916147747171107,-118.2195,-1
CONTROLX_1_N001,2026-06-29,16,test,-49.005986025702335,0.3270606163813012,0.6729393836186988,0.30171560099242806,0.9552947724826307,-117.8304,-1
CONTROLX_1_N001,2026-06-29,17,test,-49.005986025702335,0.3442202623021879,0.6557797376978121,0.29813615285222217,0.8988247813843904,-113.408,-1
CONTROLX_1_N001,2026-06-29,18,test,-53.21038300038509,0.35237404111016396,0.6476259588898361,0.30815432348519045,0.8017444012741182,-127.66090000000001,-1
CONTROLX_1_N001,2026-06-29,19,test,-55.423558094969664,0.35237404111016396,0.6476259588898361,0.31808675282014737,0.7514912524988864,-158.215,-1
CONTROLX_1_N001,2026-06-29,20,test,-55.423558094969664,0.35156765084737673,0.6484323491526233,0.31139503256369194,0.79297081619206,-132.54049999999998,-1
CONTROLX_1_N001,2026-06-29,21,test,-58.66970495726197,0.3661033275200565,0.6338966724799435,0.3031147029348782,0.7927303689592695,-121.55959999999999,-1
CONTROLX_1_N001,2026-06-29,22,test,-58.66970495726197,0.35674993045276376,0.6432500695472363,0.3127289447625528,0.7938141033371502,-124.3363,-1
CONTROLX_1_N001,2026-06-29,23,test,-58.66970495726197,0.3439070167157056,0.6560929832842943,0.3260559609755487,0.7958378507187512,-123.8868,-1
CONTROLX_1_N001,2026-06-29,24,test,-58.66970495726197,0.3439070167157056,0.6560929832842943,0.3279437043147403,0.8038872981100118,-112.3791,-1
CONTROLX_1_N001,2026-06-30,1,test,-62.088390493646514,0.3568562371898647,0.6431437628101353,0.2982219144769612,0.9199425714980696,-116.9896,-1
CONTROLX_1_N001,2026-06-30,2,test,-61.302754030733695,0.3568562371898647,0.6431437628101353,0.29393838653127496,0.9474226679917949,-110.74449999999999,-1
CONTROLX_1_N001,2026-06-30,3,test,-62.23650436829341,0.3568562371898647,0.6431437628101353,0.2928489274612155,0.9927306305406952,-136.6478,-1
CONTROLX_1_N001,2026-06-30,4,test,-61.60093399179624,0.34596868878324344,0.6540313112167566,0.30292250668687715,0.9951773342084046,-1004.6652999999999,-1
CONTROLX_1_N001,2026-06-30,5,test,-61.60093399179624,0.35490960651130893,0.6450903934886911,0.29390100619566695,0.9944184741477514,-1142.6875,-1
CONTROLX_1_N001,2026-06-30,6,test,-62.23650436829341,0.35490960651130893,0.6450903934886911,0.2974769538031795,0.931781116491966,-1106.1237,-1
CONTROLX_1_N001,2026-06-30,7,test,-63.02214083120623,0.35490960651130893,0.6450903934886911,0.29828069958517983,0.9432003948932685,-1162.9807999999998,-1
CONTROLX_1_N001,2026-06-30,8,test,-63.02214083120623,0.35422955853345084,0.6457704414665492,0.303063486174582,0.9236042430937395,-893.8084,-1
CONTROLX_1_N001,2026-06-30,9,test,-58.990357506001104,0.34010337922036615,0.6598966207796338,0.3045555609917537,0.9544994876749213,-1148.3255000000001,-1
CONTROLX_1_N001,2026-06-30,10,test,-56.325270044529546,0.3204549696517233,0.6795450303482766,0.31271150536781805,0.9704251975557847,-1015.8937999999999,-1
CONTROLX_1_N001,2026-06-30,11,test,-54.262161036360624,0.3185710616756382,0.6814289383243618,0.31181395246874927,0.9620632949498401,-788.623,-1
CONTROLX_1_N001,2026-06-30,12,test,-46.31341368489369,0.3185710616756382,0.6814289383243618,0.30230386467069137,0.996020580444066,-1166.2156,-1
CONTROLX_1_N001,2026-06-30,13,test,-46.31341368489369,0.3185710616756382,0.6814289383243618,0.30268953727258985,0.9961654385389097,-1060.925,-1
CONTROLX_1_N001,2026-06-30,14,test,-46.31341368489369,0.3185710616756382,0.6814289383243618,0.3028118284692674,0.9948404909254371,-1175.0657999999999,-1
CONTROLX_1_N001,2026-06-30,15,test,-50.65305478095721,0.31689316227153447,0.6831068377284655,0.3123270110919768,0.9789143219214183,-700.7697,-1
CONTROLX_1_N001,2026-06-30,16,test,-53.35842189964658,0.3209716652758977,0.6790283347241023,0.3114966840654676,0.9986350719909448,-766.9327,-1
CONTROLX_1_N001,2026-06-30,17,test,-51.65845057566643,0.3440911381175035,0.6559088618824964,0.2920637045138887,0.9399872027317027,-943.5654000000001,-1
CONTROLX_1_N001,2026-06-30,18,test,-55.845045965034046,0.3414219755934333,0.6585780244065667,0.29843592666060315,0.9723246702388678,-1158.5871000000002,-1
CONTROLX_1_N001,2026-06-30,19,test,-58.82444204603905,0.3414219755934333,0.6585780244065667,0.29099390840106115,0.9301553869436822,-1304.6226,-1
CONTROLX_1_N001,2026-06-30,20,test,-58.82444204603905,0.35143724755013067,0.6485627524498694,0.2931206315650322,0.9670530581305845,-1056.8790000000001,-1
CONTROLX_1_N001,2026-06-30,21,test,-62.07058890833136,0.35495842499248675,0.6450415750075132,0.2949566891771901,0.9610770681128141,-1106.0293,-1
CONTROLX_1_N001,2026-06-30,22,test,-62.07058890833136,0.3566186621049572,0.6433813378950428,0.28117924065802535,0.9293413381675971,-1036.4735,-1
CONTROLX_1_N001,2026-06-30,23,test,-62.07058890833136,0.3566186621049572,0.6433813378950428,0.28302422808888794,0.9462119779914325,-167.8204,-1
CONTROLX_1_N001,2026-06-30,24,test,-62.07058890833136,0.3504786076021668,0.6495213923978331,0.3043863056667445,0.9323588505508472,-156.8856,-1
CONTROLX_1_N001,2026-07-01,1,test,-52.26295919277145,0.3442530263060083,0.6557469736939917,0.30108699288793206,0.9655334657772968,-107.15019999999998,-1
CONTROLX_1_N001,2026-07-01,2,test,-52.26295919277145,0.3442530263060083,0.6557469736939917,0.3020046278767516,0.9616004598546208,-110.5301,-1
CONTROLX_1_N001,2026-07-01,3,test,-51.77482189639282,0.3442530263060083,0.6557469736939917,0.28250823662767033,0.8266734053277565,-110.58619999999999,-1
CONTROLX_1_N001,2026-07-01,4,test,-51.38954625613732,0.34753780409131807,0.6524621959086819,0.27843658749347544,0.8029625121178227,-110.6139,-1
CONTROLX_1_N001,2026-07-01,5,test,-51.38954625613732,0.34753780409131807,0.6524621959086819,0.2827857182066844,0.8405661038491504,-110.6611,-1
CONTROLX_1_N001,2026-07-01,6,test,-51.87768355251595,0.34753780409131807,0.6524621959086819,0.28281587376268547,0.8706774186799013,-111.98769999999999,-1
CONTROLX_1_N001,2026-07-01,7,test,-51.87768355251595,0.34753780409131807,0.6524621959086819,0.28326954964997697,0.8665927725918434,-98.6049,-1
CONTROLX_1_N001,2026-07-01,8,test,-51.87768355251595,0.34753780409131807,0.6524621959086819,0.29964429065391124,0.9780440694246408,-127.5589,-1
CONTROLX_1_N001,2026-07-01,9,test,-51.87768355251595,0.34753780409131807,0.6524621959086819,0.31714586302025577,0.8281699468975433,177.3447,1
CONTROLX_1_N001,2026-07-01,10,test,-50.07900364727552,0.30139545062973755,0.6986045493702624,0.3576577948518458,0.9108866128976826,-155.0125,-1
CONTROLX_1_N001,2026-07-01,11,test,-50.07900364727552,0.30139545062973755,0.6986045493702624,0.37352477811135754,0.8201586601632673,-155.8119,-1
CONTROLX_1_N001,2026-07-01,12,test,-50.919068085190574,0.30139545062973755,0.6986045493702624,0.3759650216350042,0.8226686006023759,-149.2839,-1
CONTROLX_1_N001,2026-07-01,13,test,-50.919068085190574,0.30139545062973755,0.6986045493702624,0.37452446100403536,0.8160691765265466,-149.7385,-1
CONTROLX_1_N001,2026-07-01,14,test,-50.919068085190574,0.30139545062973755,0.6986045493702624,0.3771186690881887,0.8328342462075291,-164.3838,-1
CONTROLX_1_N001,2026-07-01,15,test,-50.07900364727552,0.3044196588962575,0.6955803411037424,0.36375633526491236,0.8879961809995688,-150.4394,-1
CONTROLX_1_N001,2026-07-01,16,test,-50.07900364727552,0.30139545062973755,0.6986045493702624,0.36809530012571734,0.7947335429195096,-155.0436,-1
CONTROLX_1_N001,2026-07-01,17,test,-52.26295919277145,0.34617684008573063,0.6538231599142694,0.3285227840204601,0.8014843202233244,-139.7889,-1
CONTROLX_1_N001,2026-07-01,18,test,-52.26295919277145,0.33400328289273373,0.6659967171072663,0.3414615182396912,0.8047587719630601,-157.7502,-1
CONTROLX_1_N001,2026-07-01,19,test,-52.26295919277145,0.33400328289273373,0.6659967171072663,0.3394640791717429,0.7962984089578237,-157.6969,-1
CONTROLX_1_N001,2026-07-01,20,test,-52.26295919277145,0.3321396726282075,0.6678603273717925,0.3417493258955079,0.7980608730259939,-167.4755,-1
CONTROLX_1_N001,2026-07-01,21,test,-52.26295919277145,0.3321396726282075,0.6678603273717925,0.34794826313218846,0.7602162170066109,-171.0482,-1
CONTROLX_1_N001,2026-07-01,22,test,-52.26295919277145,0.328557386592198,0.671442613407802,0.34444352946765283,0.7943629437746738,-170.4826,-1
CONTROLX_1_N001,2026-07-01,23,test,-52.26295919277145,0.3321396726282075,0.6678603273717925,0.3533013419243361,0.7006051185210699,-167.8893,-1
CONTROLX_1_N001,2026-07-01,24,test,-52.26295919277145,0.3321396726282075,0.6678603273717925,0.34247226640049233,0.801111765609847,-169.5041,-1
CONTROLX_1_N001,2026-07-02,1,test,-61.977772645112104,0.3748480697917695,0.6251519302082305,0.30643229426023116,0.8444636632917223,-170.30829999999997,-1
CONTROLX_1_N001,2026-07-02,2,test,-61.977772645112104,0.37481727937409887,0.6251827206259011,0.3220043777536428,0.7679484721206377,-167.2869,-1
CONTROLX_1_N001,2026-07-02,3,test,-61.977772645112104,0.37481727937409887,0.6251827206259011,0.3175788700762746,0.7725134421427746,-164.501,-1
CONTROLX_1_N001,2026-07-02,4,test,-61.47286244265704,0.3796972503628047,0.6203027496371953,0.3078501601898948,0.8005264262376186,-163.0928,-1
CONTROLX_1_N001,2026-07-02,5,test,-61.47286244265704,0.3796972503628047,0.6203027496371953,0.3003839355025176,0.862939116831674,-164.60500000000002,-1
CONTROLX_1_N001,2026-07-02,6,test,-61.47286244265704,0.37589072528688966,0.6241092747131103,0.29756390891593815,0.9080578453765561,-165.1969,-1
CONTROLX_1_N001,2026-07-02,7,test,-61.47286244265704,0.3796972503628047,0.6203027496371953,0.30065234776533023,0.8424152984313726,-133.7651,-1
CONTROLX_1_N001,2026-07-02,8,test,-61.47286244265704,0.3796972503628047,0.6203027496371953,0.28701544134301604,0.9107310521266373,-95.58630000000001,-1
CONTROLX_1_N001,2026-07-02,9,test,-59.88841142690841,0.3825990961732175,0.6174009038267825,0.28931261713833994,0.8913361079230324,251.77459999999996,1
CONTROLX_1_N001,2026-07-02,10,test,-58.19259317779111,0.34479265717876373,0.6552073428212363,0.30383504369321407,0.7682175312553731,-148.0828,-1
CONTROLX_1_N001,2026-07-02,11,test,-57.32499870417625,0.3388628956170208,0.6611371043829792,0.31152041232042427,0.7817558874010109,-149.6732,-1
CONTROLX_1_N001,2026-07-02,12,test,-57.32499870417625,0.3388628956170208,0.6611371043829792,0.3019598386395736,0.8688075275035976,-158.57250000000002,-1
CONTROLX_1_N001,2026-07-02,13,test,-54.470472869824434,0.3388628956170208,0.6611371043829792,0.3340973675369382,0.9149551495744083,-156.4335,-1
CONTROLX_1_N001,2026-07-02,14,test,-55.78568919096504,0.34612245332178077,0.6538775466782192,0.32546148697865024,0.9157191994848645,-158.2817,-1
CONTROLX_1_N001,2026-07-02,15,test,-55.78568919096504,0.3388628956170208,0.6611371043829792,0.3333510824696151,0.8927266155448883,-157.0862,-1
CONTROLX_1_N001,2026-07-02,16,test,-55.78568919096504,0.3388628956170208,0.6611371043829792,0.33618118360651333,0.8564902341152948,-148.8832,-1
CONTROLX_1_N001,2026-07-02,17,test,-57.48150744008234,0.368178742869754,0.631821257130246,0.3144463184219967,0.7768367830731765,-149.70479999999998,-1
CONTROLX_1_N001,2026-07-02,18,test,-59.020816953293554,0.36750898547852584,0.6324910145214742,0.3150284149080957,0.8064638893645546,-126.9759,-1
CONTROLX_1_N001,2026-07-02,19,test,-59.88841142690841,0.36962489885375766,0.6303751011462424,0.30624509034600095,0.7951282645055396,-158.82000000000002,-1
CONTROLX_1_N001,2026-07-02,20,test,-59.88841142690841,0.3777673859897657,0.6222326140102343,0.30239736201757983,0.7897575792609169,-156.9212,-1
CONTROLX_1_N001,2026-07-02,21,test,-61.977772645112104,0.3812102361978537,0.6187897638021462,0.3033000211719118,0.7722680318775684,-166.5868,-1
CONTROLX_1_N001,2026-07-02,22,test,-61.977772645112104,0.3812102361978537,0.6187897638021462,0.3009671678186128,0.7821744692022543,-167.13369999999998,-1
CONTROLX_1_N001,2026-07-02,23,test,-61.977772645112104,0.380485360752884,0.619514639247116,0.3055386133923228,0.7764351060058455,-166.4651,-1
CONTROLX_1_N001,2026-07-02,24,test,-61.977772645112104,0.3752708389934616,0.6247291610065384,0.31025157922252655,0.7745992819977138,-164.9829,-1
CONTROLX_1_N001,2026-07-03,1,test,-49.579925752812834,0.3550769368775409,0.6449230631224592,0.29280343606298076,0.9036529170794739,-150.5568,-1
CONTROLX_1_N001,2026-07-03,2,test,-49.579925752812834,0.3489490300211679,0.651050969978832,0.301588354839193,0.8987653172256637,-165.0159,-1
CONTROLX_1_N001,2026-07-03,3,test,-48.26661699301411,0.3489490300211679,0.651050969978832,0.2993477250874712,0.8938726815426887,-158.5199,-1
CONTROLX_1_N001,2026-07-03,4,test,-48.26661699301411,0.3489490300211679,0.651050969978832,0.2956621292374022,0.9051930477140693,-119.7508,-1
CONTROLX_1_N001,2026-07-03,5,test,-47.38348600101617,0.3489490300211679,0.651050969978832,0.2886087489610568,0.866916510487111,-119.8742,-1
CONTROLX_1_N001,2026-07-03,6,test,-47.38348600101617,0.3489490300211679,0.651050969978832,0.28713950526885257,0.8659331948149211,-155.13279999999997,-1
CONTROLX_1_N001,2026-07-03,7,test,-47.38348600101617,0.3489490300211679,0.651050969978832,0.2874799339921684,0.8629644130789644,-119.0888,-1
CONTROLX_1_N001,2026-07-03,8,test,-47.38348600101617,0.3489490300211679,0.651050969978832,0.2866205969608293,0.870487130341576,-125.16579999999999,-1
CONTROLX_1_N001,2026-07-03,9,test,-40.828594770508616,0.3509731144740926,0.6490268855259074,0.28225736164184145,0.9364937670412177,90.6472,1
CONTROLX_1_N001,2026-07-03,10,test,-42.670641929173264,0.319936147583994,0.680063852416006,0.33494850644666496,0.8728598422367198,-140.2379,-1
CONTROLX_1_N001,2026-07-03,11,test,-40.78718765601454,0.31539442949618535,0.6846055705038147,0.33827095769280374,0.8957637872275243,62.51740000000001,1
CONTROLX_1_N001,2026-07-03,12,test,-39.483611900242785,0.31929209094917455,0.6807079090508255,0.3218737002623959,0.99828071016714,-145.5408,-1
CONTROLX_1_N001,2026-07-03,13,test,-37.94430238703157,0.31929209094917455,0.6807079090508255,0.3259197793562507,0.932628983679266,-147.95970000000003,-1
CONTROLX_1_N001,2026-07-03,14,test,-37.94430238703157,0.3223963866891731,0.677603613310827,0.31996707865526286,0.9522025975207778,-124.8418,-1
CONTROLX_1_N001,2026-07-03,15,test,-39.25951870817217,0.3061178714875652,0.6938821285124348,0.3460274078593144,0.8757467613687117,-92.34549999999999,-1
CONTROLX_1_N001,2026-07-03,16,test,-41.446225455941864,0.30846711348605044,0.6915328865139496,0.3499809246109905,0.8788402774786891,-144.2877,-1
CONTROLX_1_N001,2026-07-03,17,test,-43.63018100143779,0.3437059151478079,0.6562940848521921,0.3291589740354949,0.8006786332925738,-147.4017,-1
CONTROLX_1_N001,2026-07-03,18,test,-45.169490514649006,0.3391987253600947,0.6608012746399052,0.335204892626377,0.8072630270695342,-151.92739999999998,-1
CONTROLX_1_N001,2026-07-03,19,test,-47.87811625122783,0.34123958237662333,0.6587604176233767,0.34005088126594885,0.8081926277497227,-156.27079999999998,-1
CONTROLX_1_N001,2026-07-03,20,test,-47.87811625122783,0.3478762129191423,0.6521237870808577,0.33235333243871984,0.8036598631515515,-135.86759999999998,-1
CONTROLX_1_N001,2026-07-03,21,test,-49.579925752812834,0.3512004030127043,0.6487995969872957,0.33268555956313073,0.8020344282559917,-161.5321,-1
CONTROLX_1_N001,2026-07-03,22,test,-49.579925752812834,0.34859279049374736,0.6514072095062526,0.33392284889859514,0.775057699179259,-106.0569,-1
CONTROLX_1_N001,2026-07-03,23,test,-49.579925752812834,0.35050026889323405,0.649499731106766,0.3318772306189749,0.7745500297510532,-164.9841,-1
CONTROLX_1_N001,2026-07-03,24,test,-49.579925752812834,0.34839621994366393,0.6516037800563361,0.3340911282347514,0.7749536377011494,-167.4147,-1
CONTROLX_1_N001,2026-07-04,1,test,-25.14262303362099,0.34208831104041576,0.6579116889595842,0.2679041882964081,0.8548485342326173,-34.251,-1
CONTROLX_1_N001,2026-07-04,2,test,-25.14262303362099,0.3420587391769245,0.6579412608230755,0.26708460797854305,0.8669282832704375,486.7963,1
CONTROLX_1_N001,2026-07-04,3,test,-24.372629320484652,0.3420587391769245,0.6579412608230755,0.269771810925599,0.8010281984792078,438.2901,1
CONTROLX_1_N001,2026-07-04,4,test,-24.372629320484652,0.3434964780310875,0.6565035219689125,0.2614642811834852,0.8881896062298928,88.5898,1
CONTROLX_1_N001,2026-07-04,5,test,-29.67383305482603,0.3370843043392479,0.662915695660752,0.2882999519902023,0.8621150144308185,-3.3153000000000006,-1
CONTROLX_1_N001,2026-07-04,6,test,-29.67383305482603,0.3420587391769245,0.6579412608230755,0.2754744135809769,0.9462448261385976,-4.195,-1
CONTROLX_1_N001,2026-07-04,7,test,-29.67383305482603,0.3420587391769245,0.6579412608230755,0.26507227732258365,0.9556974067434716,-13.434399999999997,-1
CONTROLX_1_N001,2026-07-04,8,test,-29.67383305482603,0.34394934206983874,0.6560506579301613,0.265891880206755,0.9256864681321737,-11.337799999999994,-1
CONTROLX_1_N001,2026-07-04,9,test,-24.606925917732767,0.35574220522580363,0.6442577947741963,0.24490271042478307,0.9731188374941655,-52.2665,-1
CONTROLX_1_N001,2026-07-04,10,test,-25.385892998088167,0.3151509297787428,0.6848490702212572,0.29089889680528225,0.9595348822082358,-43.389799999999994,-1
CONTROLX_1_N001,2026-07-04,11,test,-22.68835333384087,0.309490151290444,0.690509848709556,0.2891932688454319,0.9793949785520941,-55.3452,-1
CONTROLX_1_N001,2026-07-04,12,test,-21.384777578069116,0.3133482440679764,0.6866517559320235,0.2722627461130541,0.918251442519209,-56.600300000000004,-1
CONTROLX_1_N001,2026-07-04,13,test,-19.845468064857908,0.309490151290444,0.690509848709556,0.2717287512040891,0.9077567220970778,-54.4671,-1
CONTROLX_1_N001,2026-07-04,14,test,-19.845468064857908,0.31642161374915856,0.6835783862508414,0.2651754146662857,0.9106516658126024,-50.7748,-1
CONTROLX_1_N001,2026-07-04,15,test,-21.160684385998504,0.3003110750491563,0.6996889249508438,0.2846782045477551,0.9246883790614943,-54.9312,-1
CONTROLX_1_N001,2026-07-04,16,test,-17.65119370380751,0.3003110750491563,0.6996889249508438,0.2722276105473819,0.9308329291556492,-59.9874,-1
CONTROLX_1_N001,2026-07-04,17,test,-19.347011952924817,0.3301748604977232,0.6698251395022767,0.2553730829351551,0.9274428407071406,-64.386,-1
CONTROLX_1_N001,2026-07-04,18,test,-20.886321466136025,0.3366997058154485,0.6633002941845515,0.25559838298399157,0.9154301068907633,-69.0964,-1
CONTROLX_1_N001,2026-07-04,19,test,-23.86571754714103,0.33674822972934226,0.6632517702706577,0.26566596918553625,0.9122375141237775,-66.7169,-1
CONTROLX_1_N001,2026-07-04,20,test,-23.86571754714103,0.35372863056736203,0.646271369432638,0.24591420880150153,0.8714832018138685,-70.2262,-1
CONTROLX_1_N001,2026-07-04,21,test,-25.14262303362099,0.352002123100763,0.6479978768992369,0.2515307413017378,0.8897985190732727,-70.8485,-1
CONTROLX_1_N001,2026-07-04,22,test,-25.14262303362099,0.3458841585558594,0.6541158414441406,0.2569272704597606,0.900474730930928,-67.6478,-1
CONTROLX_1_N001,2026-07-04,23,test,-25.14262303362099,0.34249437457663967,0.6575056254233603,0.2636139669232871,0.8695809702007683,-70.8124,-1
CONTROLX_1_N001,2026-07-04,24,test,-25.14262303362099,0.34249437457663967,0.6575056254233603,0.26268505213668686,0.8625128851327706,-70.33070000000001,-1
CONTROLX_1_N001,2026-07-05,1,test,-17.352616592858936,0.3450994681992415,0.6549005318007586,0.23040662375793197,0.8940144862992758,-92.636,-1
CONTROLX_1_N001,2026-07-05,2,test,-17.352616592858936,0.34298110816524824,0.6570188918347517,0.23390325895645395,0.9045061030568194,-78.34219999999999,-1
CONTROLX_1_N001,2026-07-05,3,test,-16.582622879722596,0.3390237821825195,0.6609762178174805,0.23708330762257215,0.9116495276600032,-48.530800000000006,-1
CONTROLX_1_N001,2026-07-05,4,test,-16.582622879722596,0.3404553654539358,0.6595446345460643,0.2312105164527855,0.962356442230938,-47.1105,-1
CONTROLX_1_N001,2026-07-05,5,test,-16.582622879722596,0.3404553654539358,0.6595446345460643,0.2303822560704381,0.9809846629182388,-46.14410000000001,-1
CONTROLX_1_N001,2026-07-05,6,test,-21.883826614063974,0.3440119856685295,0.6559880143314705,0.24330883614011978,0.9903124364831325,-28.9536,-1
CONTROLX_1_N001,2026-07-05,7,test,-21.883826614063974,0.3409063020824879,0.6590936979175122,0.24017322724612195,0.9031163681421687,135.03609999999998,1
CONTROLX_1_N001,2026-07-05,8,test,-21.883826614063974,0.3448741368563159,0.655125863143684,0.23544468972532095,0.8948728944547292,-60.996100000000006,-1
CONTROLX_1_N001,2026-07-05,9,test,-16.81691947697071,0.34683125825995065,0.6531687417400494,0.22211879183491845,0.9836775172709122,-85.84269999999998,-1
CONTROLX_1_N001,2026-07-05,10,test,-17.59588655732611,0.3146315093675172,0.6853684906324828,0.26259647593548013,0.9996632967209708,-72.8145,-1
CONTROLX_1_N001,2026-07-05,11,test,-14.885600799143852,0.30994394608920217,0.6900560539107978,0.2565027201804482,0.992156932519331,-96.8916,-1
CONTROLX_1_N001,2026-07-05,12,test,-13.594771137307056,0.31283043760742235,0.6871695623925776,0.23904893507483396,0.829615873367981,-59.1866,-1
CONTROLX_1_N001,2026-07-05,13,test,-12.055461624095848,0.31283043760742235,0.6871695623925776,0.23760792020450067,0.90479359516233,-60.4428,-1
CONTROLX_1_N001,2026-07-05,14,test,-12.055461624095848,0.30897585150563484,0.6910241484943651,0.23630461055445456,0.7876397719655631,-62.300599999999996,-1
CONTROLX_1_N001,2026-07-05,15,test,-20.147138020614864,0.30897585150563484,0.6910241484943651,0.2714047744852188,0.8886533625178862,-47.775,-1
CONTROLX_1_N001,2026-07-05,16,test,-16.63764733842387,0.30897585150563484,0.6910241484943651,0.25770409572613806,0.913524782973875,-50.905699999999996,-1
CONTROLX_1_N001,2026-07-05,17,test,-18.333465587541177,0.33928346754232264,0.6607165324576774,0.24213960298894632,0.941187752287903,-65.52890000000001,-1
CONTROLX_1_N001,2026-07-05,18,test,-19.872775100752385,0.33863810119700377,0.6613618988029962,0.2465389340470551,0.9478476358391335,-69.16839999999999,-1
CONTROLX_1_N001,2026-07-05,19,test,-22.85217118175739,0.33868676182454915,0.6613132381754508,0.2577813445333291,0.9352935141178083,-58.909000000000006,-1
CONTROLX_1_N001,2026-07-05,20,test,-22.85217118175739,0.3480396113820485,0.6519603886179515,0.2549459663891162,0.9094374957728241,-65.1525,-1
CONTROLX_1_N001,2026-07-05,21,test,-24.12907666823735,0.3513645215843102,0.6486354784156898,0.25592761139977116,0.90758293847214,-79.6071,-1
CONTROLX_1_N001,2026-07-05,22,test,-24.12907666823735,0.3513645215843102,0.6486354784156898,0.2583339059752958,0.9231537886148474,-76.2008,-1
CONTROLX_1_N001,2026-07-05,23,test,-24.12907666823735,0.3513645215843102,0.6486354784156898,0.2478240706136775,0.9316122993066511,-35.1549,-1
CONTROLX_1_N001,2026-07-05,24,test,-24.12907666823735,0.3478477003956929,0.6521522996043071,0.24825025063235157,0.9234346923802285,-81.11789999999999,-1
CONTROLX_1_N001,2026-07-06,1,test,-50.62517776995559,0.3465360985031729,0.6534639014968271,0.3357378671538892,0.8666150973691339,-103.2243,-1
CONTROLX_1_N001,2026-07-06,2,test,-50.62517776995559,0.347358029516697,0.6526419704833031,0.3338868947087933,0.9038377801913272,-104.9453,-1
CONTROLX_1_N001,2026-07-06,3,test,-50.62517776995559,0.347358029516697,0.6526419704833031,0.34039294002729714,0.9478418620869129,-108.7045,-1
CONTROLX_1_N001,2026-07-06,4,test,-49.19959141692561,0.35939134815142526,0.6406086518485747,0.28348985512196323,0.7933009067160854,-103.55359999999999,-1
CONTROLX_1_N001,2026-07-06,5,test,-49.19959141692561,0.355282787609273,0.644717212390727,0.301468203414851,0.9079257976916295,-40.81320000000001,-1
CONTROLX_1_N001,2026-07-06,6,test,-50.47336517621705,0.35125940778004894,0.6487405922199511,0.31020189511152996,0.877162302179243,153.98579999999998,1
CONTROLX_1_N001,2026-07-06,7,test,-50.47336517621705,0.3481230176034009,0.6518769823965991,0.3204399097183295,0.9352502630817499,118.14450000000002,1
CONTROLX_1_N001,2026-07-06,8,test,-50.47336517621705,0.35622221799674303,0.643777782003257,0.3138501382751572,0.9684139981759685,499.2205,1
CONTROLX_1_N001,2026-07-06,9,test,-49.34827228347564,0.3406405830297361,0.6593594169702639,0.3148178013385834,0.9331413481115586,364.038,1
CONTROLX_1_N001,2026-07-06,10,test,-46.52385093880977,0.3127655443593509,0.6872344556406491,0.3387421058559135,0.8700324254076549,31.300200000000018,1
CONTROLX_1_N001,2026-07-06,11,test,-45.30021243997018,0.3191920523324761,0.680807947667524,0.3395367082978217,0.981370654674935,801.846,1
CONTROLX_1_N001,2026-07-06,12,test,-44.81207514359156,0.3071283974104128,0.6928716025895871,0.3240396369591463,0.7776225286729626,750.8795,1
CONTROLX_1_N001,2026-07-06,13,test,-43.760902926758966,0.3071283974104128,0.6928716025895871,0.33326232228317265,0.8158934959967181,634.0833,1
CONTROLX_1_N001,2026-07-06,14,test,-44.391435606701684,0.31642161374915856,0.6835783862508414,0.33644822279166653,0.8566109428257562,264.4163,1
CONTROLX_1_N001,2026-07-06,15,test,-43.760902926758966,0.31645003523679754,0.6835499647632024,0.34899703534185555,0.9580083511898785,630.4904,1
CONTROLX_1_N001,2026-07-06,16,test,-43.760902926758966,0.31645003523679754,0.6835499647632024,0.3463380055434354,0.9820406782778656,-84.0253,-1
CONTROLX_1_N001,2026-07-06,17,test,-44.26060970037948,0.34042026277788473,0.6595797372221153,0.34124702470762436,0.9326013490727308,-30.368899999999996,-1
CONTROLX_1_N001,2026-07-06,18,test,-45.17040268705709,0.33977384607257605,0.6602261539274239,0.3432764887132155,0.9258935938573731,188.7227,1
CONTROLX_1_N001,2026-07-06,19,test,-47.28220429444724,0.3495538095913664,0.6504461904086336,0.34688320959782815,0.8715338980982885,167.6951,1
CONTROLX_1_N001,2026-07-06,20,test,-47.28220429444724,0.35111240506143765,0.6488875949385624,0.34421046417913115,0.8655474423885917,869.5414000000001,1
CONTROLX_1_N001,2026-07-06,21,test,-49.75522125642399,0.35546360181615444,0.6445363981838456,0.3441819528840524,0.856348323267989,658.8852,1
CONTROLX_1_N001,2026-07-06,22,test,-49.266546812271784,0.3544507109365863,0.6455492890634137,0.3459921761389988,0.8666328672039414,798.455,1
CONTROLX_1_N001,2026-07-06,23,test,-51.25233225657245,0.36062028551613384,0.6393797144838662,0.33186071415139484,0.806971235414192,744.868,1
CONTROLX_1_N001,2026-07-06,24,test,-51.25233225657245,0.35846173046300067,0.6415382695369993,0.3268550857220579,0.8523294099111635,698.7237,1
CONTROLX_1_N001,2026-07-07,1,test,-49.14358908232688,0.36096021817725804,0.639039781822742,0.25844240285461206,0.7054743075470913,86.9548,1
CONTROLX_1_N001,2026-07-07,2,test,-49.14358908232688,0.3549555665939122,0.6450444334060879,0.2680165529592614,0.7109603095173334,402.70640000000003,1
CONTROLX_1_N001,2026-07-07,3,test,-48.36462200197148,0.3549555665939122,0.6450444334060879,0.2844239452111252,0.7729773429286821,31.31559999999999,1
CONTROLX_1_N001,2026-07-07,4,test,-46.86751100182302,0.3597617069975145,0.6402382930024855,0.270582508322912,0.7532309455960815,0.4456000000000131,1
CONTROLX_1_N001,2026-07-07,5,test,-48.36462200197148,0.3549555665939122,0.6450444334060879,0.2779954490381238,0.7566772635057133,3.7613000000000056,1
CONTROLX_1_N001,2026-07-07,6,test,-48.36462200197148,0.34409498177249104,0.655905018227509,0.28020119880881034,0.7123609129743751,2.430800000000005,1
CONTROLX_1_N001,2026-07-07,7,test,-46.86751100182302,0.36705233288086075,0.6329476671191392,0.24731547455159514,0.7063017115764457,1.030300000000011,1
CONTROLX_1_N001,2026-07-07,8,test,-47.64647808217842,0.3636940068666461,0.6363059931333539,0.25684292566244804,0.7076138102550988,76.80770000000001,1
CONTROLX_1_N001,2026-07-07,9,test,-48.37159379830199,0.35549094428473926,0.6445090557152607,0.26066959121676925,0.7048056267245373,551.8595,1
CONTROLX_1_N001,2026-07-07,10,test,-46.03967541959884,0.33398001929221677,0.6660199807077832,0.2849781759293774,0.6828776177170996,589.7209,1
CONTROLX_1_N001,2026-07-07,11,test,-43.92787381220869,0.3254041671473771,0.6745958328526229,0.2828701884972637,0.6743649040717902,584.6412,1
CONTROLX_1_N001,2026-07-07,12,test,-43.92787381220869,0.32829730213867264,0.6717026978613274,0.2815515686920955,0.6620272037358403,233.2912,1
CONTROLX_1_N001,2026-07-07,13,test,-43.01808082553108,0.3182992884137066,0.6817007115862934,0.29641828729976394,0.6762462767131573,762.9343,1
CONTROLX_1_N001,2026-07-07,14,test,-43.92787381220869,0.3281430827852698,0.6718569172147302,0.3081791833291266,0.7263155588739703,57.83440000000002,1
CONTROLX_1_N001,2026-07-07,15,test,-42.73882051879619,0.31832780001769917,0.6816721999823008,0.3156296618726444,0.7274097171056403,209.2269,1
CONTROLX_1_N001,2026-07-07,16,test,-42.73882051879619,0.31832780001769917,0.6816721999823008,0.3151718588089908,0.730817061905705,-103.7293,-1
CONTROLX_1_N001,2026-07-07,17,test,-44.762681190763374,0.34427350177148086,0.6557264982285191,0.29210521153896396,0.7422196523240099,19.579499999999996,1
CONTROLX_1_N001,2026-07-07,18,test,-44.762681190763374,0.3508686414266144,0.6491313585733856,0.28561736737443655,0.7414173344080153,1196.0994,1
CONTROLX_1_N001,2026-07-07,19,test,-46.53938219321935,0.3550564030229123,0.6449435969770877,0.31032322905113724,0.810412640571879,452.2166000000001,1
CONTROLX_1_N001,2026-07-07,20,test,-47.02113510830782,0.36052314868585245,0.6394768513141476,0.2829449142728931,0.7125847601380577,1180.6539,1
CONTROLX_1_N001,2026-07-07,21,test,-47.64647808217842,0.3639007515463169,0.6360992484536832,0.2776182052105078,0.7360081060994706,977.3768,1
CONTROLX_1_N001,2026-07-07,22,test,-47.64647808217842,0.3639007515463169,0.6360992484536832,0.28354317801574613,0.7537690916791063,447.61359999999996,1
CONTROLX_1_N001,2026-07-07,23,test,-48.36462200197148,0.3631042197565031,0.6368957802434969,0.28393757008000853,0.7680978101447343,564.3151,1
CONTROLX_1_N001,2026-07-07,24,test,-49.14358908232688,0.3604573271881181,0.6395426728118818,0.28357060742175777,0.7553525562746901,390.5647,1
CONTROLX_1_N001,2026-07-08,1,test,-68.88831090011051,0.3638191118645668,0.6361808881354332,0.3465939670344368,0.5875125075522162,1.0386000000000024,1
CONTROLX_1_N001,2026-07-08,2,test,-68.88831090011051,0.35978176445582655,0.6402182355441735,0.3358867475997134,0.6433167533547526,1.0493999999999915,1
CONTROLX_1_N001,2026-07-08,3,test,-67.39119989996205,0.3623862018412482,0.6376137981587517,0.3256604580356536,0.6721894567075066,0.9540000000000077,1
CONTROLX_1_N001,2026-07-08,4,test,-67.39119989996205,0.36631037547177586,0.6336896245282242,0.31199447610891295,0.7460531520959599,0.8872000000000071,1
CONTROLX_1_N001,2026-07-08,5,test,-68.503035259855,0.3623862018412482,0.6376137981587517,0.3062693975888273,0.7951521346280654,2.8408000000000015,1
CONTROLX_1_N001,2026-07-08,6,test,-67.00592425970653,0.3625908748833775,0.6374091251166225,0.31022621300410336,0.7311026523306635,0.988900000000001,1
CONTROLX_1_N001,2026-07-08,7,test,-67.00592425970653,0.36357862731228185,0.6364213726877181,0.32081507728612446,0.6563402625708268,0.0,0
CONTROLX_1_N001,2026-07-08,8,test,-68.503035259855,0.366062719662339,0.6339372803376611,0.3254642188783587,0.6572717605067592,95.31030000000001,1
CONTROLX_1_N001,2026-07-08,9,test,-65.25688839756269,0.36413437276028615,0.6358656272397138,0.3192297713152237,0.6608312124500764,696.6324,1
CONTROLX_1_N001,2026-07-08,10,test,-63.759777397414226,0.3321634891665754,0.6678365108334245,0.36024177568847676,0.6659749919407547,532.1092,1
CONTROLX_1_N001,2026-07-08,11,test,-63.04371330297812,0.3263427441294144,0.6736572558705856,0.3560054184039211,0.6981092661712217,458.0869,1
CONTROLX_1_N001,2026-07-08,12,test,-63.04371330297812,0.3263427441294144,0.6736572558705856,0.3576653602285753,0.6993814847481727,571.5457,1
CONTROLX_1_N001,2026-07-08,13,test,-61.504403789766904,0.3263427441294144,0.6736572558705856,0.3592232057877215,0.6777734834656776,642.2825,1
CONTROLX_1_N001,2026-07-08,14,test,-61.64797579002408,0.3341890494122191,0.665810950587781,0.3538473359352937,0.6701080114914864,375.6457,1
CONTROLX_1_N001,2026-07-08,15,test,-61.504403789766904,0.3260792505126221,0.6739207494873779,0.36399532603958273,0.6696572737471437,108.6737,1
CONTROLX_1_N001,2026-07-08,16,test,-61.12345844360198,0.32196661995890746,0.6780333800410925,0.3696549894358264,0.6678631937563985,-41.8498,-1
CONTROLX_1_N001,2026-07-08,17,test,-61.64797579002408,0.34691352833269884,0.6530864716673012,0.3413998553140877,0.6609674302139572,256.6173,1
CONTROLX_1_N001,2026-07-08,18,test,-61.64797579002408,0.3540514916500399,0.6459485083499601,0.33113304269865695,0.6553995288255164,55.3142,1
CONTROLX_1_N001,2026-07-08,19,test,-63.759777397414226,0.3611398473195262,0.6388601526804738,0.3126732273893661,0.7593646464327203,214.81459999999998,1
CONTROLX_1_N001,2026-07-08,20,test,-65.25688839756269,0.36272129458754787,0.6372787054124521,0.3213181985408866,0.722624397654178,782.3812,1
CONTROLX_1_N001,2026-07-08,21,test,-67.00592425970653,0.3661077009733539,0.6338922990266461,0.3303939178151758,0.6579899928903256,1075.7511,1
CONTROLX_1_N001,2026-07-08,22,test,-68.503035259855,0.3661077009733539,0.6338922990266461,0.33202937140278943,0.6562543335652462,448.8475,1
CONTROLX_1_N001,2026-07-08,23,test,-68.503035259855,0.36443755755313684,0.6355624424468631,0.33037277517073077,0.6669480350601549,725.3782,1
CONTROLX_1_N001,2026-07-08,24,test,-64.71033405547226,0.3661077009733539,0.6338922990266461,0.3424128604247506,0.5964473019629499,666.0869,1
CONTROLX_1_N001,2026-07-09,1,test,-76.15809778996037,0.35050833823036187,0.6494916617696381,0.36014521552998535,0.5700359572048515,363.09349999999995,1
CONTROLX_1_N001,2026-07-09,2,test,-76.15809778996037,0.3466534362187501,0.6533465637812499,0.3600204868337644,0.5755154927553339,2216.2775,1
CONTROLX_1_N001,2026-07-09,3,test,-76.15809778996037,0.34932100620002926,0.6506789937999707,0.3616927734189782,0.5603217976425913,0.8858999999999924,1
CONTROLX_1_N001,2026-07-09,4,test,-74.6609867898119,0.3522319109132564,0.6477680890867437,0.3572002819968312,0.5607883516365967,197.24819999999997,1
CONTROLX_1_N001,2026-07-09,5,test,-76.15809778996037,0.3544593297265897,0.6455406702734103,0.36051245885469946,0.5625549447399151,0.8774999999999977,1
CONTROLX_1_N001,2026-07-09,6,test,-74.6609867898119,0.34448249606717535,0.6555175039328247,0.36137283708168766,0.563185626728886,0.9343000000000075,1
CONTROLX_1_N001,2026-07-09,7,test,-76.15809778996037,0.3391160392510136,0.6608839607489865,0.3712657885061793,0.5644379724725134,0.8884999999999934,1
CONTROLX_1_N001,2026-07-09,8,test,-76.15809778996037,0.34285172192590935,0.6571482780740907,0.36752487736438527,0.5680416855183846,369.21310000000005,1
CONTROLX_1_N001,2026-07-09,9,test,-72.91195092766804,0.33957816942874164,0.6604218305712584,0.368671048996557,0.5682056876320455,717.6996,1
CONTROLX_1_N001,2026-07-09,10,test,-72.91195092766804,0.30710435748494797,0.6928956425150521,0.4049937902723133,0.5620352805993899,632.7516,1
CONTROLX_1_N001,2026-07-09,11,test,-72.81057744047362,0.3015244774647955,0.6984755225352045,0.41386368432300824,0.5526177248681217,781.5025,1
CONTROLX_1_N001,2026-07-09,12,test,-72.81057744047362,0.3015244774647955,0.6984755225352045,0.41117516603767057,0.5624773556286625,678.1103,1
CONTROLX_1_N001,2026-07-09,13,test,-71.27126792726241,0.3015244774647955,0.6984755225352045,0.4125131502409285,0.5512377303299653,547.3825,1
CONTROLX_1_N001,2026-07-09,14,test,-71.41483992751958,0.3166283209926518,0.6833716790073482,0.3929885272932736,0.5600904087992912,-0.0024999999999977263,-1
CONTROLX_1_N001,2026-07-09,15,test,-71.27126792726241,0.3015244774647955,0.6984755225352045,0.406112795446537,0.5610762221058216,-0.002900000000011005,-1
CONTROLX_1_N001,2026-07-09,16,test,-70.50504694084198,0.3180860728497008,0.6819139271502992,0.3775850810752118,0.6342774529138369,96.7048,1
CONTROLX_1_N001,2026-07-09,17,test,-71.41483992751958,0.34275865611853035,0.6572413438814697,0.3575723668235816,0.5840391118874704,11.26060000000001,1
CONTROLX_1_N001,2026-07-09,18,test,-72.81057744047362,0.32797263177005825,0.6720273682299418,0.3587891628561283,0.6591558661314745,0.0,0
CONTROLX_1_N001,2026-07-09,19,test,-71.41483992751958,0.33369824852651336,0.6663017514734866,0.3492124510855705,0.6481854484731934,460.14180000000005,1
CONTROLX_1_N001,2026-07-09,20,test,-72.91195092766804,0.3396086653918846,0.6603913346081154,0.33565983577030867,0.7485886657777849,797.788,1
CONTROLX_1_N001,2026-07-09,21,test,-76.15809778996037,0.3428953938149619,0.6571046061850381,0.34877692194750226,0.6760998078620976,521.1792,1
CONTROLX_1_N001,2026-07-09,22,test,-76.15809778996037,0.3428953938149619,0.6571046061850381,0.36781699741431806,0.5902419345103483,42.258700000000005,1
CONTROLX_1_N001,2026-07-09,23,test,-76.15809778996037,0.3428953938149619,0.6571046061850381,0.3674926789434071,0.5702766339394777,538.9037,1
CONTROLX_1_N001,2026-07-09,24,test,-75.75999267512074,0.3428953938149619,0.6571046061850381,0.37186335869956694,0.5922671330610001,696.6404,1
CONTROLX_1_N001,2026-07-10,1,test,-76.15809778996037,0.3497197732237357,0.6502802267762643,0.34234309539492,0.6834900098657966,-92.162,-1
CONTROLX_1_N001,2026-07-10,2,test,-76.15809778996037,0.3435446590618872,0.6564553409381129,0.345669008211415,0.6819120773525845,-185.5825,-1
CONTROLX_1_N001,2026-07-10,3,test,-76.15809778996037,0.34835542086689936,0.6516445791331007,0.34897455085124074,0.6175297705057717,-185.3847,-1
CONTROLX_1_N001,2026-07-10,4,test,-74.6609867898119,0.35405890636058573,0.6459410936394143,0.34309582372179026,0.6163039360642282,-182.0429,-1
CONTROLX_1_N001,2026-07-10,5,test,-76.15809778996037,0.3525143041470866,0.6474856958529134,0.3500038423075104,0.6199330773062619,-183.8099,-1
CONTROLX_1_N001,2026-07-10,6,test,-76.15809778996037,0.34051682514418297,0.659483174855817,0.36498618532983373,0.579198618421619,-184.0922,-1
CONTROLX_1_N001,2026-07-10,7,test,-76.15809778996037,0.3363763144487172,0.6636236855512828,0.37395668159313794,0.5576425432432586,-179.2452,-1
CONTROLX_1_N001,2026-07-10,8,test,-76.15809778996037,0.34285172192590935,0.6571482780740907,0.36749175688030444,0.5640395103158475,-162.9839,-1
CONTROLX_1_N001,2026-07-10,9,test,-72.91195092766804,0.33957816942874164,0.6604218305712584,0.3692398383911112,0.5644558096964367,-151.6407,-1
CONTROLX_1_N001,2026-07-10,10,test,-72.91195092766804,0.3053097571538837,0.6946902428461164,0.40250490268822414,0.5452596103409837,-157.329,-1
CONTROLX_1_N001,2026-07-10,11,test,-72.81057744047362,0.3028411386523841,0.6971588613476158,0.4073401252439681,0.5463013648999444,-157.9974,-1
CONTROLX_1_N001,2026-07-10,12,test,-71.27126792726241,0.3015244774647955,0.6984755225352045,0.40854223175280774,0.5454659068706784,-159.4727,-1
CONTROLX_1_N001,2026-07-10,13,test,-71.27126792726241,0.3015244774647955,0.6984755225352045,0.4086692510545292,0.5455176555628362,-159.6825,-1
CONTROLX_1_N001,2026-07-10,14,test,-71.41483992751958,0.3015244774647955,0.6984755225352045,0.4023024232111154,0.5531003418659759,-160.8655,-1
CONTROLX_1_N001,2026-07-10,15,test,-71.27126792726241,0.3038539049638533,0.6961460950361467,0.40124127610179416,0.5538405954183556,-164.1144,-1
CONTROLX_1_N001,2026-07-10,16,test,-70.50504694084198,0.3180860728497008,0.6819139271502992,0.38039685286417235,0.6094463414658499,-163.7194,-1
CONTROLX_1_N001,2026-07-10,17,test,-71.27126792726241,0.33504191486189344,0.6649580851381065,0.36888478371476247,0.5603139171644452,-164.0068,-1
CONTROLX_1_N001,2026-07-10,18,test,-72.81057744047362,0.32797263177005825,0.6720273682299418,0.3832968670126358,0.5484013622608646,232.1078,1
CONTROLX_1_N001,2026-07-10,19,test,-72.91195092766804,0.32797263177005825,0.6720273682299418,0.35270676930841954,0.696022041420682,280.9738,1
CONTROLX_1_N001,2026-07-10,20,test,-72.91195092766804,0.3396086653918846,0.6603913346081154,0.337878395947922,0.7194031980472844,803.0691,1
CONTROLX_1_N001,2026-07-10,21,test,-76.15809778996037,0.3428953938149619,0.6571046061850381,0.3536027268655609,0.6372760617527552,757.9926,1
CONTROLX_1_N001,2026-07-10,23,test,-76.15809778996037,0.3428953938149619,0.6571046061850381,0.36764262639557144,0.5670951365259875,-94.9597,-1
CONTROLX_1_N001,2026-07-10,24,test,-76.15809778996037,0.3428953938149619,0.6571046061850381,0.3723018965471183,0.545886366032327,-101.2156,-1
CONTROLX_1_N001,2026-07-11,1,test,-75.54235021811553,0.3435446590618872,0.6564553409381129,0.34544223841078064,0.658171108047401,116.7613,1
CONTROLX_1_N001,2026-07-11,2,test,-75.54235021811553,0.3435446590618872,0.6564553409381129,0.34994947408956956,0.6535384992433264,-30.097299999999997,-1
CONTROLX_1_N001,2026-07-11,3,test,-75.54235021811553,0.34495418990176613,0.6550458100982339,0.34565210013020586,0.6610669949427039,-93.4749,-1
CONTROLX_1_N001,2026-07-11,4,test,-74.04523921796707,0.3493603200190985,0.6506396799809016,0.34013328401143295,0.6633381664962794,396.95360000000005,1
CONTROLX_1_N001,2026-07-11,5,test,-75.54235021811553,0.3525143041470866,0.6474856958529134,0.34528546407028937,0.6700177587945727,-40.177,-1
CONTROLX_1_N001,2026-07-11,6,test,-74.04523921796707,0.345757674771097,0.654242325228903,0.34267410432559603,0.6613952507977332,-34.126200000000004,-1
CONTROLX_1_N001,2026-07-11,7,test,-75.54235021811553,0.34028767234304225,0.6597123276569578,0.3608542083566404,0.6054653735823998,173.59769999999997,1
CONTROLX_1_N001,2026-07-11,8,test,-75.54235021811553,0.3442599006727158,0.6557400993272842,0.36348070071962235,0.6005101623620339,31.623000000000005,1
CONTROLX_1_N001,2026-07-11,9,test,-72.29620335582321,0.3409798793439435,0.6590201206560564,0.35962580968313246,0.6086015592135894,-32.595,-1
CONTROLX_1_N001,2026-07-11,10,test,-72.29620335582321,0.30843462482324085,0.6915653751767592,0.3957335333150392,0.5911569249232193,29.666500000000006,1
CONTROLX_1_N001,2026-07-11,11,test,-72.19482986862879,0.301060626498477,0.698939373501523,0.3994316731867812,0.5988223448712598,-10.400799999999997,-1
CONTROLX_1_N001,2026-07-11,12,test,-70.65552035541758,0.3028411386523841,0.6971588613476158,0.39972569350246534,0.592207444412134,-72.7358,-1
CONTROLX_1_N001,2026-07-11,13,test,-70.65552035541758,0.301060626498477,0.698939373501523,0.4061847982811266,0.5965470865634167,-68.7161,-1
CONTROLX_1_N001,2026-07-11,14,test,-70.79909235567474,0.3097387160963973,0.6902612839036026,0.3891846339658665,0.6214044659613462,-62.4296,-1
CONTROLX_1_N001,2026-07-11,15,test,-70.65552035541758,0.2997483780847601,0.7002516219152399,0.40065991168781273,0.6202345304031148,-69.37729999999999,-1
CONTROLX_1_N001,2026-07-11,16,test,-70.79909235567474,0.3202988019528535,0.6797011980471466,0.3768746491241592,0.6285511568292674,-68.0424,-1
CONTROLX_1_N001,2026-07-11,17,test,-70.79909235567474,0.33231855406141797,0.667681445938582,0.35834170752581823,0.6299399998023267,-76.37780000000001,-1
CONTROLX_1_N001,2026-07-11,18,test,-72.19482986862879,0.32797263177005825,0.6720273682299418,0.3657468190344969,0.6317716468929689,-111.4779,-1
CONTROLX_1_N001,2026-07-11,19,test,-72.29620335582321,0.32797263177005825,0.6720273682299418,0.35843209757230665,0.6538354104300181,-161.8474,-1
CONTROLX_1_N001,2026-07-11,20,test,-74.68572669588772,0.3377957381847444,0.6622042618152556,0.36169358100752735,0.6086714358153009,-44.234399999999994,-1
CONTROLX_1_N001,2026-07-11,21,test,-77.93187355818004,0.3428953938149619,0.6571046061850381,0.3578860092213591,0.6275174714240891,-44.02170000000001,-1
CONTROLX_1_N001,2026-07-11,22,test,-75.54235021811553,0.3428953938149619,0.6571046061850381,0.3570318312429611,0.6105508571229574,-42.783699999999996,-1
CONTROLX_1_N001,2026-07-11,23,test,-75.54235021811553,0.3428953938149619,0.6571046061850381,0.36017937035862124,0.5948302581872998,-84.51209999999999,-1
CONTROLX_1_N001,2026-07-11,24,test,-75.54235021811553,0.3428953938149619,0.6571046061850381,0.35664335049274937,0.6125804646122233,-115.2851,-1
CONTROLX_1_N001,2026-07-12,1,test,-52.61718943172158,0.3555111858695639,0.6444888141304361,0.2969174488502583,0.8888512469431463,57.675700000000006,1
CONTROLX_1_N001,2026-07-12,2,test,-52.61718943172158,0.35288897532296026,0.6471110246770397,0.29719202069207684,0.8284837929825513,-127.58370000000001,-1
CONTROLX_1_N001,2026-07-12,3,test,-52.61718943172158,0.3528589705488668,0.6471410294511333,0.297867468327002,0.9389332801271475,-146.7833,-1
CONTROLX_1_N001,2026-07-12,4,test,-51.12007843157311,0.3592326859951184,0.6407673140048816,0.28779855373232077,0.9813805826824226,-97.4634,-1
CONTROLX_1_N001,2026-07-12,5,test,-49.30298962561929,0.35685291067203606,0.6431470893279639,0.2863546088544011,0.9713556793333445,-109.97489999999999,-1
CONTROLX_1_N001,2026-07-12,6,test,-49.30298962561929,0.3573109933723203,0.6426890066276797,0.29655705796181175,0.8625138073682195,-126.9692,-1
CONTROLX_1_N001,2026-07-12,7,test,-49.30298962561929,0.3528589705488668,0.6471410294511333,0.3004365225300788,0.8591709651039405,-105.6451,-1
CONTROLX_1_N001,2026-07-12,8,test,-50.800100625767755,0.3547770791893501,0.6452229208106499,0.3021043565526922,0.8174032535118547,-105.3244,-1
CONTROLX_1_N001,2026-07-12,9,test,-50.842190732831426,0.3495275391042143,0.6504724608957857,0.30293374800358785,0.8842842230630921,-180.087,-1
CONTROLX_1_N001,2026-07-12,10,test,-48.332287092625556,0.31655832974566134,0.6834416702543387,0.3319955947658848,0.8737263303803908,-172.84429999999998,-1
CONTROLX_1_N001,2026-07-12,11,test,-46.95261286562193,0.31269636338097284,0.6873036366190272,0.3401525625093774,0.7960841576456062,-148.66289999999998,-1
CONTROLX_1_N001,2026-07-12,12,test,-45.413303352410715,0.31269636338097284,0.6873036366190272,0.33759828446842144,0.7937828285608665,-132.5949,-1
CONTROLX_1_N001,2026-07-12,13,test,-45.90144064878934,0.31269636338097284,0.6873036366190272,0.3354509991533756,0.8310921916157203,-176.5779,-1
CONTROLX_1_N001,2026-07-12,14,test,-46.81123363546695,0.32173165139862203,0.678268348601378,0.33103813093666246,0.8950563593795968,-123.73010000000001,-1
CONTROLX_1_N001,2026-07-12,15,test,-46.81123363546695,0.31091189735623814,0.6890881026437619,0.34138309737385375,0.8919069466821721,-134.3098,-1
CONTROLX_1_N001,2026-07-12,16,test,-46.81123363546695,0.3228185568785686,0.6771814431214314,0.33474982707929335,0.9287108448690636,-119.3681,-1
CONTROLX_1_N001,2026-07-12,17,test,-48.08214786947921,0.3479332245040363,0.6520667754959637,0.3107219809161765,0.9399046641608482,-176.60500000000002,-1
CONTROLX_1_N001,2026-07-12,18,test,-48.69891830207784,0.34390152756894743,0.6560984724310526,0.31840019870101355,0.8792152810166207,-195.44619999999998,-1
CONTROLX_1_N001,2026-07-12,19,test,-49.14421205208777,0.34390152756894743,0.6560984724310526,0.3204766381746834,0.8162434084987259,-188.52089999999998,-1
CONTROLX_1_N001,2026-07-12,20,test,-50.64132305223623,0.3539504434369029,0.646049556563097,0.3093863532322105,0.8041283633722598,-186.5847,-1
CONTROLX_1_N001,2026-07-12,21,test,-51.83822235136618,0.35916170759222427,0.6408382924077758,0.3090053730343233,0.7550640256205713,-185.9875,-1
CONTROLX_1_N001,2026-07-12,22,test,-41.314370839061716,0.37968612221144543,0.6203138777885546,0.29365205077688766,0.6629287654344627,-188.79090000000002,-1
CONTROLX_1_N001,2026-07-12,23,test,-52.61718943172158,0.3548515300684262,0.6451484699315738,0.3142872793102845,0.7659314602763133,-188.9273,-1
CONTROLX_1_N001,2026-07-12,24,test,-52.61718943172158,0.3548515300684262,0.6451484699315738,0.30859183069073837,0.8108502587796094,-188.0792,-1
CONTROLX_1_N001,2026-07-13,1,test,-48.62315656735206,0.35505414998520635,0.6449458500147937,0.26641679351008907,0.7231040578852517,-182.51659999999998,-1
CONTROLX_1_N001,2026-07-13,2,test,-50.62517776995559,0.3507662848548452,0.6492337151451548,0.2729533614105957,0.8063400814337967,-94.88369999999999,-1
CONTROLX_1_N001,2026-07-13,3,test,-49.75522125642399,0.35801243146449535,0.6419875685355046,0.28537125255142876,0.8504093528189411,-104.2011,-1
CONTROLX_1_N001,2026-07-13,4,test,-49.12806676980713,0.3562799566883779,0.6437200433116221,0.2747534234704191,0.7733806971500123,-65.2196,-1
CONTROLX_1_N001,2026-07-13,5,test,-48.976254176068586,0.3583097322249046,0.6416902677750954,0.27245723198958793,0.7847930696354772,-20.458399999999997,-1
CONTROLX_1_N001,2026-07-13,6,test,-49.12806676980713,0.355448412184569,0.644551587815431,0.2757752034421178,0.7671122899661809,-85.9442,-1
CONTROLX_1_N001,2026-07-13,7,test,-49.12806676980713,0.3563100921945543,0.6436899078054457,0.25947954511211657,0.7025473178352521,-106.6917,-1
CONTROLX_1_N001,2026-07-13,8,test,-49.12806676980713,0.3543505292101811,0.6456494707898188,0.2621811504132152,0.7021303954987217,-128.1496,-1
CONTROLX_1_N001,2026-07-13,9,test,-49.34827228347564,0.34676045951614853,0.6532395404838515,0.2663895497105979,0.7385771704351478,-83.3511,-1
CONTROLX_1_N001,2026-07-13,10,test,-47.652454034358335,0.317412994299244,0.6825870057007559,0.2983903869526247,0.6918232200905394,-129.2363,-1
CONTROLX_1_N001,2026-07-13,11,test,-45.439278939773764,0.3117300790008057,0.6882699209991943,0.29730593127458405,0.7129774631837238,-133.6363,-1
CONTROLX_1_N001,2026-07-13,12,test,-43.912715520497514,0.3077157903829688,0.6922842096170312,0.298039829193513,0.6605477260694392,-131.3547,-1
CONTROLX_1_N001,2026-07-13,13,test,-43.912715520497514,0.3077157903829688,0.6922842096170312,0.29484746601535705,0.6655648065895596,-117.8399,-1
CONTROLX_1_N001,2026-07-13,14,test,-44.82250850717512,0.31667347324044703,0.683326526759553,0.28940319211023924,0.6602610657920445,-124.75909999999999,-1
CONTROLX_1_N001,2026-07-13,15,test,-44.39760449207008,0.32113929050820395,0.678860709491796,0.284065496622944,0.6608815007073126,-122.9382,-1
CONTROLX_1_N001,2026-07-13,16,test,-44.24579189833153,0.3282076433623259,0.6717923566376741,0.2782867986239248,0.6620148237346245,-104.4409,-1
CONTROLX_1_N001,2026-07-13,17,test,-46.518326756292424,0.3407520417080437,0.6592479582919564,0.2655134056075723,0.6528143255980896,-125.4648,-1
CONTROLX_1_N001,2026-07-13,18,test,-46.518326756292424,0.3410037151493985,0.6589962848506015,0.2661082454894443,0.6948852361286851,-135.7925,-1
CONTROLX_1_N001,2026-07-13,19,test,-47.93445400415135,0.3503934264447259,0.6496065735552741,0.25642634473318204,0.7253580795586518,-198.90699999999998,-1
CONTROLX_1_N001,2026-07-13,20,test,-48.52045142402846,0.3489028245068355,0.6510971754931645,0.2567269000587089,0.7310290593562879,-173.0943,-1
CONTROLX_1_N001,2026-07-13,21,test,-49.71735072315839,0.3522315259085792,0.6477684740914208,0.25587991000678784,0.727261696953149,-199.78990000000002,-1
CONTROLX_1_N001,2026-07-13,22,test,-43.35242277930637,0.36809818665384975,0.6319018133461503,0.2556747404078684,0.7131911927369367,-139.22480000000002,-1
CONTROLX_1_N001,2026-07-13,23,test,-51.13337450588482,0.3475067954315613,0.6524932045684386,0.27235136394911375,0.7457314641423863,-153.8535,-1
CONTROLX_1_N001,2026-07-13,24,test,-51.13337450588482,0.3475067954315613,0.6524932045684386,0.2790152418006612,0.7631192983535158,-125.3784,-1
CONTROLX_1_N001,2026-07-14,1,test,-13.78185931067008,0.36719619582738044,0.6328038041726196,0.1635266589909823,0.6734434956867972,-78.977,-1
CONTROLX_1_N001,2026-07-14,2,test,-15.196926520611328,0.3599784137555432,0.6400215862444568,0.1713654223950751,0.6480171493585986,-69.926,-1
CONTROLX_1_N001,2026-07-14,3,test,-14.204725722917928,0.3650925551524985,0.6349074448475015,0.16348661087606106,0.6355838497761072,29.7021,1
CONTROLX_1_N001,2026-07-14,4,test,-13.699815520462868,0.3628441919047449,0.6371558080952551,0.16687494030893574,0.6630611165970828,-0.22050000000000125,-1
CONTROLX_1_N001,2026-07-14,5,test,-13.699815520462868,0.3649304417041519,0.6350695582958481,0.16423084516800182,0.6479696356232848,-9.804000000000002,-1
CONTROLX_1_N001,2026-07-14,6,test,-13.699815520462868,0.3649304417041519,0.6350695582958481,0.16565202067859702,0.6509895781390588,-42.7443,-1
CONTROLX_1_N001,2026-07-14,7,test,-13.699815520462868,0.3663231717699403,0.6336768282300598,0.16287675531952883,0.6539254059309973,-53.7849,-1
CONTROLX_1_N001,2026-07-14,8,test,-13.699815520462868,0.3628441919047449,0.6371558080952551,0.16695548127255333,0.6525178575844711,-67.4354,-1
CONTROLX_1_N001,2026-07-14,9,test,-15.196926520611328,0.3566168064853203,0.6433831935146797,0.17616860731066272,0.6512148725635065,-17.5286,-1
CONTROLX_1_N001,2026-07-14,10,test,-12.417859426094616,0.33150094053336143,0.6684990594666386,0.19703770372000426,0.6586856565637392,-62.604200000000006,-1
CONTROLX_1_N001,2026-07-14,11,test,-10.935574345238063,0.32176690918099515,0.6782330908190048,0.20547924487153302,0.6644547552441883,-62.5489,-1
CONTROLX_1_N001,2026-07-14,12,test,-10.30605781870446,0.31284714180256207,0.687152858197438,0.2119739291055916,0.6501083875179285,-63.998799999999996,-1
CONTROLX_1_N001,2026-07-14,13,test,-9.958783843428058,0.30327784156734655,0.6967221584326535,0.22136683292242873,0.6726598980500276,-64.3296,-1
CONTROLX_1_N001,2026-07-14,14,test,-10.30605781870446,0.32240922022459906,0.6775907797754009,0.20407981977568437,0.656602489938424,-68.961,-1
CONTROLX_1_N001,2026-07-14,15,test,-10.30605781870446,0.3130206758406674,0.6869793241593326,0.2133514996627805,0.6730778171081138,-64.8208,-1
CONTROLX_1_N001,2026-07-14,16,test,-10.30605781870446,0.32949195801186965,0.6705080419881304,0.1939192074402258,0.6263331334390863,-51.2299,-1
CONTROLX_1_N001,2026-07-14,17,test,-10.816018629047814,0.35021409511189205,0.649785904888108,0.17315432323372754,0.6285531369737962,-69.342,-1
CONTROLX_1_N001,2026-07-14,18,test,-10.816018629047814,0.3422650305294204,0.6577349694705796,0.18082304175306377,0.6441385907408496,-31.402199999999997,-1
CONTROLX_1_N001,2026-07-14,19,test,-15.266387181887282,0.3482229693275183,0.6517770306724817,0.18176731849666183,0.6415421146692303,-104.6576,-1
CONTROLX_1_N001,2026-07-14,20,test,-21.181836386703086,0.3508874767440024,0.6491125232559976,0.19080512723423068,0.6570653898443283,-19.8771,-1
CONTROLX_1_N001,2026-07-14,21,test,-22.050411186796197,0.3542248114834882,0.6457751885165117,0.18902778707971418,0.6570943161857074,-57.2157,-1
CONTROLX_1_N001,2026-07-14,22,test,-14.365008679463504,0.3594006484878453,0.6405993515121546,0.19317836322912715,0.7410322247161365,-77.39959999999999,-1
CONTROLX_1_N001,2026-07-14,23,test,-22.050411186796197,0.34755533638416675,0.6524446636158332,0.20148986699277535,0.6819291681810326,-88.0195,-1
CONTROLX_1_N001,2026-07-14,24,test,-22.381717282376588,0.35100025516759586,0.6489997448324041,0.19909823116495193,0.6813356398726317,-82.9665,-1
CONTROLX_1_N001,2026-07-15,1,test,-20.89840246769695,0.3605317078987323,0.6394682921012678,0.21377918481079422,0.8484246140209586,-80.91640000000001,-1
CONTROLX_1_N001,2026-07-15,2,test,-22.900423670300473,0.34917038301559794,0.6508296169844021,0.2414412151108335,0.9154823882653684,-82.2653,-1
CONTROLX_1_N001,2026-07-15,3,test,-14.626852594773606,0.3627739004403532,0.6372260995596468,0.1950899108904245,0.8214126152525055,-79.2817,-1
CONTROLX_1_N001,2026-07-15,4,test,-14.626852594773606,0.3557567874611077,0.6442432125388923,0.20646407102203598,0.8769252753534754,-60.037400000000005,-1
CONTROLX_1_N001,2026-07-15,5,test,-13.847885514418202,0.3671255470584907,0.6328744529415093,0.18356811394534212,0.7726552597325763,-51.0827,-1
CONTROLX_1_N001,2026-07-15,6,test,-14.626852594773606,0.3627739004403532,0.6372260995596468,0.18653596922366214,0.7325964334988407,-50.570899999999995,-1
CONTROLX_1_N001,2026-07-15,7,test,-14.626852594773606,0.3627739004403532,0.6372260995596468,0.18662908174587864,0.7310645995788179,15.923299999999998,1
CONTROLX_1_N001,2026-07-15,8,test,-14.626852594773606,0.3557567874611077,0.6442432125388923,0.20827196898813008,0.8716099024731693,-26.705700000000004,-1
CONTROLX_1_N001,2026-07-15,9,test,-14.034602376718375,0.3458551648042819,0.6541448351957181,0.22067361124823298,0.9280350119313995,-16.942899999999998,-1
CONTROLX_1_N001,2026-07-15,10,test,-11.16651969566395,0.3200153333420828,0.6799846666579172,0.23630527471730062,0.9348553561279834,-66.8621,-1
CONTROLX_1_N001,2026-07-15,11,test,-9.684234614807401,0.302865038095943,0.697134961904057,0.25075733314571313,0.9812224064528859,-65.8028,-1
CONTROLX_1_N001,2026-07-15,12,test,-9.054718088273798,0.32353955902797943,0.6764604409720205,0.22161477887535133,0.9271035344531989,-72.2739,-1
CONTROLX_1_N001,2026-07-15,13,test,-8.14492510159619,0.302865038095943,0.697134961904057,0.23568846200300075,0.8472958176912334,-65.3698,-1
CONTROLX_1_N001,2026-07-15,14,test,-10.628853679228708,0.327398711251788,0.672601288748212,0.21976622054231806,0.8405272520581718,-60.4312,-1
CONTROLX_1_N001,2026-07-15,15,test,-10.628853679228708,0.3308136622981214,0.6691863377018785,0.20993256439750435,0.7762526084837897,-52.275800000000004,-1
CONTROLX_1_N001,2026-07-15,16,test,-10.628853679228708,0.3308136622981214,0.6691863377018785,0.20073548677006314,0.6795492733047597,-65.7916,-1
CONTROLX_1_N001,2026-07-15,17,test,-18.77628543551309,0.35157533779772254,0.6484246622022775,0.21522664499423366,0.7677210441991899,19.014899999999997,1
CONTROLX_1_N001,2026-07-15,18,test,-18.77628543551309,0.33862631915228775,0.6613736808477122,0.23334891827890045,0.8460615219479077,245.0268,1
CONTROLX_1_N001,2026-07-15,19,test,-20.888087042903244,0.34958063641557985,0.6504193635844202,0.22248255359816885,0.7831990252677368,43.075,1
CONTROLX_1_N001,2026-07-15,20,test,-20.888087042903244,0.34020730652012054,0.6597926934798795,0.2311289794967308,0.7925236005505392,-87.1876,-1
CONTROLX_1_N001,2026-07-15,21,test,-22.977448261106925,0.34349681507234275,0.6565031849276572,0.23115263403335595,0.7720223229766523,-90.81630000000001,-1
CONTROLX_1_N001,2026-07-15,22,test,-13.822670632981982,0.3816905492144341,0.6183094507855659,0.189327048321703,0.9121652588511314,-72.1173,-1
CONTROLX_1_N001,2026-07-15,23,test,-22.977448261106925,0.34851613033445994,0.6514838696655401,0.2289527578755449,0.8093829686956895,-85.52709999999999,-1
CONTROLX_1_N001,2026-07-15,24,test,-22.977448261106925,0.34851613033445994,0.6514838696655401,0.23383904270191117,0.8387309166370818,-81.7981,-1
CONTROLX_1_N001,2026-07-16,1,test,-1.1806247845207551,0.3459161559802583,0.6540838440197416,0.1560192410847114,0.5959486125877975,-80.12780000000001,-1
CONTROLX_1_N001,2026-07-16,2,test,-0.2425893231516889,0.3411964092891139,0.6588035907108861,0.15920043257781905,0.5805181162672521,-72.2693,-1
CONTROLX_1_N001,2026-07-16,3,test,2.033488757352174,0.3541899383886059,0.6458100616113941,0.1494409005160731,0.5855475542340958,-79.56,-1
CONTROLX_1_N001,2026-07-16,4,test,2.033488757352174,0.3492083520459839,0.6507916479540161,0.15436492494695978,0.5854405039065276,-77.8715,-1
CONTROLX_1_N001,2026-07-16,5,test,2.033488757352174,0.35402996661399644,0.6459700333860036,0.14953383309886384,0.587008583292207,72.35149999999999,1
CONTROLX_1_N001,2026-07-16,6,test,2.033488757352174,0.35087609891006893,0.649123901089931,0.15281547580512306,0.5867686323578382,-44.954299999999996,-1
CONTROLX_1_N001,2026-07-16,7,test,1.1888447554581196,0.35087609891006893,0.649123901089931,0.15124167970706914,0.5855151407805838,906.6246,1
CONTROLX_1_N001,2026-07-16,8,test,0.39351080643415814,0.3426324111353714,0.6573675888646286,0.158136091373974,0.5920121741009504,29.684499999999993,1
CONTROLX_1_N001,2026-07-16,9,test,0.5363777572037123,0.3394759530981939,0.6605240469018061,0.16163264690418463,0.5981994077440367,-13.389700000000005,-1
CONTROLX_1_N001,2026-07-16,10,test,1.812507373612187,0.2997645512226821,0.7002354487773179,0.2038840449260436,0.5973601188848525,5.389000000000003,1
CONTROLX_1_N001,2026-07-16,11,test,1.812507373612187,0.2997645512226821,0.7002354487773179,0.20390697391932258,0.5936021303134836,-54.1531,-1
CONTROLX_1_N001,2026-07-16,12,test,0.871152129364642,0.2997645512226821,0.7002354487773179,0.20193104617753982,0.5900426033212222,-57.803399999999996,-1
CONTROLX_1_N001,2026-07-16,13,test,0.004453569754310216,0.290752466788871,0.709247533211129,0.2092561347053955,0.5934508181178969,-59.164,-1
CONTROLX_1_N001,2026-07-16,14,test,1.5785891607092233,0.3141327961224482,0.6858672038775517,0.18892815814058045,0.5897452416305272,-70.18209999999999,-1
CONTROLX_1_N001,2026-07-16,15,test,1.5785891607092233,0.31395892730987957,0.6860410726901205,0.18880450359226814,0.5782493810744219,-73.15559999999999,-1
CONTROLX_1_N001,2026-07-16,16,test,1.5129122391705696,0.3141327961224482,0.6858672038775517,0.18853437768733183,0.5795932411568052,-59.231300000000005,-1
CONTROLX_1_N001,2026-07-16,17,test,-0.3196139139581402,0.35087609891006893,0.649123901089931,0.14968079169800344,0.5906072828415738,-79.83449999999999,-1
CONTROLX_1_N001,2026-07-16,18,test,-0.40165770416535373,0.3404669902136017,0.6595330097863983,0.16023107176308365,0.6086164504288314,-67.8664,-1
CONTROLX_1_N001,2026-07-16,19,test,-1.1806247845207551,0.3355781211265015,0.6644218788734986,0.16632020012653606,0.6045706356233808,-98.6238,-1
CONTROLX_1_N001,2026-07-16,20,test,-0.40165770416535373,0.33387163761323907,0.6661283623867609,0.16678100040800112,0.5841914354330864,-65.3675,-1
CONTROLX_1_N001,2026-07-16,21,test,-1.1806247845207551,0.33065056827625255,0.6693494317237474,0.1712460507590934,0.5844216678468207,-24.458600000000004,-1
CONTROLX_1_N001,2026-07-16,22,test,5.491636364827629,0.36850436711865464,0.6314956328813454,0.1419094820927902,0.5967803705609488,-60.11709999999999,-1
CONTROLX_1_N001,2026-07-16,23,test,-1.1806247845207551,0.33065056827625255,0.6693494317237474,0.17134118298039655,0.5885024048329567,-71.15350000000001,-1
CONTROLX_1_N001,2026-07-16,24,test,-0.3196139139581402,0.33065056827625255,0.6693494317237474,0.16989308975401943,0.5853724941912425,149.2293,1
CONTROLX_1_N001,2026-07-17,1,test,58.21953363921532,0.35463461450446176,0.6453653854955382,0.23387132068571673,0.5848995223054243,-88.9748,-1
CONTROLX_1_N001,2026-07-17,2,test,58.42870472993772,0.34573176062536787,0.6542682393746322,0.23738460629587133,0.5863413079158206,-82.7118,-1
CONTROLX_1_N001,2026-07-17,3,test,59.79366923017023,0.35951846836887785,0.6404815316311221,0.21971071005492085,0.5722159837560312,2251.3042,1
CONTROLX_1_N001,2026-07-17,4,test,59.79366923017023,0.35940287570645735,0.6405971242935427,0.22471910340225568,0.5782180511280677,-84.4907,-1
CONTROLX_1_N001,2026-07-17,5,test,60.57263631052564,0.3562249636483563,0.6437750363516437,0.22992038796489697,0.5813086077724879,-97.1075,-1
CONTROLX_1_N001,2026-07-17,6,test,60.57263631052564,0.3581791372620265,0.6418208627379736,0.22891746185252165,0.5795698412712499,-91.73259999999999,-1
CONTROLX_1_N001,2026-07-17,7,test,59.58133999847729,0.3633319638805015,0.6366680361194985,0.2273761655072836,0.5772915722963111,-140.9428,-1
CONTROLX_1_N001,2026-07-17,8,test,60.57263631052564,0.3558683795247647,0.6441316204752353,0.24557326685240227,0.5950511239150164,-121.9678,-1
CONTROLX_1_N001,2026-07-17,9,test,60.972295168140114,0.3507192152543473,0.6492807847456528,0.2596669316825921,0.6159597793928094,-111.22210000000001,-1
CONTROLX_1_N001,2026-07-17,10,test,59.86848151957338,0.3041155601760394,0.6958844398239605,0.3228639468810357,0.6299448507864136,-70.5261,-1
CONTROLX_1_N001,2026-07-17,11,test,45.63006369200363,0.2985665849814204,0.7014334150185796,0.3102493855419451,0.6517239832429537,-70.9677,-1
CONTROLX_1_N001,2026-07-17,12,test,47.518979620387356,0.2985665849814204,0.7014334150185796,0.3316267109301628,0.685271366152152,-70.2892,-1
CONTROLX_1_N001,2026-07-17,13,test,47.518979620387356,0.3113000397505409,0.6886999602494591,0.3189162080553265,0.685108056758038,-71.7561,-1
CONTROLX_1_N001,2026-07-17,14,test,44.553298127666366,0.32516498378473446,0.6748350162152655,0.2952356347255052,0.6586955509905454,-75.2101,-1
CONTROLX_1_N001,2026-07-17,15,test,46.90640079897668,0.3291741586591963,0.6708258413408037,0.29598733975733243,0.6587394038969848,-71.9488,-1
CONTROLX_1_N001,2026-07-17,16,test,46.127433718621276,0.32595742827865287,0.6740425717213472,0.3032788302493764,0.6674830874186282,-73.54509999999999,-1
CONTROLX_1_N001,2026-07-17,17,test,47.231247367188004,0.35099578580392965,0.6490042141960704,0.2696454054530106,0.6461861411789337,-122.97319999999999,-1
CONTROLX_1_N001,2026-07-17,18,test,45.657111776233094,0.34962837009677583,0.6503716299032242,0.26662149867929463,0.6557498029879935,-178.8486,-1
CONTROLX_1_N001,2026-07-17,19,test,59.77049600359562,0.3519734693477132,0.6480265306522868,0.25974552612876367,0.6145448516633938,-207.9115,-1
CONTROLX_1_N001,2026-07-17,20,test,58.844876613085916,0.3551436255354055,0.6448563744645945,0.24541236616119055,0.6068011991111504,-153.3402,-1
CONTROLX_1_N001,2026-07-17,21,test,58.07288132906102,0.35686761679499684,0.6431323832050031,0.23561157974855546,0.5978539186255623,-152.2468,-1
CONTROLX_1_N001,2026-07-17,22,test,23.15945706392774,0.3782331690129414,0.6217668309870585,0.16778479980306832,0.5814627728899303,-82.8935,-1
CONTROLX_1_N001,2026-07-17,23,test,58.07288132906102,0.3570781227059257,0.6429218772940744,0.2341245249331828,0.5892511731991988,-83.60719999999999,-1
CONTROLX_1_N001,2026-07-17,24,test,58.07288132906102,0.3484823487730861,0.6515176512269139,0.2432009967587427,0.5854724580757504,-15.347499999999997,-1
CONTROLX_1_N001,2026-07-18,1,test,29.92773438604451,0.3616420181547842,0.6383579818452159,0.1985448168720637,0.6136289346348862,-100.85940000000001,-1
CONTROLX_1_N001,2026-07-18,2,test,29.220297354699927,0.35803647827921775,0.6419635217207822,0.1903450743049454,0.6019745914536518,-151.9984,-1
CONTROLX_1_N001,2026-07-18,3,test,30.074386696198808,0.3579120596214318,0.6420879403785682,0.19258289562380881,0.5912459336011324,-178.9085,-1
CONTROLX_1_N001,2026-07-18,4,test,30.074386696198808,0.35709289386587706,0.6429071061341229,0.19545144801957748,0.6006021106875141,-158.89249999999998,-1
CONTROLX_1_N001,2026-07-18,5,test,30.853353776554215,0.365795120571216,0.634204879428784,0.18936076455362347,0.6034891002050439,-154.21710000000002,-1
CONTROLX_1_N001,2026-07-18,6,test,30.853353776554215,0.36078843589907134,0.6392115641009286,0.19443839251641154,0.6026177498522306,-150.4249,-1
CONTROLX_1_N001,2026-07-18,7,test,29.35624277640575,0.3571583442435954,0.6428416557564046,0.19325489653246794,0.6057658905549359,-121.3141,-1
CONTROLX_1_N001,2026-07-18,8,test,30.33303327821576,0.35923033389408376,0.6407696661059162,0.2008587880192423,0.6264701568371824,-117.39609999999999,-1
CONTROLX_1_N001,2026-07-18,9,test,30.128238060430643,0.35587182811930684,0.6441281718806932,0.21061855621586706,0.6846670675366591,-103.24239999999999,-1
CONTROLX_1_N001,2026-07-18,10,test,31.741149930547316,0.3244097291242749,0.6755902708757251,0.2569422507295921,0.678468439762729,-60.879400000000004,-1
CONTROLX_1_N001,2026-07-18,11,test,18.642012486953956,0.31731060149912044,0.6826893985008795,0.23902376813082854,0.7173882035432021,-31.854300000000002,-1
CONTROLX_1_N001,2026-07-18,12,test,18.61268095100589,0.31946331973954095,0.6805366802604591,0.23702825528016458,0.6910985485894574,-46.674899999999994,-1
CONTROLX_1_N001,2026-07-18,13,test,-39.35231377728577,0.31731060149912044,0.6826893985008795,0.30311400374264363,0.7704234576955923,-50.8074,-1
CONTROLX_1_N001,2026-07-18,14,test,17.214750667949662,0.3248911537169323,0.6751088462830677,0.23825995036359418,0.7396519997020786,-48.3086,-1
CONTROLX_1_N001,2026-07-18,15,test,-40.44328595572564,0.3271771341589312,0.6728228658410689,0.30009739398484647,0.735648605240357,-67.5979,-1
CONTROLX_1_N001,2026-07-18,16,test,-40.44328595572564,0.3273454378076954,0.6726545621923046,0.29484308358917943,0.7291448717164491,-59.7416,-1
CONTROLX_1_N001,2026-07-18,17,test,16.879650063015497,0.3446473195937795,0.6553526804062205,0.21050268730623886,0.7130649868643254,-72.2051,-1
CONTROLX_1_N001,2026-07-18,18,test,16.25013353648189,0.34344925345349964,0.6565507465465004,0.2186220095171741,0.8221961067588917,-70.7067,-1
CONTROLX_1_N001,2026-07-18,19,test,29.34927098007525,0.3422273168721808,0.6577726831278192,0.24298984095434373,0.7542416797069145,-89.3425,-1
CONTROLX_1_N001,2026-07-18,20,test,29.272246389268798,0.34178375558707946,0.6582162444129205,0.21993068637734198,0.6865913050989297,-60.1643,-1
CONTROLX_1_N001,2026-07-18,21,test,29.279218185599298,0.3493362941799754,0.6506637058200246,0.21428790038829715,0.6836886916124182,-85.5427,-1
CONTROLX_1_N001,2026-07-18,22,test,-37.45919667772409,0.365608715267275,0.634391284732725,0.1999927157103874,0.5816246114955017,-87.2363,-1
CONTROLX_1_N001,2026-07-18,23,test,28.353598795089592,0.3611022430706366,0.6388977569293635,0.19398184317175327,0.613760179623863,-102.2036,-1
CONTROLX_1_N001,2026-07-18,24,test,29.999264435055334,0.3614001951846955,0.6385998048153045,0.1953355977563423,0.6278767658560688,-85.8543,-1
CONTROLX_1_N001,2026-07-19,1,test,-58.08096046490242,0.3532868061911878,0.6467131938088122,0.31909749706318896,0.8843073752336859,-62.83070000000001,-1
CONTROLX_1_N001,2026-07-19,2,test,-59.57807146505088,0.35293313940583054,0.6470668605941694,0.3252716982312719,0.8109071141110121,-67.6713,-1
CONTROLX_1_N001,2026-07-19,3,test,-59.18438002495098,0.33643422527385114,0.6635657747261489,0.33848886624498215,0.8206669858462761,-79.5962,-1
CONTROLX_1_N001,2026-07-19,4,test,-58.08096046490242,0.34618610891687424,0.6538138910831257,0.33710390863360307,0.9002835120797303,-60.2087,-1
CONTROLX_1_N001,2026-07-19,5,test,-58.08096046490242,0.3478968824527504,0.6521031175472496,0.31763952333635853,0.8875197255384315,-63.964200000000005,-1
CONTROLX_1_N001,2026-07-19,6,test,-58.08096046490242,0.3519652902108437,0.6480347097891563,0.32964376812313123,0.8460197566570611,-54.4711,-1
CONTROLX_1_N001,2026-07-19,7,test,-59.57807146505088,0.3445971384924351,0.6554028615075649,0.3256923275827106,0.839132290661243,-63.17999999999999,-1
CONTROLX_1_N001,2026-07-19,8,test,-59.57807146505088,0.3447105316797146,0.6552894683202855,0.31719093971696766,0.953111318741791,-59.6698,-1
CONTROLX_1_N001,2026-07-19,9,test,-58.806076181025986,0.34728458801925166,0.6527154119807483,0.31561044225654694,0.9177361413892013,-76.4081,-1
CONTROLX_1_N001,2026-07-19,10,test,-57.9712688024713,0.30922262329926803,0.6907773767007319,0.36568883536458086,0.9230534874785565,-61.6408,-1
CONTROLX_1_N001,2026-07-19,11,test,-52.27735878713907,0.30948305257200565,0.6905169474279944,0.354798446109659,0.9297769810167075,-55.106700000000004,-1
CONTROLX_1_N001,2026-07-19,12,test,-52.27735878713907,0.3116069055369794,0.6883930944630205,0.36970101131457056,0.9458929139721703,-35.3332,-1
CONTROLX_1_N001,2026-07-19,13,test,-50.73804927392786,0.30948305257200565,0.6905169474279944,0.3607119481176192,0.8937630134273716,-17.7054,-1
CONTROLX_1_N001,2026-07-19,14,test,-56.474157802322836,0.31696342625012985,0.6830365737498701,0.37297907647061496,0.9335295625659056,-28.7151,-1
CONTROLX_1_N001,2026-07-19,15,test,-56.474157802322836,0.31163509171534187,0.6883649082846581,0.37036012832023035,0.9529877703076888,-31.740299999999998,-1
CONTROLX_1_N001,2026-07-19,16,test,-51.647842260605465,0.316991873836407,0.683008126163593,0.3596486783655423,0.913754433107355,-33.2494,-1
CONTROLX_1_N001,2026-07-19,17,test,-57.30896518087752,0.3354304774662538,0.6645695225337462,0.3350747289340873,0.9607127639265018,-33.1087,-1
CONTROLX_1_N001,2026-07-19,18,test,-57.93848170741113,0.3341122515552001,0.6658877484447999,0.33482652392988477,0.984931818437716,-45.7695,-1
CONTROLX_1_N001,2026-07-19,19,test,-59.6670870515886,0.33613807239659876,0.6638619276034012,0.3281594797955086,0.9142904099906012,-44.913900000000005,-1
CONTROLX_1_N001,2026-07-19,20,test,-58.88310077183243,0.3454573060755746,0.6545426939244254,0.31627450509400845,0.876777422763407,-54.333200000000005,-1
CONTROLX_1_N001,2026-07-19,21,test,-59.65509605585733,0.34861189853930147,0.6513881014606986,0.3146640245830097,0.8774732893165079,-77.2701,-1
CONTROLX_1_N001,2026-07-19,22,test,-50.39267818536115,0.35752178927504397,0.642478210724956,0.3375878636137529,0.8419796468094709,-55.9388,-1
CONTROLX_1_N001,2026-07-19,23,test,-59.57807146505088,0.3501396928353963,0.6498603071646036,0.3345687897195787,0.8314652182819756,-69.1469,-1
CONTROLX_1_N001,2026-07-19,24,test,-59.18438002495098,0.34058232370657027,0.6594176762934297,0.3240171968746569,0.921432512870305,-73.55789999999999,-1
CONTROLX_1_N001,2026-07-20,1,test,-38.31618502897408,0.3627739004403532,0.6372260995596468,0.23413917806672063,0.6683852937719109,-62.967,-1
CONTROLX_1_N001,2026-07-20,2,test,-39.81329602912255,0.36231179174018163,0.6376882082598183,0.24367569481574158,0.6934210411791247,-64.8263,-1
CONTROLX_1_N001,2026-07-20,3,test,-39.81329602912255,0.3516860528607966,0.6483139471392034,0.25754364221361054,0.7428085247331198,-81.996,-1
CONTROLX_1_N001,2026-07-20,4,test,-38.31618502897408,0.35986884212170206,0.640131157878298,0.23782192267660307,0.6691087412430567,-63.608599999999996,-1
CONTROLX_1_N001,2026-07-20,5,test,-38.82109523142915,0.3605299080920737,0.6394700919079264,0.23790517672230488,0.6650382445460746,-67.957,-1
CONTROLX_1_N001,2026-07-20,6,test,-38.31618502897408,0.35986884212170206,0.640131157878298,0.240998661062231,0.6783918610546072,-65.3611,-1
CONTROLX_1_N001,2026-07-20,7,test,-34.40275702676181,0.34917038301559794,0.6508296169844021,0.24640638848105292,0.6956771460583241,-72.27279999999999,-1
CONTROLX_1_N001,2026-07-20,8,test,-32.04463515605073,0.36014881496744566,0.6398511850325543,0.2153608981533705,0.6497258990593445,-70.8634,-1
CONTROLX_1_N001,2026-07-20,9,test,-31.452384937995507,0.3567865034978746,0.6432134965021254,0.21509373464629022,0.6495718671442307,-80.14009999999999,-1
CONTROLX_1_N001,2026-07-20,10,test,-30.94242412765216,0.32756276956409025,0.6724372304359097,0.2460424855548157,0.6397829187423074,-76.639,-1
CONTROLX_1_N001,2026-07-20,11,test,-33.97717250374817,0.3217838003047719,0.6782161996952281,0.2602890664035552,0.6525131396420434,-77.7451,-1
CONTROLX_1_N001,2026-07-20,12,test,-33.96052104167018,0.3239524653522958,0.6760475346477042,0.25828158318501215,0.6529463880007039,-78.0004,-1
CONTROLX_1_N001,2026-07-20,13,test,-32.421211528458954,0.3217838003047719,0.6782161996952281,0.25471658648535767,0.6606426706849184,-84.5013,-1
CONTROLX_1_N001,2026-07-20,14,test,-33.37110895959801,0.33205700965243923,0.6679429903475608,0.263007137794097,0.6780078978995538,-93.5381,-1
CONTROLX_1_N001,2026-07-20,15,test,-34.10997159549197,0.3239524653522958,0.6760475346477042,0.26554995741582843,0.6413054902390796,-79.506,-1
CONTROLX_1_N001,2026-07-20,16,test,-34.10997159549197,0.336130131965708,0.663869868034292,0.2585821302515451,0.6510110975543562,-96.9992,-1
CONTROLX_1_N001,2026-07-20,17,test,-34.61993240583531,0.35510318229715293,0.6448968177028471,0.23668388107144453,0.6558276800097202,-105.9108,-1
CONTROLX_1_N001,2026-07-20,18,test,-36.11045980293153,0.3510296955108091,0.6489703044891909,0.22355460126522805,0.6144942350018334,-106.9588,-1
CONTROLX_1_N001,2026-07-20,19,test,-38.95770938402059,0.35715546541542414,0.6428445345845759,0.2281691042717273,0.6441721870971568,-108.9272,-1
CONTROLX_1_N001,2026-07-20,20,test,-38.45252191433467,0.36359732758695296,0.636402672413047,0.21179915774412705,0.6183484386013433,-195.4137,-1
CONTROLX_1_N001,2026-07-20,21,test,-41.25624169294667,0.36293475528157104,0.637065244718429,0.21666563913361098,0.622175205154783,-177.266,-1
CONTROLX_1_N001,2026-07-20,22,test,-31.59439346665006,0.3782221929890479,0.6217778070109521,0.22750148452469443,0.70701143916244,-86.7458,-1
CONTROLX_1_N001,2026-07-20,23,test,-39.68114952920659,0.36432819659885235,0.6356718034011477,0.22430377714443203,0.6686066408008522,-66.3392,-1
CONTROLX_1_N001,2026-07-20,24,test,-39.68114952920659,0.3601272090028379,0.6398727909971621,0.2278886970772318,0.6430017765871753,-40.8137,-1
CONTROLX_1_N001,2026-07-21,1,test,-36.12041125142551,0.37991055879230434,0.6200894412076956,0.22967965807470875,0.7258536487471043,-55.203,-1
CONTROLX_1_N001,2026-07-21,2,test,-36.12041125142551,0.3729915721954133,0.6270084278045867,0.24495557570626436,0.7379882972538058,-52.6076,-1
CONTROLX_1_N001,2026-07-21,3,test,-36.62559872111142,0.3570247085596945,0.6429752914403055,0.2530224243435608,0.7191927155822633,-52.0349,-1
CONTROLX_1_N001,2026-07-21,4,test,-34.5462756604706,0.3629650121532564,0.6370349878467436,0.25475628469209083,0.7238391107360821,181.5204,1
CONTROLX_1_N001,2026-07-21,5,test,-34.275505316044416,0.3636285348435447,0.6363714651564554,0.2528509138328167,0.7225382189139268,28.4063,1
CONTROLX_1_N001,2026-07-21,6,test,-34.275505316044416,0.37498277240184325,0.6250172275981567,0.24269949973674226,0.7165274618400596,17.5785,1
CONTROLX_1_N001,2026-07-21,7,test,-34.312357447567635,0.35222515464861964,0.6477748453513803,0.25304394906335825,0.6859983418103514,-50.667199999999994,-1
CONTROLX_1_N001,2026-07-21,8,test,-33.60492041622305,0.3632460269016328,0.6367539730983671,0.24019417810777863,0.6917947338856655,-63.3382,-1
CONTROLX_1_N001,2026-07-21,9,test,-33.67522663234512,0.36089599636966296,0.639104003630337,0.23733395919345524,0.693229670621265,-73.9568,-1
CONTROLX_1_N001,2026-07-21,10,test,-34.69381159281194,0.3416839735776216,0.6583160264223784,0.25905951331653726,0.6494546724276418,-42.1221,-1
CONTROLX_1_N001,2026-07-21,11,test,-29.916511621842613,0.33562429834953117,0.6643757016504688,0.2486338721786171,0.6565672672245912,-33.6298,-1
CONTROLX_1_N001,2026-07-21,12,test,-30.74116501032422,0.3379841847126856,0.6620158152873143,0.2555995759439267,0.7309047774332827,-36.496900000000004,-1
CONTROLX_1_N001,2026-07-21,13,test,-25.482784216817443,0.34219815517514723,0.6578018448248528,0.24991905565857064,0.7150537118560504,-19.346,-1
CONTROLX_1_N001,2026-07-21,14,test,-28.977910106638586,0.35039419343988537,0.6496058065601147,0.25969697414415394,0.7062777452319489,-40.554700000000004,-1
CONTROLX_1_N001,2026-07-21,15,test,-28.977910106638586,0.3381407013775083,0.6618592986224917,0.26790032635223415,0.7145862999936589,-29.7819,-1
CONTROLX_1_N001,2026-07-21,16,test,-31.05170958824104,0.3464183166295735,0.6535816833704264,0.25217123825175175,0.8070736638605529,-8.8537,-1
CONTROLX_1_N001,2026-07-21,17,test,-27.92357194936639,0.36347508014565033,0.6365249198543497,0.21960442375916184,0.6906903437105776,-150.9138,-1
CONTROLX_1_N001,2026-07-21,18,test,-30.7268630200297,0.3526315577386499,0.6473684422613502,0.23069594526936865,0.6799449681540793,-176.0516,-1
CONTROLX_1_N001,2026-07-21,19,test,-32.83866462741985,0.362893764360329,0.6371062356396711,0.22240182807206177,0.7374526623778584,-192.1488,-1
CONTROLX_1_N001,2026-07-21,20,test,-27.473553648470197,0.36450816885933335,0.6354918311406667,0.2106694376388279,0.651221175656418,-104.873,-1
CONTROLX_1_N001,2026-07-21,21,test,-36.31313503484897,0.36744071044812976,0.6325592895518702,0.2188273956783287,0.6936535095520109,-94.305,-1
CONTROLX_1_N001,2026-07-21,22,test,-27.283692693428453,0.403573688787716,0.5964263112122841,0.20406786636269064,0.7331753825461259,-60.6785,-1
CONTROLX_1_N001,2026-07-21,23,test,-36.45832624280429,0.3815897971715556,0.6184102028284444,0.2574752855732181,0.8461299766041306,-47.8362,-1
CONTROLX_1_N001,2026-07-21,24,test,-35.615501048970444,0.36281633185075235,0.6371836681492477,0.24854834694322453,0.7135458913488278,0.0,0
CONTROLX_1_N001,2026-07-22,1,test,74.23819592455075,0.3682253278284684,0.6317746721715316,0.23842578469629278,0.5781163317522425,-45.3857,-1
CONTROLX_1_N001,2026-07-22,2,test,74.70678936932146,0.3619639583766624,0.6380360416233376,0.24819916496968208,0.590782276978501,97.366,1
CONTROLX_1_N001,2026-07-22,3,test,74.70678936932146,0.3488282645651196,0.6511717354348804,0.26431705923922755,0.5916444942976766,-52.408699999999996,-1
CONTROLX_1_N001,2026-07-22,4,test,75.41422640066604,0.3617632998705898,0.6382367001294103,0.24922090816833847,0.575322497057894,-49.3047,-1
CONTROLX_1_N001,2026-07-22,5,test,82.19068647604445,0.36242587557571665,0.6375741244242834,0.2467499525990154,0.6403679107165436,-36.7394,-1
CONTROLX_1_N001,2026-07-22,6,test,65.35005200656303,0.37110034814072074,0.6288996518592793,0.2274026238911694,0.5755213192731108,-53.5003,-1
CONTROLX_1_N001,2026-07-22,7,test,80.61655088508954,0.3488282645651196,0.6511717354348804,0.2608597090499742,0.6453517722028517,174.1961,1
CONTROLX_1_N001,2026-07-22,8,test,82.19068647604445,0.3617632998705898,0.6382367001294103,0.2546086677264817,0.6463560299345205,-70.6177,-1
CONTROLX_1_N001,2026-07-22,9,test,80.82572197581193,0.36133751578337225,0.6386624842166277,0.2491360705435936,0.6426892050807989,-61.3291,-1
CONTROLX_1_N001,2026-07-22,10,test,81.72146801876568,0.3375174717773203,0.6624825282226797,0.3023007983654758,0.6013784772104308,-30.535800000000002,-1
CONTROLX_1_N001,2026-07-22,11,test,52.09013210819131,0.3328483277371083,0.6671516722628916,0.27364537891301455,0.6120536083366456,-34.056200000000004,-1
CONTROLX_1_N001,2026-07-22,12,test,15.545626785865553,0.3326930293976447,0.6673069706023553,0.2030837304301281,0.6009065835657328,-27.6111,-1
CONTROLX_1_N001,2026-07-22,13,test,15.736418777877761,0.3326930293976447,0.6673069706023553,0.21564431399753858,0.6679286798712972,-24.848999999999997,-1
CONTROLX_1_N001,2026-07-22,14,test,8.05401457798262,0.3437970238902676,0.6562029761097323,0.17976667320607892,0.6365075844056756,-41.7096,-1
CONTROLX_1_N001,2026-07-22,15,test,8.05401457798262,0.3432838105691069,0.656716189430893,0.18145991800922517,0.6434872308407796,-31.1145,-1
CONTROLX_1_N001,2026-07-22,16,test,7.936136541803197,0.34090597582945936,0.6590940241705406,0.18304704213904194,0.6390554484263468,-79.2624,-1
CONTROLX_1_N001,2026-07-22,17,test,8.98722674913503,0.3635074480551393,0.6364925519448608,0.16318777445099614,0.6449581580951876,-67.3916,-1
CONTROLX_1_N001,2026-07-22,18,test,2.92746399760264,0.3512045923514006,0.6487954076485993,0.1570235155151569,0.650947374829844,-82.7745,-1
CONTROLX_1_N001,2026-07-22,19,test,21.846182192671154,0.3615470709454706,0.6384529290545293,0.1859987117308013,0.6142863341022915,-89.82339999999999,-1
CONTROLX_1_N001,2026-07-22,20,test,22.44345628899625,0.36332067607833113,0.6366793239216688,0.1759750694018661,0.6162815399493908,-99.6445,-1
CONTROLX_1_N001,2026-07-22,21,test,73.98674311986544,0.36178139292684897,0.638218607073151,0.24546458289937628,0.6086168317201277,-103.36189999999999,-1
CONTROLX_1_N001,2026-07-22,22,test,-13.491290767359338,0.3948038352266599,0.6051961647733402,0.13184307885893848,0.60637381776688,-62.6391,-1
CONTROLX_1_N001,2026-07-22,23,test,17.056536036628835,0.3704581696847753,0.6295418303152247,0.16109496190069922,0.5961061088662027,-44.156800000000004,-1
CONTROLX_1_N001,2026-07-22,24,test,18.197480747965983,0.3642161617129037,0.6357838382870963,0.17181524790373665,0.5944775025821967,-27.7393,-1
CONTROLX_1_N001,2026-07-23,1,test,3.8955994882206726,0.3679627258035787,0.6320372741964213,0.1400269047844829,0.5747350032489124,-35.1153,-1
CONTROLX_1_N001,2026-07-23,2,test,5.7916391462449734,0.36875610258257063,0.6312438974174294,0.14286924999267037,0.5786211953745648,-42.680099999999996,-1
CONTROLX_1_N001,2026-07-23,3,test,59.59467051064432,0.35551126325045984,0.6444887367495402,0.24488037888270736,0.607012889170006,404.586,1
CONTROLX_1_N001,2026-07-23,4,test,45.44524420978671,0.3744943389669152,0.6255056610330848,0.19984866822052857,0.5728535167631066,319.43989999999997,1
CONTROLX_1_N001,2026-07-23,5,test,5.7916391462449734,0.37082116462047365,0.6291788353795263,0.1404868322129563,0.5734738861383237,-41.1638,-1
CONTROLX_1_N001,2026-07-23,6,test,10.41005638664536,0.3747973361124621,0.6252026638875379,0.1442366922125776,0.5672762881431489,174.0922,1
CONTROLX_1_N001,2026-07-23,7,test,5.7916391462449734,0.35899165036047476,0.6410083496395252,0.15192117931465704,0.5744990606256801,-46.726299999999995,-1
CONTROLX_1_N001,2026-07-23,8,test,59.54519501934979,0.36610240108198533,0.6338975989180147,0.22840535827973651,0.5709236195727603,213.3372,1
CONTROLX_1_N001,2026-07-23,9,test,60.01260272941886,0.36458283062723035,0.6354171693727697,0.23579212828797144,0.5783536930277802,-33.6676,-1
CONTROLX_1_N001,2026-07-23,10,test,60.46672324156293,0.33396632363336937,0.6660336763666306,0.2899856003618023,0.6051084455322563,-24.080800000000004,-1
CONTROLX_1_N001,2026-07-23,11,test,46.499991324354696,0.3293218848325149,0.6706781151674851,0.28461465357749893,0.6245751471960599,-29.8033,-1
CONTROLX_1_N001,2026-07-23,12,test,31.952459908657463,0.3203714643781909,0.679628535621809,0.26001382475726165,0.6169756400363199,-25.9072,-1
CONTROLX_1_N001,2026-07-23,13,test,46.499991324354696,0.3244734700567283,0.6755265299432718,0.2950841528715867,0.6339210956064402,-19.814,-1
CONTROLX_1_N001,2026-07-23,14,test,46.499991324354696,0.34170531293063994,0.65829468706936,0.2744370306086087,0.6332861287646927,-11.5239,-1
CONTROLX_1_N001,2026-07-23,15,test,-10.040972721651691,0.3348348070336872,0.6651651929663128,0.20063900206613222,0.6485839014061872,-10.9814,-1
CONTROLX_1_N001,2026-07-23,16,test,46.499991324354696,0.33676612907474013,0.6632338709252599,0.2853344489041929,0.639456682631557,-21.6036,-1
CONTROLX_1_N001,2026-07-23,17,test,46.19252312236494,0.3560198482200367,0.6439801517799633,0.24933272221675531,0.6546943155314869,-32.9799,-1
CONTROLX_1_N001,2026-07-23,18,test,46.19252312236494,0.35387878075898116,0.6461212192410188,0.25830027058772737,0.6921486875509226,-72.68889999999999,-1
CONTROLX_1_N001,2026-07-23,19,test,59.73435102446812,0.35986843557363735,0.6401315644263627,0.250362853792121,0.6514781677341688,-78.1561,-1
CONTROLX_1_N001,2026-07-23,20,test,60.01260272941886,0.3606573669607387,0.6393426330392613,0.23672584428085447,0.615578050646834,-78.04390000000001,-1
CONTROLX_1_N001,2026-07-23,21,test,58.31079322783387,0.3640355114370658,0.6359644885629342,0.22742531927751944,0.599227109678919,-81.437,-1
CONTROLX_1_N001,2026-07-23,22,test,-34.41487974459677,0.37696112287233347,0.6230388771276665,0.18764863518129438,0.5968776802300444,-61.4536,-1
CONTROLX_1_N001,2026-07-23,23,test,2.5381884026059103,0.3678448524780441,0.6321551475219559,0.13744428363228028,0.5799558774924313,-74.6248,-1
CONTROLX_1_N001,2026-07-23,24,test,1.6658791156323278,0.36580506845483524,0.6341949315451647,0.13783662804885588,0.5862119133436413,-54.4798,-1
CONTROLX_1_N001,2026-07-24,1,test,3.2869332169819323,0.36835159653527966,0.6316484034647203,0.13733314823996912,0.5613686938764274,-125.07130000000001,-1
CONTROLX_1_N001,2026-07-24,2,test,4.625587201961382,0.37458017789289866,0.6254198221071013,0.13285544245157546,0.5622732261495154,-119.9819,-1
CONTROLX_1_N001,2026-07-24,3,test,3.2869332169819323,0.3663860332434822,0.6336139667565178,0.13938203224548504,0.5645613530557968,-93.2174,-1
CONTROLX_1_N001,2026-07-24,4,test,6.025842368601116,0.3753011712760392,0.6246988287239608,0.13363302301820046,0.5479085553899137,-90.6122,-1
CONTROLX_1_N001,2026-07-24,5,test,6.025842368601116,0.3716247849090843,0.6283752150909157,0.1375370561731871,0.5470674012151165,-95.39699999999999,-1
CONTROLX_1_N001,2026-07-24,6,test,8.440586723633317,0.37560442922526505,0.624395570774735,0.1369405170028491,0.5466174767745756,-105.32310000000001,-1
CONTROLX_1_N001,2026-07-24,7,test,4.963481571157706,0.38011703372529104,0.619882966274709,0.12897980468609904,0.5635516489968312,-100.3537,-1
CONTROLX_1_N001,2026-07-24,8,test,-0.17820050591673486,0.36563642317868733,0.6343635768213127,0.13466930715440395,0.5629083089157308,-97.3417,-1
CONTROLX_1_N001,2026-07-24,9,test,55.5138987201764,0.36442029857893116,0.6355797014210689,0.21755379201774416,0.5620625286520649,-86.63640000000001,-1
CONTROLX_1_N001,2026-07-24,10,test,5.6781658439293405,0.34126771094162667,0.6587322890583733,0.1725537059087937,0.5893559353626108,-73.72149999999999,-1
CONTROLX_1_N001,2026-07-24,11,test,-13.856953327232006,0.3365730444405317,0.6634269555594683,0.204711567471266,0.6143849795082182,-77.60220000000001,-1
CONTROLX_1_N001,2026-07-24,12,test,-14.744885873263817,0.3365730444405317,0.6634269555594683,0.20971047363126177,0.6245861828889075,-69.5419,-1
CONTROLX_1_N001,2026-07-24,13,test,-12.518299342252554,0.3407784775557135,0.6592215224442866,0.207430961698543,0.6602494712049031,-80.7819,-1
CONTROLX_1_N001,2026-07-24,14,test,-18.376153783628997,0.33431765879080505,0.665682341209195,0.2347093471633284,0.6600553495107477,-104.3286,-1
CONTROLX_1_N001,2026-07-24,15,test,-18.312090731180103,0.3275217897105177,0.6724782102894823,0.24397116922923645,0.6589738036845484,-76.76769999999999,-1
CONTROLX_1_N001,2026-07-24,16,test,-18.16673105202473,0.34883531760022435,0.6511646823997757,0.2152520158804237,0.665848254567869,-105.02629999999999,-1
CONTROLX_1_N001,2026-07-24,17,test,32.34571222205936,0.365385259273327,0.634614740726673,0.22633022524180124,0.6486487371951967,-89.2976,-1
CONTROLX_1_N001,2026-07-24,18,test,32.34571222205936,0.3526076478407515,0.6473923521592485,0.2368237413154018,0.6478720744345569,-130.4948,-1
CONTROLX_1_N001,2026-07-24,19,test,46.31244413926758,0.3633303464182852,0.6366696535817148,0.21911095386628515,0.6003954156502141,-7.2917999999999985,-1
CONTROLX_1_N001,2026-07-24,20,test,46.31244413926758,0.36502718475375506,0.6349728152462449,0.2045970939767419,0.5778397664797315,0.9846999999999966,1
CONTROLX_1_N001,2026-07-24,21,test,45.18219096294191,0.37245034255975507,0.6275496574402449,0.19250018841822786,0.5783413369441972,68.729,1
CONTROLX_1_N001,2026-07-24,22,test,-7.075440458432342,0.38510379097962044,0.6148962090203796,0.13090131823757595,0.5946931624713685,-141.6051,-1
CONTROLX_1_N001,2026-07-24,23,test,3.911875055835702,0.37752646674954,0.6224735332504601,0.13084194959027043,0.5777153536792171,-125.5878,-1
CONTROLX_1_N001,2026-07-24,24,test,-2.1988279932273156,0.379620669907642,0.620379330092358,0.12451403675902316,0.5666686717727986,-107.92830000000001,-1
CONTROLX_1_N001,2026-07-25,1,test,0.4250995404009813,0.3775452386707611,0.6224547613292388,0.12342323379555425,0.5629456052880413,7.1348,1
CONTROLX_1_N001,2026-07-25,2,test,5.319123790082612,0.3772041014189734,0.6227958985810266,0.13309494972821717,0.5573770225901321,143.8148,1
CONTROLX_1_N001,2026-07-25,3,test,3.7237542127062144,0.37942359394360564,0.6205764060563943,0.12858035152026476,0.5969693496147499,-54.386,-1
CONTROLX_1_N001,2026-07-25,4,test,4.431191244050796,0.3732585654438351,0.6267414345561648,0.13673864234081537,0.5751640022169456,-73.782,-1
CONTROLX_1_N001,2026-07-25,5,test,4.431191244050796,0.3741218459558988,0.6258781540441012,0.13609749072028235,0.569367281132353,-59.071799999999996,-1
CONTROLX_1_N001,2026-07-25,6,test,4.431191244050796,0.38270074988802455,0.6172992501119754,0.1268748951128647,0.5660321999473903,-51.012600000000006,-1
CONTROLX_1_N001,2026-07-25,7,test,5.319123790082612,0.37201174361012157,0.6279882563898784,0.1388024551195373,0.5671056125194046,-68.8412,-1
CONTROLX_1_N001,2026-07-25,8,test,56.52993496523902,0.37801683727335766,0.6219831627266423,0.2278627703664154,0.5846836621508139,-51.1352,-1
CONTROLX_1_N001,2026-07-25,9,test,57.102221960582334,0.37171505668603977,0.6282849433139602,0.23639518754807065,0.5696552026830012,-35.8546,-1
CONTROLX_1_N001,2026-07-25,10,test,5.141321631683001,0.3462803782249876,0.6537196217750124,0.17088119479210964,0.5915175670484725,-33.7276,-1
CONTROLX_1_N001,2026-07-25,11,test,-10.955768458143927,0.336135550035967,0.6638644499640329,0.20762769191525843,0.6214667639582808,-28.826999999999998,-1
CONTROLX_1_N001,2026-07-25,12,test,-16.524155712097055,0.338937892025237,0.661062107974763,0.22739501011153257,0.6257376288602501,-21.3812,-1
CONTROLX_1_N001,2026-07-25,13,test,-16.524155712097055,0.338937892025237,0.661062107974763,0.22696820100566226,0.6304097480362015,-22.7215,-1
CONTROLX_1_N001,2026-07-25,14,test,-21.387654463317244,0.35104790801304925,0.6489520919869507,0.25076335356376167,0.6862341687404483,-20.2633,-1
CONTROLX_1_N001,2026-07-25,15,test,-16.727299397778,0.338937892025237,0.661062107974763,0.2452125322322985,0.6879421518936031,-37.661,-1
CONTROLX_1_N001,2026-07-25,16,test,35.9214733144857,0.3524139980936817,0.6475860019063183,0.28307302922974686,0.6796868511070956,-34.7949,-1
CONTROLX_1_N001,2026-07-25,17,test,35.43972039939723,0.35959280114507935,0.6404071988549207,0.28318681063181045,0.7120990422986253,-22.759600000000002,-1
CONTROLX_1_N001,2026-07-25,18,test,35.063830544612486,0.3448406480211295,0.6551593519788705,0.27243684058963197,0.6778387244971722,-31.010299999999997,-1
CONTROLX_1_N001,2026-07-25,19,test,47.0431246098003,0.3610245029448432,0.6389754970551569,0.2566028579681002,0.6212979332354734,-38.496,-1
CONTROLX_1_N001,2026-07-25,20,test,47.0431246098003,0.3663066429485367,0.6336933570514633,0.2254689293514256,0.5842253499728057,-65.6558,-1
CONTROLX_1_N001,2026-07-25,21,test,45.9659274120019,0.3756845356544078,0.6243154643455922,0.20355395491310307,0.5720190523432349,-61.503299999999996,-1
CONTROLX_1_N001,2026-07-25,22,test,-10.831465773846858,0.38252546434928303,0.617474535650717,0.14109954714976872,0.5790534097463511,-44.612100000000005,-1
CONTROLX_1_N001,2026-07-25,23,test,0.6259535198666991,0.3768686058276569,0.6231313941723431,0.12457464073101367,0.5673960360485163,-39.7573,-1
CONTROLX_1_N001,2026-07-25,24,test,3.7012862508262026,0.3768686058276569,0.6231313941723431,0.13128372933440866,0.5653907657969225,-35.0737,-1
CONTROLX_1_N001,2026-07-26,1,test,24.453911461473588,0.3674490447031152,0.6325509552968849,0.17888694982920264,0.5868279676795418,-73.1498,-1
CONTROLX_1_N001,2026-07-26,2,test,25.216946753706512,0.36593828452439636,0.6340617154756036,0.18009109949599947,0.5861625092614782,-73.6164,-1
CONTROLX_1_N001,2026-07-26,3,test,23.719835753558048,0.3591349848693782,0.6408650151306218,0.17882193555599152,0.5784672258819766,-72.52619999999999,-1
CONTROLX_1_N001,2026-07-26,4,test,25.216946753706512,0.3569864817713378,0.6430135182286623,0.18613241035032,0.5759068676550463,-72.5483,-1
CONTROLX_1_N001,2026-07-26,5,test,25.216946753706512,0.36037568878567505,0.639624311214325,0.1859207376243584,0.5840947009187889,79.8025,1
CONTROLX_1_N001,2026-07-26,6,test,20.52541244590102,0.36366255964398797,0.636337440356012,0.17174878810771277,0.572636408511905,-68.1506,-1
CONTROLX_1_N001,2026-07-26,7,test,20.15411366102496,0.35622346161593443,0.6437765383840656,0.18340475719100163,0.5919698400637062,-66.30799999999999,-1
CONTROLX_1_N001,2026-07-26,8,test,20.674434159363418,0.35907611782888554,0.6409238821711145,0.17937309712584415,0.585584929004324,-39.5034,-1
CONTROLX_1_N001,2026-07-26,9,test,24.59274943709728,0.3630510851978365,0.6369489148021634,0.18533285350421683,0.585142459517395,-71.5972,-1
CONTROLX_1_N001,2026-07-26,10,test,23.855664624905785,0.3364359313410738,0.6635640686589261,0.22471295131928767,0.6078276256987996,-47.9931,-1
CONTROLX_1_N001,2026-07-26,11,test,9.535587484819638,0.3305773771953641,0.6694226228046358,0.19807672561750314,0.6168811320020792,-39.9588,-1
CONTROLX_1_N001,2026-07-26,12,test,9.888932707697569,0.3305773771953641,0.6694226228046358,0.20004598106208454,0.6234074355584361,-43.2365,-1
CONTROLX_1_N001,2026-07-26,13,test,9.88993899596135,0.3305773771953641,0.6694226228046358,0.20327113595492569,0.6457721156250682,-38.6591,-1
CONTROLX_1_N001,2026-07-26,14,test,9.17478686345683,0.3447358575600317,0.6552641424399683,0.1887674491488057,0.6629983803940238,-35.7254,-1
CONTROLX_1_N001,2026-07-26,15,test,9.17478686345683,0.33189827904633956,0.6681017209536604,0.20535413711774592,0.6865445760435261,-33.8131,-1
CONTROLX_1_N001,2026-07-26,16,test,9.17478686345683,0.3447358575600317,0.6552641424399683,0.18852319413715238,0.6694497349431535,-44.1969,-1
CONTROLX_1_N001,2026-07-26,17,test,10.312623978050416,0.36409464587257656,0.6359053541274234,0.17038038728118107,0.6534784225754342,-44.6012,-1
CONTROLX_1_N001,2026-07-26,18,test,61.5551574663543,0.3536363307052643,0.6463636692947357,0.29234662827370195,0.6452319406635594,-45.447799999999994,-1
CONTROLX_1_N001,2026-07-26,19,test,23.081085441597388,0.3687324321730128,0.6312675678269872,0.193790231980664,0.6258355393663054,2.3181999999999974,1
CONTROLX_1_N001,2026-07-26,20,test,22.208776154623806,0.37318357618034054,0.6268164238196594,0.17547564176541103,0.604457419504511,-1.9861000000000004,-1
CONTROLX_1_N001,2026-07-26,21,test,22.208776154623806,0.36979745429553623,0.6302025457044638,0.1738640845835733,0.5856683792764996,-20.406599999999997,-1
CONTROLX_1_N001,2026-07-26,22,test,-13.018324736157368,0.3807755656163386,0.6192244343836615,0.14284855178180067,0.5789155013808924,-15.387500000000003,-1
CONTROLX_1_N001,2026-07-26,23,test,22.719559760860058,0.36318878132530863,0.6368112186746914,0.18554855848137328,0.6019749978742659,-46.5766,-1
CONTROLX_1_N001,2026-07-26,24,test,23.710856072908413,0.3669423044535227,0.6330576955464773,0.18544049217306854,0.6119363190363064,-54.1413,-1
CONTROLX_1_N001,2026-07-27,1,test,-30.906430813017966,0.38769952203088887,0.6123004779691111,0.21726574974416374,0.6686435034929089,-45.6346,-1
CONTROLX_1_N001,2026-07-27,2,test,-28.918992960997556,0.3805946213947177,0.6194053786052822,0.22468881241201077,0.6938261123150193,-29.389700000000005,-1
CONTROLX_1_N001,2026-07-27,3,test,-32.17269212935224,0.3650874323969061,0.6349125676030939,0.2541029318367916,0.7250469409650554,27.766599999999997,1
CONTROLX_1_N001,2026-07-27,4,test,-30.302817426664667,0.36704501739464723,0.6329549826053528,0.22998212059080977,0.7094880798619332,-35.677099999999996,-1
CONTROLX_1_N001,2026-07-27,5,test,-30.807727629119725,0.38003074427538747,0.6199692557246126,0.20704358943843912,0.6659438824173057,-39.4124,-1
CONTROLX_1_N001,2026-07-27,6,test,-30.431837774334973,0.3807884438712609,0.6192115561287391,0.20795805136887024,0.6717519499075503,-38.3926,-1
CONTROLX_1_N001,2026-07-27,7,test,-30.807727629119725,0.3679005616870618,0.6320994383129381,0.22373338323817515,0.686632854059043,-21.6027,-1
CONTROLX_1_N001,2026-07-27,8,test,-29.77589403088854,0.3727806838307929,0.6272193161692071,0.22705919716061956,0.6592680751245101,-28.641,-1
CONTROLX_1_N001,2026-07-27,9,test,-28.498988544408583,0.37166721784200707,0.6283327821579929,0.2334600297133998,0.6611522611959572,-2.291,-1
CONTROLX_1_N001,2026-07-27,10,test,-29.156628026418336,0.3442753207478544,0.6557246792521456,0.27671176851241014,0.6958418667534833,-22.4819,-1
CONTROLX_1_N001,2026-07-27,11,test,-27.25553382042943,0.33956060738298566,0.6604393926170143,0.2705004607587752,0.6852535670275406,-31.541600000000003,-1
CONTROLX_1_N001,2026-07-27,12,test,-25.916879835449983,0.3444955745546017,0.6555044254453983,0.2613764940268634,0.6779968656456358,-27.8523,-1
CONTROLX_1_N001,2026-07-27,13,test,-25.508733736452303,0.3444955745546017,0.6555044254453983,0.2528236746070252,0.6613599633042263,-23.191000000000003,-1
CONTROLX_1_N001,2026-07-27,14,test,-25.916879835449983,0.3626688627725605,0.6373311372274395,0.20966983168397407,0.6088129971341918,-24.3662,-1
CONTROLX_1_N001,2026-07-27,15,test,-20.04384072637297,0.34969734282564124,0.6503026571743588,0.23560357105759028,0.6728154990579182,-22.961199999999998,-1
CONTROLX_1_N001,2026-07-27,16,test,-25.181734338826985,0.3608817066911139,0.6391182933088861,0.20519540938034425,0.5978837866819761,-8.961400000000001,-1
CONTROLX_1_N001,2026-07-27,17,test,-23.99998670072466,0.38654429957457503,0.613455700425425,0.17589483604873124,0.5945004739846292,-22.8632,-1
CONTROLX_1_N001,2026-07-27,18,test,-24.84103040175553,0.36923468599485604,0.6307653140051439,0.22233400813441623,0.673081484812992,-8.496299999999998,-1
CONTROLX_1_N001,2026-07-27,19,test,-28.45336808301464,0.3653527963057965,0.6346472036942035,0.21672375085136594,0.6217858235572323,-59.3242,-1
CONTROLX_1_N001,2026-07-27,20,test,-28.829257937799394,0.3722575570914185,0.6277424429085815,0.22113678025507327,0.6484671217036048,-68.7362,-1
CONTROLX_1_N001,2026-07-27,21,test,-30.02615723692934,0.37635354497072915,0.6236464550292709,0.2118770585068328,0.6363961177467016,-22.864800000000002,-1
CONTROLX_1_N001,2026-07-27,22,test,-22.08987545503205,0.3898168466288572,0.6101831533711428,0.2209067422222819,0.775717136024665,-16.142700000000005,-1
CONTROLX_1_N001,2026-07-27,23,test,-30.605562789707815,0.3768586164901625,0.6231413835098375,0.2289460787702633,0.6771509040611255,-33.9177,-1
CONTROLX_1_N001,2026-07-27,24,test,-30.683391136131714,0.3768586164901625,0.6231413835098375,0.22674004905071488,0.6653683326057718,-22.5311,-1
CONTROLX_1_N001,2026-07-28,1,test,-16.204585534469853,0.3850067175627385,0.6149932824372615,0.1790589544818464,0.6524766028242505,-45.8989,-1
CONTROLX_1_N001,2026-07-28,2,test,-16.204585534469853,0.3797871770887375,0.6202128229112625,0.18229143607335938,0.6542049889263254,17.9125,1
CONTROLX_1_N001,2026-07-28,3,test,-15.81251725982584,0.36670988580738045,0.6332901141926195,0.19763600442771134,0.6766926286411549,-18.612000000000002,-1
CONTROLX_1_N001,2026-07-28,4,test,-29.689742599599764,0.3729891282588764,0.6270108717411236,0.24626185831417083,0.7161438009011224,-12.548499999999997,-1
CONTROLX_1_N001,2026-07-28,5,test,-16.88743245996091,0.3839011528896186,0.6160988471103814,0.18196577336795552,0.6695767729512971,-10.027299999999997,-1
CONTROLX_1_N001,2026-07-28,6,test,-15.949724230375317,0.37957011491305653,0.6204298850869434,0.18222859379072073,0.6392815718180872,29.3531,1
CONTROLX_1_N001,2026-07-28,7,test,-29.291637484760134,0.3711707687448284,0.6288292312551715,0.24348437017052166,0.7054891768843117,15.110199999999999,1
CONTROLX_1_N001,2026-07-28,8,test,-18.226086444940353,0.3753265054075695,0.6246734945924305,0.22785569018106563,0.7840578239040482,36.0536,1
CONTROLX_1_N001,2026-07-28,9,test,-15.420709170096222,0.371498202374248,0.628501797625752,0.20892061735748713,0.7117176227417079,47.683800000000005,1
CONTROLX_1_N001,2026-07-28,10,test,-15.023571434604326,0.35133282903009033,0.6486671709699097,0.2507239948370735,0.8124290123757376,31.3365,1
CONTROLX_1_N001,2026-07-28,11,test,-12.594941177379523,0.346572548552186,0.653427451447814,0.23636805822895535,0.7692912209181663,41.235299999999995,1
CONTROLX_1_N001,2026-07-28,12,test,-12.594941177379523,0.346572548552186,0.653427451447814,0.23634547897522018,0.7695423653161122,26.618000000000002,1
CONTROLX_1_N001,2026-07-28,13,test,-12.594941177379523,0.346572548552186,0.653427451447814,0.23621155475540082,0.7763674358359677,52.8112,1
CONTROLX_1_N001,2026-07-28,14,test,-12.669677170849933,0.364794428824966,0.635205571175034,0.18806586423169336,0.6405688831563041,37.9856,1
CONTROLX_1_N001,2026-07-28,15,test,-13.55760971688175,0.3560823569867279,0.643917643013272,0.1984306681777011,0.6337579203738263,-16.033700000000003,-1
CONTROLX_1_N001,2026-07-28,16,test,-13.352832326917335,0.367355573528509,0.632644426471491,0.18159267996229733,0.6189207113250487,5.0440000000000005,1
CONTROLX_1_N001,2026-07-28,17,test,-11.52264793566102,0.38928060846591406,0.6107193915340859,0.14726566576567618,0.5936696614814468,160.83890000000002,1
CONTROLX_1_N001,2026-07-28,18,test,-13.391714136186291,0.3770595265897895,0.6229404734102105,0.16629481697938522,0.6052291787942522,81.9828,1
CONTROLX_1_N001,2026-07-28,19,test,-14.57412315886498,0.4277740573616064,0.5722259426383935,0.12487930456937975,0.6135640732827597,-14.2753,-1
CONTROLX_1_N001,2026-07-28,20,test,-14.888244523489131,0.41375067273702304,0.586249327262977,0.14815034337520905,0.6533950613621597,66.4245,1
CONTROLX_1_N001,2026-07-28,21,test,-16.326764084513904,0.388491297782038,0.6115087022179619,0.172120836135717,0.6414621990523393,49.5174,1
CONTROLX_1_N001,2026-07-28,22,test,-6.556170838599532,0.39676684529682255,0.6032331547031775,0.15398226422220224,0.7336318452132898,-9.7288,-1
CONTROLX_1_N001,2026-07-28,23,test,-15.90252577305735,0.3838182912648321,0.616181708735168,0.20205671653639434,0.7357127589287941,83.7084,1
CONTROLX_1_N001,2026-07-28,24,test,-15.573071570760534,0.37887078737267954,0.6211292126273205,0.20433168731947227,0.7177642422290592,23.6582,1
CONTROLX_1_N001,2026-07-29,1,test,-8.671975820932037,0.37706578807339375,0.6229342119266063,0.14190415039027898,0.5641358772857515,172.2071,1
CONTROLX_1_N001,2026-07-29,2,test,-10.62628668959573,0.36734889054700925,0.6326511094529907,0.15663880422597662,0.5684066846679146,803.113,1
CONTROLX_1_N001,2026-07-29,3,test,-9.807953202954735,0.36535641775122035,0.6346435822487797,0.15685694051634788,0.5715345916517254,788.7043,1
CONTROLX_1_N001,2026-07-29,4,test,-9.781642687701677,0.36330065419880847,0.6366993458011916,0.15815917417919528,0.5708308784466981,905.5817999999999,1
CONTROLX_1_N001,2026-07-29,5,test,-8.89371014166986,0.3670526998013081,0.6329473001986918,0.15051670625840455,0.5628678053327185,896.3407,1
CONTROLX_1_N001,2026-07-29,6,test,-9.781642687701677,0.3689678730431748,0.6310321269568252,0.1529848503807649,0.5677977262116668,611.4968,1
CONTROLX_1_N001,2026-07-29,7,test,-7.333321835952586,0.3750229121588607,0.6249770878411394,0.1413874039361585,0.5660610388427784,935.7643,1
CONTROLX_1_N001,2026-07-29,8,test,-13.274658031628544,0.37537495320046377,0.6246250467995362,0.15699788185590435,0.5620772593061789,961.989,1
CONTROLX_1_N001,2026-07-29,9,test,-7.961060656579405,0.3758697145897826,0.6241302854102174,0.1433493459371345,0.5722913666708901,808.6194,1
CONTROLX_1_N001,2026-07-29,10,test,-10.681574906666905,0.34219725738317736,0.6578027426168227,0.1830433509782256,0.5585468184030671,62.103,1
CONTROLX_1_N001,2026-07-29,11,test,-12.020228891646354,0.33312302949281575,0.6668769705071842,0.19646843102931497,0.5618756762369356,308.84159999999997,1
CONTROLX_1_N001,2026-07-29,12,test,-12.020228891646354,0.3389367349241768,0.6610632650758232,0.18957869455909865,0.5589022123302084,62.55,1
CONTROLX_1_N001,2026-07-29,13,test,-10.909810956512697,0.3363560812059926,0.6636439187940074,0.19061329874904756,0.56267058970609,62.904300000000006,1
CONTROLX_1_N001,2026-07-29,14,test,-11.62293015091445,0.33977599443522655,0.6602240055647735,0.1878375737805377,0.561937046753463,39.7776,1
CONTROLX_1_N001,2026-07-29,15,test,-9.250475702016839,0.34179194475112773,0.6582080552488723,0.1789012989290993,0.555875499871039,19.804,1
CONTROLX_1_N001,2026-07-29,16,test,-11.497820977882313,0.350706957923276,0.649293042076724,0.17469535440691944,0.5593488619195595,19.5619,1
CONTROLX_1_N001,2026-07-29,17,test,-12.302138324582936,0.36898450208421635,0.6310154979157836,0.15898293005311176,0.5702504305053093,305.1291,1
CONTROLX_1_N001,2026-07-29,18,test,-15.170128192738822,0.36316087582922046,0.6368391241707796,0.16699123671709507,0.5610959420072923,304.1657,1
CONTROLX_1_N001,2026-07-29,19,test,-5.729658067439448,0.3838362025033307,0.6161637974966693,0.12720079377179955,0.5452571381220558,26.682299999999998,1
CONTROLX_1_N001,2026-07-29,20,test,-6.370074206473557,0.40908951034333685,0.5909104896566632,0.10351754321211062,0.5476174317190857,171.1223,1
CONTROLX_1_N001,2026-07-29,21,test,-6.668135658256972,0.38452446142600516,0.6154755385739948,0.13063565448370978,0.5590048123936047,407.4298,1
CONTROLX_1_N001,2026-07-29,22,test,-1.0718754058092586,0.4130413099820615,0.5869586900179384,0.09026900890317185,0.5787923085566745,45.9972,1
CONTROLX_1_N001,2026-07-29,23,test,-13.222734823976273,0.372609571875316,0.627390428124684,0.1566498525833993,0.5628068143763034,494.22200000000004,1
CONTROLX_1_N001,2026-07-29,24,test,-12.229188636758257,0.36512620184797673,0.6348737981520233,0.1627650692494972,0.5683163825059029,362.6815,1
CONTROLX_1_N001,2026-07-30,1,test,22.180556482981043,0.38619530804657476,0.6138046919534252,0.14803583445848614,0.5490880820213039,-161.5589,-1
CONTROLX_1_N001,2026-07-30,2,test,22.437584216840598,0.37973872876864817,0.6202612712313518,0.1572374486891074,0.561042315500937,-115.6625,-1
CONTROLX_1_N001,2026-07-30,3,test,21.24839427040755,0.36871280417675517,0.6312871958232449,0.16631837180492345,0.5667617609106964,-106.0255,-1
CONTROLX_1_N001,2026-07-30,4,test,21.067898755720318,0.38236906005415894,0.6176309399458411,0.15082247419066183,0.5627550152786669,-124.43830000000001,-1
CONTROLX_1_N001,2026-07-30,5,test,21.067898755720318,0.38718734178947356,0.6128126582105264,0.14449535886043918,0.5576788147564461,-107.624,-1
CONTROLX_1_N001,2026-07-30,6,test,19.080460903699908,0.3869354617179033,0.6130645382820967,0.14502554845187043,0.5619897580539824,-105.5026,-1
CONTROLX_1_N001,2026-07-30,7,test,21.111187299858077,0.37866826934081765,0.6213317306591823,0.1577734389239191,0.5655842492445828,-142.0012,-1
CONTROLX_1_N001,2026-07-30,8,test,21.955831301752134,0.38508546310545877,0.6149145368945412,0.15266230092397948,0.5598290170981931,136.1061,1
CONTROLX_1_N001,2026-07-30,9,test,22.437584216840598,0.3813550829823576,0.6186449170176425,0.15669983139503224,0.5542983492577003,-114.60480000000001,-1
CONTROLX_1_N001,2026-07-30,10,test,21.074823254715458,0.3534496807525952,0.6465503192474048,0.18828740005461456,0.564568265778526,-141.7017,-1
CONTROLX_1_N001,2026-07-30,11,test,1.6011213319647077,0.342814396154713,0.657185603845287,0.16167286076380677,0.5859225030482803,-36.653999999999996,-1
CONTROLX_1_N001,2026-07-30,12,test,1.6011213319647077,0.3497625400759739,0.6502374599240262,0.15479045963178958,0.5843011965078377,-137.2072,-1
CONTROLX_1_N001,2026-07-30,13,test,-2.0301465784004713,0.3497625400759739,0.6502374599240262,0.15611433517813425,0.5876296984401526,-125.5243,-1
CONTROLX_1_N001,2026-07-30,14,test,-2.0301465784004713,0.3623418885964879,0.637658111403512,0.1445890574118686,0.6078644708458416,-111.2294,-1
CONTROLX_1_N001,2026-07-30,15,test,-1.8771955902053343,0.3573351236454083,0.6426648763545917,0.14890521254115452,0.6025507850292985,-112.7379,-1
CONTROLX_1_N001,2026-07-30,16,test,-0.3133581952026331,0.370591756568609,0.629408243431391,0.1303938434517467,0.5901282140771812,-40.5292,-1
CONTROLX_1_N001,2026-07-30,17,test,-0.8402820198832356,0.38924466917774164,0.6107553308222584,0.1137334959135329,0.6146320063809051,-85.71860000000001,-1
CONTROLX_1_N001,2026-07-30,18,test,-0.6873310316880977,0.38009935473345136,0.6199006452665486,0.12197246143857407,0.5955912387716515,-75.6302,-1
CONTROLX_1_N001,2026-07-30,19,test,11.12338878624634,0.3831688961894847,0.6168311038105153,0.14286737543665623,0.5759387481478956,-151.8493,-1
CONTROLX_1_N001,2026-07-30,20,test,10.251079499272759,0.37718599305600914,0.6228140069439909,0.14010637914256202,0.5512833050248448,-75.61810000000001,-1
CONTROLX_1_N001,2026-07-30,21,test,15.972563725259418,0.3605415200664635,0.6394584799335365,0.16656058455492997,0.5446648672538758,-147.1834,-1
CONTROLX_1_N001,2026-07-30,22,test,5.711623835365732,0.3824486745352936,0.6175513254647065,0.1286520358569618,0.5508500382655109,-113.209,-1
CONTROLX_1_N001,2026-07-30,23,test,18.3725789120486,0.39261339807552126,0.6073866019244787,0.13793703781701624,0.5535675197595742,-184.2312,-1
CONTROLX_1_N001,2026-07-30,24,test,20.084980392784242,0.3813793227656418,0.6186206772343582,0.1545906159726921,0.5558554846672137,-121.1931,-1
CONTROLX_1_N001,2026-07-31,1,test,-8.721997569409988,0.4092081970646469,0.5907918029353532,0.11357886923555928,0.6542042585314816,-16.349300000000003,-1
CONTROLX_1_N001,2026-07-31,2,test,1.436443568566313,0.37649468682275905,0.623505313177241,0.12705652121536737,0.6972472989713173,-6.4620999999999995,-1
CONTROLX_1_N001,2026-07-31,3,test,2.058916920354209,0.38237782178821533,0.6176221782117847,0.12272578729251635,0.7450330459809374,-27.524299999999997,-1
CONTROLX_1_N001,2026-07-31,4,test,2.058916920354209,0.39518604025684295,0.604813959743157,0.10985950184149833,0.7060136036968984,-31.235299999999995,-1
CONTROLX_1_N001,2026-07-31,5,test,2.058916920354209,0.39735778261082144,0.6026422173891786,0.10750693502839341,0.6862023586012748,-77.86590000000001,-1
CONTROLX_1_N001,2026-07-31,6,test,-22.1149059145117,0.3907806514962389,0.6092193485037611,0.1529617128331773,0.6578387208142433,-2.6051,-1
CONTROLX_1_N001,2026-07-31,7,test,1.436443568566313,0.38442692027066294,0.6155730797293371,0.11905949559319381,0.6903132801315904,112.559,1
CONTROLX_1_N001,2026-07-31,8,test,-20.867462986494893,0.39096574069030066,0.6090342593096993,0.15434956848682052,0.682823314542084,196.81330000000003,1
CONTROLX_1_N001,2026-07-31,9,test,-20.982840989765688,0.3842562200017948,0.6157437799982052,0.16127464635552224,0.6607023566287306,211.5944,1
CONTROLX_1_N001,2026-07-31,10,test,-23.207690214525602,0.3633698750118964,0.6366301249881037,0.19951437645809328,0.6781973423951352,30.2021,1
CONTROLX_1_N001,2026-07-31,11,test,-27.64906435672066,0.3534526303078018,0.6465473696921982,0.22729169366725907,0.7278696838151182,-35.2733,-1
CONTROLX_1_N001,2026-07-31,12,test,-27.64906435672066,0.3568208099360122,0.6431791900639878,0.2290403333976591,0.7147506605501726,10.348399999999998,1
CONTROLX_1_N001,2026-07-31,13,test,-27.64906435672066,0.3568208099360122,0.6431791900639878,0.24684985315339192,0.8137991984961831,40.6633,1
CONTROLX_1_N001,2026-07-31,14,test,-27.64906435672066,0.3709577300533637,0.6290422699466363,0.2238968436852249,0.8111808849289914,-34.185100000000006,-1
CONTROLX_1_N001,2026-07-31,15,test,-25.892392141118417,0.37949540532266557,0.6205045946773344,0.21816261700368722,0.8626991513462874,-31.7059,-1
CONTROLX_1_N001,2026-07-31,16,test,-28.312012745620514,0.37327540344582094,0.626724596554179,0.22261810163727333,0.7525073511574475,-44.5578,-1
CONTROLX_1_N001,2026-07-31,17,test,-26.282852234103736,0.3992046060909014,0.6007953939090986,0.18557939525104464,0.7872857550402586,16.207000000000004,1
CONTROLX_1_N001,2026-07-31,18,test,-30.139612445100482,0.4065015670636122,0.5934984329363878,0.19096786475978006,0.8320363951134403,-14.3112,-1
CONTROLX_1_N001,2026-07-31,19,test,-31.756288846315215,0.4138215261427299,0.5861784738572702,0.16461247083078182,0.6629319937712576,-68.0753,-1
CONTROLX_1_N001,2026-07-31,20,test,-31.383308633025376,0.4150239001882177,0.5849760998117823,0.15276588393133822,0.6467839958155558,122.22699999999999,1
CONTROLX_1_N001,2026-07-31,21,test,-29.878838144786705,0.411287219523936,0.588712780476064,0.14576780614206447,0.6442511404913898,-9.6992,-1
CONTROLX_1_N001,2026-07-31,22,test,-17.759955866293904,0.3906682701272992,0.6093317298727008,0.1468995033229664,0.6339332276196357,-56.53,-1
CONTROLX_1_N001,2026-07-31,23,test,-22.821456414219835,0.411287219523936,0.588712780476064,0.13560574177294232,0.6624965200017613,-69.092,-1
CONTROLX_1_N001,2026-07-31,24,test,-24.308336335165606,0.3906938911578028,0.6093061088421972,0.16055427060383096,0.6640093176280689,33.6207,1
CONTROLX_1_N001,2026-08-01,1,test,19.00591515953284,0.3155224499286187,0.6844775500713813,0.21855046367827008,0.5947911100066234,18.134900000000002,1
CONTROLX_1_N001,2026-08-01,2,test,18.736431546058544,0.3179888231066378,0.6820111768933622,0.21971474738240587,0.6474338643510039,-0.12299999999999756,-1
CONTROLX_1_N001,2026-08-01,3,test,30.587667844514662,0.3047564426175448,0.6952435573824551,0.2577401357476466,0.6797994533676887,193.2969,1
CONTROLX_1_N001,2026-08-01,4,test,30.587667844514662,0.3316256884071017,0.6683743115928983,0.23280430842162345,0.6570490351044044,0.17680000000000007,1
CONTROLX_1_N001,2026-08-01,5,test,32.08477884466313,0.32590469055760946,0.6740953094423905,0.2386003126234757,0.6470963322066655,5.490299999999998,1
CONTROLX_1_N001,2026-08-01,6,test,17.891787544164487,0.3133441661755662,0.6866558338244337,0.21903437614282933,0.6085578224089739,10.129100000000001,1
CONTROLX_1_N001,2026-08-01,7,test,17.162295955103627,0.31796032770205135,0.6820396722979487,0.21582619940929487,0.6375569505660995,23.8468,1
CONTROLX_1_N001,2026-08-01,8,test,31.78840876365504,0.33424535011456397,0.6657546498854361,0.230545245094446,0.6435937595684424,-43.818,-1
CONTROLX_1_N001,2026-08-01,9,test,32.908648338246046,0.3366801069811712,0.6633198930188289,0.22764942239392683,0.6375333994699538,-14.840199999999996,-1
CONTROLX_1_N001,2026-08-01,10,test,33.03676437337818,0.3416833371588532,0.6583166628411468,0.24866777648016086,0.6822884061056674,-9.276599999999998,-1
CONTROLX_1_N001,2026-08-01,11,test,19.446903881727422,0.3307211875498789,0.6692788124501211,0.23323231549056272,0.690083546696999,19.415999999999997,1
CONTROLX_1_N001,2026-08-01,12,test,19.07003245616997,0.33026703167284027,0.6697329683271598,0.23486836635838987,0.7034051488627749,-36.8437,-1
CONTROLX_1_N001,2026-08-01,13,test,18.17142696911664,0.3312207259642289,0.6687792740357711,0.23824550572660388,0.7584746810060167,-30.025199999999998,-1
CONTROLX_1_N001,2026-08-01,14,test,18.17142696911664,0.3370913095808651,0.6629086904191349,0.23106035751084592,0.6848384427372148,-27.2325,-1
CONTROLX_1_N001,2026-08-01,15,test,18.17142696911664,0.3370913095808651,0.6629086904191349,0.2342308721118725,0.7220856900166036,-29.005499999999998,-1
CONTROLX_1_N001,2026-08-01,16,test,-5.9097826118396934,0.3503426729475967,0.6496573270524033,0.17772743815361886,0.7204557014036936,-49.175,-1
CONTROLX_1_N001,2026-08-01,17,test,17.41135558403236,0.36846364662678743,0.6315363533732126,0.1966092901567193,0.7646531076869706,-27.6821,-1
CONTROLX_1_N001,2026-08-01,18,test,16.60417072907021,0.37908878343251723,0.6209112165674828,0.18899415784618195,0.8016057490906436,-44.788399999999996,-1
CONTROLX_1_N001,2026-08-01,19,test,17.548957718738293,0.3797466553369221,0.6202533446630779,0.16900352631633048,0.6783042708518299,-45.3517,-1
CONTROLX_1_N001,2026-08-01,20,test,17.548957718738293,0.3686933992135745,0.6313066007864254,0.16923596149846043,0.639995118514814,-72.7609,-1
CONTROLX_1_N001,2026-08-01,21,test,17.548957718738293,0.33444265581547683,0.6655573441845232,0.2018366059522979,0.647198913331977,-57.8449,-1
CONTROLX_1_N001,2026-08-01,22,test,-5.663966383036122,0.3421653386224457,0.6578346613775543,0.16883598256210672,0.5847307782598139,-34.0292,-1
CONTROLX_1_N001,2026-08-01,23,test,16.725088225155375,0.3346728733858609,0.6653271266141392,0.1997329646258227,0.646895418190665,-58.8785,-1
CONTROLX_1_N001,2026-08-01,24,test,17.431779568577923,0.3207191489411994,0.6792808510588006,0.2170988519446946,0.6294841638248018,-68.9428,-1
CONTROLX_1_N001,2026-08-02,1,test,68.65472917170945,0.37792271796748045,0.6220772820325196,0.2581588554321286,0.6149028756343714,-67.0766,-1
CONTROLX_1_N001,2026-08-02,2,test,70.06191914027328,0.3653111407506762,0.6346888592493238,0.2649312749179725,0.6195284761392552,0.16659999999999542,1
CONTROLX_1_N001,2026-08-02,3,test,68.8272400815265,0.3582745424333092,0.6417254575666909,0.26696834866463537,0.6253822171846352,-0.5673999999999992,-1
CONTROLX_1_N001,2026-08-02,4,test,69.35448210892869,0.3582745424333092,0.6417254575666909,0.27288096394319294,0.6239348249519913,-18.116000000000003,-1
CONTROLX_1_N001,2026-08-02,5,test,68.56859349950956,0.3633111629466809,0.636688837053319,0.2575017558921825,0.621264852969146,-0.37170000000000414,-1
CONTROLX_1_N001,2026-08-02,6,test,68.50291657797091,0.3676655358226142,0.6323344641773858,0.24979701261604279,0.6036686124545171,-25.3993,-1
CONTROLX_1_N001,2026-08-02,7,test,67.98259607963244,0.36404729022426024,0.6359527097757398,0.2593447896305145,0.6147962602607757,-19.119799999999998,-1
CONTROLX_1_N001,2026-08-02,8,test,68.35535978217156,0.36196032035321224,0.6380396796467878,0.2622450112617244,0.6308239207618912,-52.5207,-1
CONTROLX_1_N001,2026-08-02,9,test,72.109232238584,0.3597548910339173,0.6402451089660828,0.2917201160717509,0.6547322745088813,-14.8431,-1
CONTROLX_1_N001,2026-08-02,10,test,73.45715630781932,0.33846357514120007,0.6615364248587999,0.3344885906298053,0.665057793946949,-4.2453999999999965,-1
CONTROLX_1_N001,2026-08-02,11,test,59.33861179687256,0.3243496033828932,0.6756503966171068,0.34408368224481944,0.7002738594878485,-42.5837,-1
CONTROLX_1_N001,2026-08-02,12,test,59.4904243906111,0.3323772991831646,0.6676227008168354,0.3499418951239272,0.7403422316808937,-44.235099999999996,-1
CONTROLX_1_N001,2026-08-02,13,test,58.85685888178409,0.3368456765650497,0.6631543234349503,0.34303183010111316,0.7511130303913676,-31.386699999999998,-1
CONTROLX_1_N001,2026-08-02,14,test,60.14005669223262,0.3373849216485037,0.6626150783514964,0.3749760609350857,0.7898698194583328,-19.2271,-1
CONTROLX_1_N001,2026-08-02,15,test,59.00867147552263,0.3305138964224353,0.6694861035775648,0.3589472202844972,0.7663386686178678,-23.4209,-1
CONTROLX_1_N001,2026-08-02,16,test,33.9508246412849,0.35179133830967524,0.6482086616903248,0.29851547888176444,0.8037113052865151,-31.014899999999997,-1
CONTROLX_1_N001,2026-08-02,17,test,56.76864477929733,0.35971229736127186,0.6402877026387281,0.32551929243868394,0.7581609231509028,-41.8362,-1
CONTROLX_1_N001,2026-08-02,18,test,56.76864477929733,0.3450926519640182,0.6549073480359817,0.34992709126259297,0.8075949064957796,-39.3318,-1
CONTROLX_1_N001,2026-08-02,19,test,70.1082222098887,0.3485109166674784,0.6514890833325215,0.3368526140361774,0.7278347209932922,-49.386500000000005,-1
CONTROLX_1_N001,2026-08-02,20,test,70.73537669650555,0.36143618713965453,0.6385638128603455,0.2901841552058262,0.6406118717383315,-66.67670000000001,-1
CONTROLX_1_N001,2026-08-02,21,test,68.48778354931837,0.36481746395751885,0.6351825360424812,0.2602337115238952,0.6052759784698956,-55.8954,-1
CONTROLX_1_N001,2026-08-02,22,test,31.412803478349144,0.37661193527697634,0.6233880647230237,0.18299839019796457,0.5880810560936919,-54.933800000000005,-1
CONTROLX_1_N001,2026-08-02,23,test,67.70881646896297,0.3604775927209142,0.6395224072790858,0.26688157618225283,0.6131157081458678,-65.02369999999999,-1
CONTROLX_1_N001,2026-08-02,24,test,68.48778354931837,0.36481746395751885,0.6351825360424812,0.2723640937216214,0.6269961970470326,-72.5327,-1
CONTROLX_1_N001,2026-08-03,1,test,84.65794683917781,0.3733801773168919,0.6266198226831081,0.2592888240991622,0.5775428562557985,153.6309,1
CONTROLX_1_N001,2026-08-03,2,test,82.41787082441516,0.37062480123631714,0.6293751987636829,0.25652018031219803,0.5877213939190227,-18.1141,-1
CONTROLX_1_N001,2026-08-03,3,test,82.41787082441516,0.3694467620426593,0.6305532379573406,0.2603176832928562,0.5891702827706071,-0.8400000000000034,-1
CONTROLX_1_N001,2026-08-03,4,test,82.89962373950362,0.36678026074024755,0.6332197392597525,0.2581653352540533,0.5810950956399284,-0.13639999999999475,-1
CONTROLX_1_N001,2026-08-03,5,test,81.71705481138946,0.3636072195756752,0.6363927804243248,0.2523801458076719,0.5752146451737967,-12.4159,-1
CONTROLX_1_N001,2026-08-03,6,test,83.12530785575974,0.37158914863075454,0.6284108513692455,0.249442026730531,0.5821642649437648,-20.1344,-1
CONTROLX_1_N001,2026-08-03,7,test,81.76034335552723,0.36795475898123897,0.632045241018761,0.2557153210685522,0.5846103256465418,-19.9979,-1
CONTROLX_1_N001,2026-08-03,8,test,81.77484916576559,0.363598930364683,0.6364010696353171,0.26467133333707993,0.6012019337593855,-59.0733,-1
CONTROLX_1_N001,2026-08-03,9,test,84.19324781671686,0.3608180452180337,0.6391819547819664,0.2697390890126331,0.5934938563486646,-17.587899999999998,-1
CONTROLX_1_N001,2026-08-03,10,test,79.1280739096048,0.338094199941305,0.661905800058695,0.3075398921507654,0.6028980401194979,22.608800000000002,1
CONTROLX_1_N001,2026-08-03,11,test,64.27340944636478,0.3357638399230975,0.6642361600769024,0.2992051760509067,0.6329382668632457,-25.3416,-1
CONTROLX_1_N001,2026-08-03,12,test,65.16134199239659,0.3364898401750698,0.6635101598249302,0.32907363415668534,0.6653105552403041,-42.9464,-1
CONTROLX_1_N001,2026-08-03,13,test,5.187674614079322,0.34070542006523974,0.6592945799347603,0.1800963740313485,0.6655729368648842,-26.137900000000002,-1
CONTROLX_1_N001,2026-08-03,14,test,6.02335279460115,0.34003191012702116,0.6599680898729788,0.18532378174057737,0.6621201874432742,-29.9921,-1
CONTROLX_1_N001,2026-08-03,15,test,6.059983901052908,0.3380471454012376,0.6619528545987624,0.18450071270662632,0.6555621068881561,-29.6913,-1
CONTROLX_1_N001,2026-08-03,16,test,-20.275243721558248,0.3374776247614039,0.662522375238596,0.24750281061454119,0.7062712703297691,-17.831,-1
CONTROLX_1_N001,2026-08-03,17,test,50.14552841256213,0.35315108042449217,0.6468489195755078,0.2798016031811289,0.6360429310672807,-28.067,-1
CONTROLX_1_N001,2026-08-03,18,test,64.67958907730812,0.3425313370242256,0.6574686629757744,0.31879866451176797,0.6667545960954386,-34.920500000000004,-1
CONTROLX_1_N001,2026-08-03,19,test,15.386715985629426,0.3522979535848323,0.6477020464151677,0.18644557812678883,0.6177340189556401,-50.2029,-1
CONTROLX_1_N001,2026-08-03,20,test,15.897777106103785,0.3613750724787044,0.6386249275212956,0.16832901382001428,0.5812227578723329,-59.3647,-1
CONTROLX_1_N001,2026-08-03,21,test,14.228795598913125,0.36765097307443784,0.6323490269255622,0.1592089021067808,0.5914776118607734,-22.632099999999998,-1
CONTROLX_1_N001,2026-08-03,22,test,-20.732987089808898,0.37221672694106794,0.6277832730589321,0.1736606102464116,0.5947739072905524,-37.11,-1
CONTROLX_1_N001,2026-08-03,23,test,73.42795283843266,0.35545381049667735,0.6445461895033227,0.25680966777802194,0.5828096427096391,-90.4136,-1
CONTROLX_1_N001,2026-08-03,24,test,80.77220518444943,0.363358949348513,0.636641050651487,0.2511542031424092,0.5795459632446419,-88.00829999999999,-1
CONTROLX_1_N001,2026-08-04,1,test,71.17738021709009,0.37101721347228106,0.6289827865277189,0.2317449571798041,0.5782744078450407,-67.1382,-1
CONTROLX_1_N001,2026-08-04,2,test,69.25283622197416,0.36227605022291315,0.6377239497770868,0.24253704602493803,0.582815357200005,280.7557,1
CONTROLX_1_N001,2026-08-04,3,test,69.9103636908621,0.35744514681623957,0.6425548531837604,0.2516909734035471,0.5871636765779477,-13.212699999999998,-1
CONTROLX_1_N001,2026-08-04,4,test,69.9103636908621,0.36227605022291315,0.6377239497770868,0.24334630827890297,0.5819541979906043,-11.712399999999995,-1
CONTROLX_1_N001,2026-08-04,5,test,69.9103636908621,0.36588681993709304,0.634113180062907,0.24140548493769004,0.5796453039388603,-31.939899999999998,-1
CONTROLX_1_N001,2026-08-04,6,test,70.61780072220668,0.36588681993709304,0.634113180062907,0.24289401713590236,0.5817839567770522,-99.462,-1
CONTROLX_1_N001,2026-08-04,7,test,69.9103636908621,0.35744514681623957,0.6425548531837604,0.25406342593686804,0.5850071227452653,606.2961,1
CONTROLX_1_N001,2026-08-04,8,test,69.26734203221253,0.3550908123768388,0.6449091876231612,0.2617049710804103,0.6038692378114197,487.48119999999994,1
CONTROLX_1_N001,2026-08-04,9,test,71.78178131417175,0.3570631694757597,0.6429368305242402,0.26187177917400395,0.6045034360807546,538.2915,1
CONTROLX_1_N001,2026-08-04,10,test,74.07359524841345,0.3400497033575626,0.6599502966424373,0.2991019518338355,0.60326938940662,341.236,1
CONTROLX_1_N001,2026-08-04,11,test,0.5352916076859255,0.32825832081753625,0.6717416791824637,0.17312595287704766,0.6055443615983427,0.8763999999999896,1
CONTROLX_1_N001,2026-08-04,12,test,0.6871042014244697,0.3311482964505785,0.6688517035494215,0.1708491329058154,0.6234984144001742,8.6237,1
CONTROLX_1_N001,2026-08-04,13,test,0.3589902394558695,0.33437116554611085,0.6656288344538892,0.16674223583814562,0.6237660670631898,-0.5621000000000009,-1
CONTROLX_1_N001,2026-08-04,14,test,2.670140507999938,0.34219554926897267,0.6578044507310273,0.1664112474228967,0.6131877095942002,-1.9166999999999916,-1
CONTROLX_1_N001,2026-08-04,15,test,1.5594134883980524,0.3509804670424574,0.6490195329575426,0.15443966631330636,0.6412246244054404,-74.79099999999998,-1
CONTROLX_1_N001,2026-08-04,16,test,36.16841700612652,0.3536606798264188,0.6463393201735812,0.25406476779401393,0.6357593791137344,-85.5898,-1
CONTROLX_1_N001,2026-08-04,17,test,6.013130844624593,0.3570520713574706,0.6429479286425295,0.1611154730702896,0.6395794227822842,-39.4784,-1
CONTROLX_1_N001,2026-08-04,18,test,-1.9801992275165325,0.354251748962326,0.645748251037674,0.1514956911281586,0.6613741176227687,-120.9237,-1
CONTROLX_1_N001,2026-08-04,19,test,16.743718729897985,0.37116498371439877,0.6288350162856012,0.17328406081099051,0.6532416740708068,-120.4728,-1
CONTROLX_1_N001,2026-08-04,20,test,14.183928968647075,0.3637158680339913,0.6362841319660086,0.16674850999655416,0.6037562232124801,264.9651,1
CONTROLX_1_N001,2026-08-04,21,test,13.913034815693985,0.3827410379061687,0.6172589620938314,0.14153129849730228,0.5838384155521478,13.859099999999998,1
CONTROLX_1_N001,2026-08-04,22,test,-18.998390631316,0.3905990350684877,0.6094009649315123,0.15250507764564772,0.591994547018264,-5.706400000000002,-1
CONTROLX_1_N001,2026-08-04,23,test,7.066555954019934,0.35914688405143763,0.6408531159485624,0.1543894041982356,0.5853709336638508,-112.21669999999999,-1
CONTROLX_1_N001,2026-08-04,24,test,67.15364573957127,0.35914688405143763,0.6408531159485624,0.2444319635883535,0.5816392377342035,49.244,1
CONTROLX_1_N001,2026-08-05,1,test,75.25747981667693,0.36632580710567675,0.6336741928943233,0.2563912186498349,0.5810594588761467,-123.7131,-1
CONTROLX_1_N001,2026-08-05,2,test,76.12417837628726,0.36267708609064164,0.6373229139093584,0.24386291169055052,0.5754360559890243,-103.93610000000001,-1
CONTROLX_1_N001,2026-08-05,3,test,76.12417837628726,0.36267708609064164,0.6373229139093584,0.24704394043263908,0.577785560096598,-103.1053,-1
CONTROLX_1_N001,2026-08-05,4,test,76.12417837628726,0.3646466062746914,0.6353533937253086,0.24859658165006115,0.5795963467267403,277.1357,1
CONTROLX_1_N001,2026-08-05,5,test,75.48115671763769,0.366289557083783,0.633710442916217,0.24043378913164626,0.5773830482764202,460.3474,1
CONTROLX_1_N001,2026-08-05,6,test,76.97826771778615,0.36826735911317915,0.6317326408868209,0.24518280854252777,0.587245280214575,249.11,1
CONTROLX_1_N001,2026-08-05,7,test,75.48115671763769,0.3646466062746914,0.6353533937253086,0.253130036122303,0.598288734059463,696.963,1
CONTROLX_1_N001,2026-08-05,8,test,74.70218963728229,0.35358631935244167,0.6464136806475583,0.26426503319479333,0.6027137603720139,-116.3204,-1
CONTROLX_1_N001,2026-08-05,9,test,77.89955536858896,0.36126601236026895,0.6387339876397311,0.26740460280045536,0.6115435022163872,-118.164,-1
CONTROLX_1_N001,2026-08-05,10,test,79.7904080350824,0.3374231480755649,0.662576851924435,0.30672330836701905,0.6191636471179542,-169.8034,-1
CONTROLX_1_N001,2026-08-05,11,test,48.060021733523925,0.33203206492353315,0.6679679350764669,0.28514426651490365,0.6439281709262898,-138.4276,-1
CONTROLX_1_N001,2026-08-05,12,test,47.71212755364196,0.3276064858249317,0.6723935141750683,0.30422399560229046,0.6656240729809427,-166.4764,-1
CONTROLX_1_N001,2026-08-05,13,test,47.56031495990341,0.3373393914369827,0.6626606085630173,0.304924090110107,0.6851884461020394,-160.5035,-1
CONTROLX_1_N001,2026-08-05,14,test,-9.22043000361338,0.3367588909927101,0.6632411090072898,0.20105041535705195,0.6740800440642787,-160.0775,-1
CONTROLX_1_N001,2026-08-05,15,test,-12.176988172978735,0.33897803777922814,0.6610219622207718,0.20443268984030866,0.6583090282496701,-161.8796,-1
CONTROLX_1_N001,2026-08-05,16,test,-36.41390988740625,0.3542877184665551,0.6457122815334448,0.26992256030219175,0.6660669494848749,-163.2825,-1
CONTROLX_1_N001,2026-08-05,17,test,34.0636696125358,0.3566644335497997,0.6433355664502003,0.24969330266711115,0.6496103614519001,-161.7615,-1
CONTROLX_1_N001,2026-08-05,18,test,-12.950072691990393,0.35229521893325716,0.6477047810667429,0.18851011066757734,0.6463153540961251,-165.47979999999998,-1
CONTROLX_1_N001,2026-08-05,19,test,19.8044354902802,0.3605382323218797,0.6394617676781202,0.18941107096017365,0.6079565351327907,-182.2688,-1
CONTROLX_1_N001,2026-08-05,20,test,16.884273951543765,0.35623370430687307,0.6437662956931269,0.18054808778018824,0.5916106267175042,-166.1181,-1
CONTROLX_1_N001,2026-08-05,21,test,17.11133210237741,0.363929004260034,0.636070995739966,0.16885090089318935,0.5790443827395629,-165.3201,-1
CONTROLX_1_N001,2026-08-05,22,test,-19.359810942568124,0.377404273282945,0.622595726717055,0.1622713622545603,0.5816999553517038,-198.8936,-1
CONTROLX_1_N001,2026-08-05,23,test,15.361944754507403,0.35534289958643994,0.6446571004135601,0.1724625230322375,0.587194005941861,-192.9927,-1
CONTROLX_1_N001,2026-08-05,24,test,74.62516504647584,0.35534289958643994,0.6446571004135601,0.2577459354789262,0.5951228413957339,-187.65370000000001,-1
ELCAJNGT_7_N001,2026-06-02,1,test,3.000594517035242,0.5769861288303907,0.4230138711696093,0.14360917411779792,0.7746162171612588,-148.6393,-1
ELCAJNGT_7_N001,2026-06-02,2,test,2.5300195181796514,0.5826980804540904,0.41730191954590956,0.1475785199576486,0.8298470575992948,-158.7724,-1
ELCAJNGT_7_N001,2026-06-02,3,test,2.5469305992088014,0.5840684798472839,0.41593152015271606,0.14571487197431532,0.8334300629638335,-117.60159999999999,-1
ELCAJNGT_7_N001,2026-06-02,4,test,2.5469305992088014,0.5745812344151046,0.42541876558489544,0.13750558650093614,0.8468222024058624,-71.2048,-1
ELCAJNGT_7_N001,2026-06-02,5,test,3.324347732141729,0.5756117907017022,0.4243882092982978,0.1601931873431532,0.9914630668088399,-109.13860000000001,-1
ELCAJNGT_7_N001,2026-06-02,6,test,3.3365874923612564,0.5962104277365017,0.4037895722634983,0.15709993807762784,0.7644011666908285,-123.19140000000002,-1
ELCAJNGT_7_N001,2026-06-02,7,test,2.5300195181796514,0.5645675387074709,0.4354324612925291,0.12375108964389989,0.844935374068016,-68.44839999999999,-1
ELCAJNGT_7_N001,2026-06-02,8,test,3.233104168979264,0.5963355346315801,0.40366446536841993,0.1618607375149978,0.9902631571654114,-87.8925,-1
ELCAJNGT_7_N001,2026-06-02,9,test,0.36334744058534457,0.5755984073355593,0.42440159266444066,0.08414124262407448,0.7911830790406321,-136.7944,-1
ELCAJNGT_7_N001,2026-06-02,10,test,-1.0935731491020495,0.5489505759276139,0.45104942407238613,0.07697301670101483,0.8709823935926555,-117.97750000000002,-1
ELCAJNGT_7_N001,2026-06-02,11,test,0.2004053100118712,0.557311197725231,0.44268880227476903,0.06187726616158751,0.9626657950910936,-30.181700000000003,-1
ELCAJNGT_7_N001,2026-06-02,12,test,-1.012090710191854,0.5471540251146805,0.4528459748853195,0.0694360310702801,0.9562301674727797,-52.680800000000005,-1
ELCAJNGT_7_N001,2026-06-02,13,test,-1.0700711566885353,0.5142165624625787,0.48578343753742126,0.04063854600375946,0.9092920366740086,-5.988500000000002,-1
ELCAJNGT_7_N001,2026-06-02,14,test,-2.2826441015905474,0.5203041621371411,0.47969583786285885,0.07038103308398952,0.8922433329409839,6.4724,1
ELCAJNGT_7_N001,2026-06-02,15,test,-2.2096584181932193,0.5150589803313592,0.4849410196686408,0.05906979199300478,0.8410113622930687,-7.670200000000005,-1
ELCAJNGT_7_N001,2026-06-02,16,test,-2.099962074135083,0.5379915595697881,0.46200844043021194,0.06831668409743226,0.6771465113729253,-19.498,-1
ELCAJNGT_7_N001,2026-06-02,17,test,-1.6594703090855565,0.560838103292192,0.43916189670780803,0.09152144470469832,0.7235896234311957,-19.6068,-1
ELCAJNGT_7_N001,2026-06-02,18,test,0.543478824599573,0.5405388735200638,0.4594611264799362,0.047647006149223306,0.6313570175982139,-108.66299999999998,-1
ELCAJNGT_7_N001,2026-06-02,19,test,0.7875642588235268,0.5584817715779188,0.4415182284220812,0.06886873286353411,0.628188045660309,-153.8347,-1
ELCAJNGT_7_N001,2026-06-02,20,test,1.5845392647770393,0.5698474365773462,0.43015256342265384,0.09017832548326782,0.618697022472328,0.3521000000000001,1
ELCAJNGT_7_N001,2026-06-02,21,test,3.084119513155337,0.5948179016583358,0.4051820983416642,0.13321019743349166,0.6857496958992256,3.765500000000003,1
ELCAJNGT_7_N001,2026-06-02,22,test,1.5627910492615271,0.5601830152240961,0.4398169847759039,0.08083777202554568,0.6132209698896333,4.640600000000003,1
ELCAJNGT_7_N001,2026-06-02,23,test,2.014435865178718,0.5810614041775386,0.4189385958224614,0.10510587087408146,0.6051791456312426,2.8293999999999997,1
ELCAJNGT_7_N001,2026-06-02,24,test,1.577525205181718,0.5859030247512779,0.41409697524872213,0.1102591717253143,0.6388673748482154,0.3260000000000005,1
ELCAJNGT_7_N001,2026-06-03,1,test,1.1959071463929554,0.522963996491017,0.477036003508983,0.05228880019163286,0.8191504480078763,2.840199999999996,1
ELCAJNGT_7_N001,2026-06-03,2,test,-0.15496878343431772,0.5171998836974157,0.48280011630258435,0.020138882495953376,0.9503393366084382,8.166699999999999,1
ELCAJNGT_7_N001,2026-06-03,3,test,1.4001721288080389,0.553467941928548,0.446532058071452,0.08365255867160097,0.7740782882919073,12.386199999999999,1
ELCAJNGT_7_N001,2026-06-03,4,test,1.4001721288080389,0.553467941928548,0.446532058071452,0.08662566221145163,0.7002108516619125,8.2013,1
ELCAJNGT_7_N001,2026-06-03,5,test,1.7050694556701456,0.5450581622441367,0.4549418377558633,0.08379424895894053,0.6852696347409133,15.255300000000002,1
ELCAJNGT_7_N001,2026-06-03,6,test,1.572002011367121,0.5642339667189913,0.4357660332810087,0.09416603454799576,0.8386429469164766,12.425199999999997,1
ELCAJNGT_7_N001,2026-06-03,7,test,1.0993634155804273,0.5450581622441367,0.4549418377558633,0.06433146012130343,0.816140259908303,20.386400000000002,1
ELCAJNGT_7_N001,2026-06-03,8,test,2.2649314395816433,0.5816325094817516,0.4183674905182484,0.11610368296390469,0.7787089149385301,19.3265,1
ELCAJNGT_7_N001,2026-06-03,9,test,1.7403415794097534,0.5443174269790647,0.4556825730209353,0.07694639754556484,0.7573123254891022,12.126900000000001,1
ELCAJNGT_7_N001,2026-06-03,10,test,1.2239603357676136,0.5185357821443105,0.4814642178556895,0.04274398023796677,0.7348744908972218,13.188799999999999,1
ELCAJNGT_7_N001,2026-06-03,11,test,1.3751042679395238,0.5349988405051838,0.46500115949481624,0.0638748415906311,0.684912670582012,-5.203899999999997,-1
ELCAJNGT_7_N001,2026-06-03,12,test,0.017516202767457845,0.5260216765981499,0.4739783234018501,0.026408390902437004,0.6947141458903765,8.316300000000002,1
ELCAJNGT_7_N001,2026-06-03,13,test,0.9126963959226744,0.5271153076110663,0.4728846923889337,0.047260528458886536,0.7252820404890384,8.8489,1
ELCAJNGT_7_N001,2026-06-03,14,test,0.7919886758355168,0.5271153076110663,0.4728846923889337,0.04258690633934212,0.7219359273897978,7.742900000000002,1
ELCAJNGT_7_N001,2026-06-03,15,test,1.0234773838638382,0.5289894573026588,0.4710105426973412,0.04729225491017025,0.7803864047987403,7.840300000000001,1
ELCAJNGT_7_N001,2026-06-03,16,test,1.331049050273055,0.5156239920603609,0.4843760079396391,0.03773694539749789,0.6568569938982134,6.6869,1
ELCAJNGT_7_N001,2026-06-03,17,test,1.9387016121438296,0.5476563277318698,0.4523436722681302,0.07776778081258784,0.6908318889866255,24.4212,1
ELCAJNGT_7_N001,2026-06-03,18,test,3.5816697426749595,0.5566297963678141,0.44337020363218593,0.11570216558826174,0.7967613331488314,32.0137,1
ELCAJNGT_7_N001,2026-06-03,19,test,3.009493373898342,0.5677845217375022,0.43221547826249784,0.11334844687919648,0.8945504695647024,25.4432,1
ELCAJNGT_7_N001,2026-06-03,20,test,2.2355045528451534,0.5526288269176705,0.44737117308232954,0.08458836708289327,0.8539059894152999,21.9531,1
ELCAJNGT_7_N001,2026-06-03,21,test,4.058476084908227,0.5761191489471813,0.4238808510528187,0.12877800039643722,0.9809600394298423,23.2172,1
ELCAJNGT_7_N001,2026-06-03,22,test,3.055088533680728,0.577487966339999,0.422512033660001,0.11671259765171767,0.9650305410324462,23.7145,1
ELCAJNGT_7_N001,2026-06-03,23,test,3.2857614648155264,0.5813176303127872,0.41868236968721284,0.13146310039351955,0.8544209949773127,27.4855,1
ELCAJNGT_7_N001,2026-06-03,24,test,3.55875868872344,0.5758102023607833,0.4241897976392167,0.12031813852782267,0.8872845256508899,24.498200000000004,1
ELCAJNGT_7_N001,2026-06-04,1,test,1.237228480180926,0.6083081904922336,0.3916918095077664,0.1212912192369614,0.7318419217451786,10.0728,1
ELCAJNGT_7_N001,2026-06-04,2,test,1.0757918525430799,0.608125324519477,0.391874675480523,0.11949453907205601,0.729297343956029,1.3309999999999995,1
ELCAJNGT_7_N001,2026-06-04,3,test,-1.1328541930604992,0.598694393126368,0.40130560687363204,0.10898835216584457,0.8574018102006943,3.567499999999999,1
ELCAJNGT_7_N001,2026-06-04,4,test,-1.3250440567389623,0.606827884809743,0.39317211519025697,0.11911835077070465,0.8365281686272484,2.6357,1
ELCAJNGT_7_N001,2026-06-04,5,test,0.6059886673737036,0.5804507644276357,0.41954923557236434,0.08634053853623522,0.7991243128285345,1.9896999999999991,1
ELCAJNGT_7_N001,2026-06-04,6,test,-0.5767605894665626,0.600204212327096,0.399795787672904,0.1062468849525841,0.7459322589950245,13.178799999999999,1
ELCAJNGT_7_N001,2026-06-04,7,test,0.4981523482173235,0.5714366442466029,0.4285633557533971,0.07553393809556024,0.8980639676190239,12.246900000000002,1
ELCAJNGT_7_N001,2026-06-04,8,test,2.2721331805887925,0.6316575652835249,0.3683424347164751,0.14988024859592983,0.9050455412123664,13.099,1
ELCAJNGT_7_N001,2026-06-04,9,test,-1.4757437571100551,0.6204755910541879,0.3795244089458121,0.13284175931291348,0.8767429067982925,11.8887,1
ELCAJNGT_7_N001,2026-06-04,10,test,2.316254663551952,0.567977484404446,0.43202251559555405,0.08584644683247691,0.9349069092597205,-6.987400000000001,-1
ELCAJNGT_7_N001,2026-06-04,11,test,0.34715442507411154,0.5522463184578899,0.44775368154211015,0.055651465703802014,0.7573651731875338,8.2048,1
ELCAJNGT_7_N001,2026-06-04,12,test,0.7283577434308414,0.5566094790323647,0.4433905209676353,0.06325809047772288,0.8060286453197918,2.5198,1
ELCAJNGT_7_N001,2026-06-04,13,test,1.2272859494506183,0.5252633626436031,0.47473663735639693,0.042664311883132314,0.728243337924035,15.260299999999999,1
ELCAJNGT_7_N001,2026-06-04,14,test,0.4135952301789112,0.5273810845967659,0.4726189154032341,0.03202122705201819,0.7088147487480203,14.1279,1
ELCAJNGT_7_N001,2026-06-04,15,test,0.489101599645518,0.5273810845967659,0.4726189154032341,0.03345489603070203,0.7429801707684559,12.5469,1
ELCAJNGT_7_N001,2026-06-04,16,test,2.128610946547861,0.5414343745142437,0.4585656254857563,0.058268314018003496,0.9088490192052958,15.5351,1
ELCAJNGT_7_N001,2026-06-04,17,test,1.0200640539793226,0.5583767824348493,0.44162321756515066,0.06674014995993158,0.8920214351734819,27.073,1
ELCAJNGT_7_N001,2026-06-04,18,test,3.1269039018294347,0.5862219409768875,0.4137780590231125,0.11026965902966901,0.9049289271435512,27.619499999999995,1
ELCAJNGT_7_N001,2026-06-04,19,test,4.478066679020927,0.6483347863394361,0.3516652136605639,0.18537451522909804,0.760041018147934,20.972500000000004,1
ELCAJNGT_7_N001,2026-06-04,20,test,4.124610241738584,0.6271889366781035,0.3728110633218965,0.18780791969598465,0.9340754005715166,13.142000000000003,1
ELCAJNGT_7_N001,2026-06-04,21,test,4.192912534697732,0.6490439474336273,0.35095605256637274,0.18656772761489956,0.7130272456575742,11.576799999999999,1
ELCAJNGT_7_N001,2026-06-04,22,test,4.04683768407218,0.6346523318999372,0.3653476681000628,0.16788589211418353,0.8454961725252921,12.106400000000004,1
ELCAJNGT_7_N001,2026-06-04,23,test,4.203704360945902,0.6776183836559114,0.3223816163440886,0.21535028292900066,0.8040229134907554,10.548599999999997,1
ELCAJNGT_7_N001,2026-06-04,24,test,2.788319728257244,0.6628984827313567,0.33710151726864335,0.18771796922458575,0.8344873302136331,1.4579999999999984,1
ELCAJNGT_7_N001,2026-06-05,1,test,2.9758672141735114,0.6144416078619139,0.38555839213808607,0.21233586131446353,0.7916247706169742,-3.3320000000000043,-1
ELCAJNGT_7_N001,2026-06-05,2,test,2.2879404589553785,0.6224923640498639,0.37750763595013614,0.20422857109944173,0.7672826779859745,-0.49269999999999925,-1
ELCAJNGT_7_N001,2026-06-05,3,test,2.5904474089318326,0.6201124175871959,0.37988758241280407,0.19681132823182157,0.9320269685461183,0.029400000000002535,1
ELCAJNGT_7_N001,2026-06-05,4,test,1.9441087196916635,0.6112201010031967,0.3887798989968033,0.18778487587135806,0.7489250450943112,-0.7631999999999977,-1
ELCAJNGT_7_N001,2026-06-05,5,test,2.0446511402100516,0.6215925876024867,0.3784074123975133,0.1854782922856268,0.8069837178085313,-1.658299999999997,-1
ELCAJNGT_7_N001,2026-06-05,6,test,2.444372558306281,0.6259950653326214,0.3740049346673786,0.19242368220381123,0.9011896967830405,-3.777700000000003,-1
ELCAJNGT_7_N001,2026-06-05,7,test,2.0446511402100516,0.6215458237558374,0.37845417624416255,0.1724038876043811,0.9197885667562025,-0.442499999999999,-1
ELCAJNGT_7_N001,2026-06-05,8,test,-0.18805590095696884,0.5815798884033682,0.41842011159663184,0.08581802054517049,0.9090702494555769,0.1980000000000004,1
ELCAJNGT_7_N001,2026-06-05,9,test,0.5115273512048343,0.5646957287324755,0.43530427126752447,0.07770302017591778,0.9479960392701109,15.0655,1
ELCAJNGT_7_N001,2026-06-05,10,test,-0.4700282484191457,0.531121260784192,0.468878739215808,0.04483293382730229,0.9184467949332402,14.0945,1
ELCAJNGT_7_N001,2026-06-05,11,test,-0.9517608397793418,0.5420429427821898,0.4579570572178102,0.06801650462705781,0.8870009275996275,6.0243,1
ELCAJNGT_7_N001,2026-06-05,12,test,-0.024847196472554244,0.5349696128338455,0.4650303871661545,0.03567098654364888,0.8835329716643597,12.465700000000002,1
ELCAJNGT_7_N001,2026-06-05,13,test,0.5409686036810096,0.5032068651985679,0.49679313480143206,0.014560181793490362,0.7647111368414985,13.357099999999999,1
ELCAJNGT_7_N001,2026-06-05,14,test,-0.11948880191228309,0.5093007747494166,0.4906992252505834,0.012904505676730672,0.9944781564834516,13.6999,1
ELCAJNGT_7_N001,2026-06-05,15,test,-0.11948880191228309,0.5117149650449831,0.48828503495501685,0.014951588074523094,0.9191852984352359,2.2943,1
ELCAJNGT_7_N001,2026-06-05,16,test,0.1593883519026663,0.5122359242942249,0.48776407570577507,0.01702327946555922,0.9542638939179303,7.729599999999998,1
ELCAJNGT_7_N001,2026-06-05,17,test,1.1867437526596467,0.5634967003310094,0.4365032996689906,0.09074129407568826,0.8685709731664539,21.840600000000002,1
ELCAJNGT_7_N001,2026-06-05,18,test,3.377965180369235,0.5668436976024834,0.43315630239751657,0.14176938972672437,0.9795892360509768,21.9403,1
ELCAJNGT_7_N001,2026-06-05,19,test,3.9209729524382757,0.5722009662272918,0.4277990337727082,0.14124511635864123,0.9043271003471961,22.7767,1
ELCAJNGT_7_N001,2026-06-05,20,test,2.9360139986489937,0.6182188316491992,0.3817811683508008,0.18267095639305592,0.879566912017003,8.8411,1
ELCAJNGT_7_N001,2026-06-05,21,test,2.7747602967162983,0.6209125858056371,0.37908741419436287,0.18477655020693196,0.9571401437321837,4.146700000000003,1
ELCAJNGT_7_N001,2026-06-05,22,test,1.6458102753321273,0.6069405230082003,0.39305947699179966,0.14163537410816698,0.8506444251486212,-61.69950000000001,-1
ELCAJNGT_7_N001,2026-06-05,23,test,2.6386928562174816,0.603862926298228,0.396137073701772,0.15684133680955578,0.8691990946950449,3.6088999999999984,1
ELCAJNGT_7_N001,2026-06-05,24,test,2.7241914543881998,0.5985071349005177,0.40149286509948234,0.15123643806686954,0.8070397948697815,-0.570999999999998,-1
ELCAJNGT_7_N001,2026-06-06,1,test,3.5699025063986967,0.625039390845757,0.374960609154243,0.1999420921398078,0.8143007561685047,-1.8063000000000002,-1
ELCAJNGT_7_N001,2026-06-06,2,test,3.6632247003353955,0.6258693174461695,0.37413068255383053,0.2069076017444352,0.8555788696175142,-1.579699999999999,-1
ELCAJNGT_7_N001,2026-06-06,3,test,3.767231449415263,0.6110676433264335,0.3889323566735665,0.19032530969344186,0.821059111961242,0.5497999999999976,1
ELCAJNGT_7_N001,2026-06-06,4,test,2.0661784059299926,0.5995162552776723,0.40048374472232773,0.15069250814149626,0.8037058311269325,-2.025400000000001,-1
ELCAJNGT_7_N001,2026-06-06,5,test,3.767231449415263,0.6213949070912073,0.37860509290879274,0.19841541797475776,0.8766968881444279,-0.15290000000000248,-1
ELCAJNGT_7_N001,2026-06-06,6,test,3.6632247003353955,0.6131193595834901,0.38688064041650994,0.18969353337978684,0.8966524067891579,2.4183999999999983,1
ELCAJNGT_7_N001,2026-06-06,7,test,3.0407446047531512,0.616547446462565,0.383452553537435,0.18496543253228553,0.8913068019581719,6.8325,1
ELCAJNGT_7_N001,2026-06-06,8,test,2.7170888408249696,0.578306421932975,0.421693578067025,0.13479722051013823,0.8257391287941079,2.7163,1
ELCAJNGT_7_N001,2026-06-06,9,test,2.7016792228499606,0.548190693504004,0.45180930649599604,0.11361721107370225,0.8667925274281045,4.7725,1
ELCAJNGT_7_N001,2026-06-06,10,test,2.1824242102159626,0.5313770989375178,0.46862290106248217,0.0833370029368993,0.8234491793541154,7.504,1
ELCAJNGT_7_N001,2026-06-06,11,test,1.3055443015616348,0.5295705359995286,0.47042946400047136,0.061821091520477454,0.7814321153568629,8.4596,1
ELCAJNGT_7_N001,2026-06-06,12,test,1.6076264442238386,0.5473886996807033,0.45261130031929675,0.08522206619775113,0.874534843288892,4.7317,1
ELCAJNGT_7_N001,2026-06-06,13,test,0.8510475159025981,0.5266305565701652,0.4733694434298348,0.05168412339760761,0.8305290354918677,3.2805999999999997,1
ELCAJNGT_7_N001,2026-06-06,14,test,0.7597223132738871,0.512396925096021,0.48760307490397903,0.03274310482011644,0.7801050640364328,11.1235,1
ELCAJNGT_7_N001,2026-06-06,15,test,0.770605024323757,0.5125904400498366,0.48740955995016344,0.03389909642664183,0.7955207112922076,8.657300000000001,1
ELCAJNGT_7_N001,2026-06-06,16,test,1.735953268090458,0.5299579474282763,0.4700420525717237,0.07208756836857808,0.82925406768481,8.7676,1
ELCAJNGT_7_N001,2026-06-06,17,test,1.2954824313287456,0.5633186476540376,0.4366813523459624,0.0924641365297383,0.7646355359626386,15.1724,1
ELCAJNGT_7_N001,2026-06-06,18,test,1.1155064313164884,0.5797916131352489,0.42020838686475115,0.10661353537816586,0.8218385103842268,-7.3781,-1
ELCAJNGT_7_N001,2026-06-06,19,test,3.291486669351861,0.6093889340205519,0.39061106597944806,0.17430885132733095,0.8855028873625623,-25.262399999999996,-1
ELCAJNGT_7_N001,2026-06-06,20,test,3.670240935997454,0.6151975994218452,0.38480240057815485,0.18602762247878835,0.7382898926784162,10.471499999999999,1
ELCAJNGT_7_N001,2026-06-06,21,test,4.7347241131112545,0.6297247363072949,0.37027526369270514,0.2186751986079908,0.8190243194280264,8.380700000000001,1
ELCAJNGT_7_N001,2026-06-06,22,test,3.638883662640933,0.6251170541755686,0.3748829458244314,0.20026772703819767,0.8796259985840236,9.988999999999999,1
ELCAJNGT_7_N001,2026-06-06,23,test,4.534346039888452,0.6286971769824289,0.3713028230175711,0.21264029611965063,0.8306678604190261,9.956100000000001,1
ELCAJNGT_7_N001,2026-06-06,24,test,3.910257749385953,0.6344345366117236,0.36556546338827645,0.22114777262275664,0.9077687903591866,8.4221,1
ELCAJNGT_7_N001,2026-06-07,1,test,2.2469068565366297,0.6161323881328176,0.38386761186718243,0.19206014581363057,0.7289449046821158,5.2957,1
ELCAJNGT_7_N001,2026-06-07,2,test,1.939892062640742,0.5980138220764508,0.4019861779235492,0.14899972508084502,0.8826672609836486,6.861599999999999,1
ELCAJNGT_7_N001,2026-06-07,3,test,1.4428428343970443,0.5745912710796955,0.42540872892030446,0.12096972393105501,0.824595078677036,8.1253,1
ELCAJNGT_7_N001,2026-06-07,4,test,1.3219106864713577,0.572363133296829,0.427636866703171,0.11070468312854764,0.9711960396530217,11.187100000000001,1
ELCAJNGT_7_N001,2026-06-07,5,test,1.7334287709100102,0.5852296691500599,0.4147703308499401,0.13166578992913291,0.9200590099261602,10.3157,1
ELCAJNGT_7_N001,2026-06-07,6,test,2.0320081393435703,0.5852296691500599,0.4147703308499401,0.15010785260604698,0.7026412167463965,10.6489,1
ELCAJNGT_7_N001,2026-06-07,7,test,1.3684077415453355,0.5670163624585557,0.4329836375414443,0.11003956863339015,0.8064560291188992,5.9482,1
ELCAJNGT_7_N001,2026-06-07,8,test,1.909478786971725,0.5657629667304075,0.4342370332695925,0.12205214469178222,0.825853141300305,1.2679999999999998,1
ELCAJNGT_7_N001,2026-06-07,9,test,1.9004611453741058,0.5699061952069294,0.4300938047930706,0.12618228855693978,0.7904513381354401,2.8184000000000005,1
ELCAJNGT_7_N001,2026-06-07,10,test,2.2711843667078724,0.5452955639480697,0.45470443605193034,0.11620168165522152,0.7531739088460692,2.216100000000001,1
ELCAJNGT_7_N001,2026-06-07,11,test,1.2742831602829339,0.5434965614516601,0.45650343854833986,0.07924064603686604,0.9836926727089578,0.5233000000000008,1
ELCAJNGT_7_N001,2026-06-07,12,test,1.4222705714069293,0.5434965614516601,0.45650343854833986,0.08029276893131528,0.8869659981161511,0.24070000000000036,1
ELCAJNGT_7_N001,2026-06-07,13,test,1.5528607758346251,0.5284251816169147,0.47157481838308535,0.07597137297373004,0.8358766572867291,0.1031000000000013,1
ELCAJNGT_7_N001,2026-06-07,14,test,1.1451883376751288,0.5249495682265761,0.4750504317734239,0.05866086089743548,0.9934694948347779,-0.19189999999999863,-1
ELCAJNGT_7_N001,2026-06-07,15,test,1.0712545919632572,0.5249495682265761,0.4750504317734239,0.059876742543513106,0.9064795913192306,-0.5523999999999987,-1
ELCAJNGT_7_N001,2026-06-07,16,test,0.364798397288571,0.5383986079688183,0.46160139203118167,0.048725674249729886,0.8923200090843854,-3.1012000000000004,-1
ELCAJNGT_7_N001,2026-06-07,17,test,0.8414965202906773,0.5763013280851251,0.42369867191487487,0.10294804597254481,0.9233576008060378,-1.0359999999999996,-1
ELCAJNGT_7_N001,2026-06-07,18,test,0.642241710661806,0.5703452894044357,0.42965471059556426,0.09153795045252838,0.8339521965732005,-13.963500000000002,-1
ELCAJNGT_7_N001,2026-06-07,19,test,1.9887162438651458,0.5995029553901841,0.40049704460981594,0.15827022434416005,0.8005964353547015,-33.3337,-1
ELCAJNGT_7_N001,2026-06-07,20,test,2.1669457397567204,0.6011190486375325,0.3988809513624675,0.16554456322917732,0.849701630028998,0.15039999999999765,1
ELCAJNGT_7_N001,2026-06-07,21,test,3.115811625613157,0.6246506621391836,0.37534933786081637,0.21258659481358586,0.8755188541890628,-2.418599999999998,-1
ELCAJNGT_7_N001,2026-06-07,22,test,3.3374484027157925,0.6385240207954179,0.3614759792045821,0.2308883139490558,0.7876459501489431,-5.1464,-1
ELCAJNGT_7_N001,2026-06-07,23,test,3.115811625613157,0.6412485647756665,0.3587514352243335,0.22969439418780713,0.7650189721103254,-49.187,-1
ELCAJNGT_7_N001,2026-06-07,24,test,2.756884367802878,0.639947118489714,0.360052881510286,0.22457450688287814,0.7139977336590446,-4.0199,-1
ELCAJNGT_7_N001,2026-06-08,1,test,1.8538731942684776,0.5829234481453817,0.41707655185461834,0.12269676242165906,0.8359588191185594,-2.7894000000000005,-1
ELCAJNGT_7_N001,2026-06-08,2,test,2.536848148491653,0.5923201381439812,0.4076798618560188,0.14064319409269718,0.8424421484528936,-0.9673999999999978,-1
ELCAJNGT_7_N001,2026-06-08,3,test,2.1585549742018393,0.5688050426996957,0.4311949573003043,0.1268420240783294,0.9590097700616765,8.951699999999999,1
ELCAJNGT_7_N001,2026-06-08,4,test,1.382999809418495,0.5677703691035761,0.43222963089642386,0.10722668034309121,0.989033391201655,9.7382,1
ELCAJNGT_7_N001,2026-06-08,5,test,1.9830981544221153,0.5794822410062465,0.42051775899375354,0.12179363628714608,0.9079724513216384,7.211500000000001,1
ELCAJNGT_7_N001,2026-06-08,6,test,1.5286538485838623,0.5806738524854458,0.4193261475145542,0.11292427885098548,0.8859869568540438,6.427699999999998,1
ELCAJNGT_7_N001,2026-06-08,7,test,1.543507564501459,0.568513752928609,0.43148624707139105,0.09472270398691207,0.7861257006339127,0.3550000000000004,1
ELCAJNGT_7_N001,2026-06-08,8,test,1.2818842784369437,0.551121834278122,0.448878165721878,0.07849594024739646,0.8810459163023446,-3.2906999999999993,-1
ELCAJNGT_7_N001,2026-06-08,9,test,0.89950061159904,0.5467971228383945,0.45320287716160546,0.07070343889909786,0.9998888747686614,-8.6804,-1
ELCAJNGT_7_N001,2026-06-08,10,test,1.9165352717137238,0.5238722246329126,0.4761277753670874,0.06974362192745823,0.9658044045327061,-3.4326,-1
ELCAJNGT_7_N001,2026-06-08,11,test,0.19661154882918377,0.5192714821770459,0.4807285178229541,0.024097875807267546,0.8188290834165536,-1.6618999999999997,-1
ELCAJNGT_7_N001,2026-06-08,12,test,0.19661154882918377,0.520420475689543,0.47957952431045703,0.025515234928821767,0.9372667779279115,-0.33630000000000015,-1
ELCAJNGT_7_N001,2026-06-08,13,test,0.5495119063153988,0.5005147764808998,0.4994852235191002,0.019105941894188586,0.980909786108203,-45.3197,-1
ELCAJNGT_7_N001,2026-06-08,14,test,0.1253743664281924,0.49702925415587873,0.5029707458441213,0.0066155046655495845,0.8996049691341718,-45.1436,-1
ELCAJNGT_7_N001,2026-06-08,15,test,0.4417216019589775,0.49702925415587873,0.5029707458441213,0.01625226642197796,0.9815315914677785,-8.4407,-1
ELCAJNGT_7_N001,2026-06-08,16,test,0.3111313975312818,0.5024325764087901,0.49756742359120987,0.010100561309801519,0.8892918624981605,-7.1781,-1
ELCAJNGT_7_N001,2026-06-08,17,test,-0.3263931997858266,0.5323845566207943,0.4676154433792057,0.04095118807886278,0.9029966330880872,-30.797600000000003,-1
ELCAJNGT_7_N001,2026-06-08,18,test,0.5954655613308644,0.5476841187158975,0.4523158812841025,0.07146757317085481,0.6254350399655807,-54.145700000000005,-1
ELCAJNGT_7_N001,2026-06-08,19,test,2.8623297094286206,0.6194524842067558,0.3805475157932442,0.20828410078105292,0.5796287190296433,-40.5757,-1
ELCAJNGT_7_N001,2026-06-08,20,test,2.2211801813667,0.5985914575234179,0.4014085424765821,0.15926588449248563,0.9505873700886125,0.13209999999999766,1
ELCAJNGT_7_N001,2026-06-08,21,test,2.9255545620566448,0.6178542730372445,0.3821457269627555,0.1887785698387332,0.9343247305849373,-2.813799999999997,-1
ELCAJNGT_7_N001,2026-06-08,22,test,4.250991197028935,0.6225032561871425,0.37749674381285747,0.2117211872669965,0.9838446692195087,1.2098000000000013,1
ELCAJNGT_7_N001,2026-06-08,23,test,3.470658292432932,0.634100891674281,0.36589910832571904,0.20551615143581112,0.9510504294897304,-5.311700000000002,-1
ELCAJNGT_7_N001,2026-06-08,24,test,2.9142296357416044,0.5973932294265605,0.4026067705734395,0.15143822352174702,0.8545004834105634,-7.4371000000000045,-1
ELCAJNGT_7_N001,2026-06-09,1,test,3.4302377124388483,0.5611941461444772,0.43880585385552284,0.12216772999892675,0.7493178435115805,0.7948999999999984,1
ELCAJNGT_7_N001,2026-06-09,2,test,3.5380740315952286,0.5707198710035286,0.4292801289964714,0.1311071797356675,0.7342764000473834,0.1399000000000008,1
ELCAJNGT_7_N001,2026-06-09,3,test,2.5073175105512173,0.5469119093133432,0.4530880906866568,0.09952400610785825,0.8104390586636135,1.7588000000000008,1
ELCAJNGT_7_N001,2026-06-09,4,test,2.3922197513611674,0.5458666448778292,0.4541333551221708,0.0909104471956732,0.7178347338072812,4.994999999999997,1
ELCAJNGT_7_N001,2026-06-09,5,test,3.348521820893646,0.5477179344777449,0.45228206552225514,0.10300879216787936,0.7637407612354242,7.232099999999999,1
ELCAJNGT_7_N001,2026-06-09,6,test,2.2227942979917716,0.5469119093133432,0.4530880906866568,0.08885700837787819,0.7592250057643143,6.1753,1
ELCAJNGT_7_N001,2026-06-09,7,test,2.2675286787052777,0.5312176428547337,0.4687823571452663,0.0760264176387401,0.896210012671719,3.158200000000001,1
ELCAJNGT_7_N001,2026-06-09,8,test,3.412128018459531,0.5424373571038754,0.4575626428961246,0.09604222919546015,0.8189080260100892,17.407799999999998,1
ELCAJNGT_7_N001,2026-06-09,9,test,2.8773346948402194,0.5232262994648105,0.4767737005351895,0.073171824313402,0.8891403408531234,4.2947,1
ELCAJNGT_7_N001,2026-06-09,10,test,3.267303411760652,0.5043709839036248,0.4956290160963752,0.06388309746842179,0.9579041530366419,-12.166500000000001,-1
ELCAJNGT_7_N001,2026-06-09,11,test,1.0368197798601695,0.4910206278654894,0.5089793721345106,0.03199261883019472,0.9241738769727497,-35.2546,-1
ELCAJNGT_7_N001,2026-06-09,12,test,1.0368197798601695,0.49808184571847886,0.5019181542815212,0.0279586484610916,0.9640208798123094,-41.253499999999995,-1
ELCAJNGT_7_N001,2026-06-09,13,test,0.7882836467717923,0.47492726995140433,0.5250727300485957,0.04514673626430885,0.977092553560265,-46.328599999999994,-1
ELCAJNGT_7_N001,2026-06-09,14,test,0.7882836467717923,0.4806893230093217,0.5193106769906783,0.04020333639663505,0.9405307720616736,-62.7518,-1
ELCAJNGT_7_N001,2026-06-09,15,test,1.3153973954118605,0.4801725507686748,0.5198274492313252,0.049115297849282306,0.9444476315936087,-58.02590000000001,-1
ELCAJNGT_7_N001,2026-06-09,16,test,1.0931601164846056,0.4975642904861816,0.5024357095138183,0.026531167200579762,0.9423217256835109,-89.5784,-1
ELCAJNGT_7_N001,2026-06-09,17,test,1.3280322275180596,0.5159842223617483,0.48401577763825165,0.03941087192583387,0.806850769969621,-52.75599999999999,-1
ELCAJNGT_7_N001,2026-06-09,18,test,2.4914328098805485,0.5247623878736051,0.4752376121263949,0.06945509600991667,0.8402449901354895,-69.70490000000001,-1
ELCAJNGT_7_N001,2026-06-09,19,test,3.341646897263788,0.5619886028693034,0.4380113971306966,0.11843784416063552,0.9576185321798101,-76.3414,-1
ELCAJNGT_7_N001,2026-06-09,20,test,2.025861324712797,0.5279236719713557,0.4720763280286443,0.061067172054101976,0.696477292742984,-71.9833,-1
ELCAJNGT_7_N001,2026-06-09,21,test,2.6867601735063125,0.5480719736151762,0.45192802638482377,0.0892693853022657,0.7434186657236903,-124.67679999999999,-1
ELCAJNGT_7_N001,2026-06-09,22,test,3.328517074385681,0.5573030910006316,0.4426969089993684,0.10712812963860052,0.8348077006437812,-103.0491,-1
ELCAJNGT_7_N001,2026-06-09,23,test,2.353922376528605,0.5641804347504606,0.43581956524953935,0.08421295318587896,0.9527827329232195,3.9405,1
ELCAJNGT_7_N001,2026-06-09,24,test,3.1990234830455386,0.568677487653795,0.431322512346205,0.11787606142625091,0.7827501485581647,4.425699999999999,1
ELCAJNGT_7_N001,2026-06-10,1,test,3.0862402931362034,0.5675801004595079,0.4324198995404921,0.1282755870131102,0.7902740199354975,3.937599999999996,1
ELCAJNGT_7_N001,2026-06-10,2,test,3.5045132295785715,0.5658476409571476,0.43415235904285243,0.135908851037258,0.765777032425584,2.9090999999999987,1
ELCAJNGT_7_N001,2026-06-10,3,test,2.85891820428177,0.5576935099876245,0.44230649001237554,0.10754970429050105,0.9224770790064744,-6.150799999999997,-1
ELCAJNGT_7_N001,2026-06-10,4,test,2.5489811692469915,0.5552158803302455,0.4447841196697545,0.1004760236042419,0.9742854993324135,9.875599999999999,1
ELCAJNGT_7_N001,2026-06-10,5,test,3.1668081798403658,0.5576935099876245,0.44230649001237554,0.115289087323065,0.8693082110551951,7.667099999999998,1
ELCAJNGT_7_N001,2026-06-10,6,test,2.8420071232526203,0.5572016899999906,0.44279831000000935,0.11175320624139287,0.8182136482760198,10.572800000000004,1
ELCAJNGT_7_N001,2026-06-10,7,test,2.073228063002452,0.5459297467554322,0.45407025324456785,0.08483628185410574,0.8603713695455023,24.7181,1
ELCAJNGT_7_N001,2026-06-10,8,test,3.6766694279720946,0.5538521599134325,0.4461478400865675,0.11523660256484143,0.8234390363161403,36.8422,1
ELCAJNGT_7_N001,2026-06-10,9,test,2.3390904595812683,0.5335804361321445,0.46641956386785555,0.07581432405706418,0.7921330551412114,33.077000000000005,1
ELCAJNGT_7_N001,2026-06-10,10,test,3.5338723269448105,0.5194151714078351,0.4805848285921649,0.08802488673952798,0.8515284208179383,30.0867,1
ELCAJNGT_7_N001,2026-06-10,11,test,0.6316153205074869,0.5022162018691742,0.49778379813082585,0.013820987714924429,0.9481959375637578,-34.128600000000006,-1
ELCAJNGT_7_N001,2026-06-10,12,test,-0.2262492382006234,0.4986986635125752,0.5013013364874248,0.005904144156778124,0.9882090368418637,33.6037,1
ELCAJNGT_7_N001,2026-06-10,13,test,0.6395382093710595,0.5105485982233057,0.48945140177669433,0.024219447515377704,0.9455760768862566,36.3539,1
ELCAJNGT_7_N001,2026-06-10,14,test,0.4532016749725147,0.50532631235874,0.49467368764125996,0.013871633658377503,0.9388158851518985,33.724000000000004,1
ELCAJNGT_7_N001,2026-06-10,15,test,-0.3416693631128758,0.48772657940690645,0.5122734205930936,0.01812905975186466,0.8377908558292089,29.4245,1
ELCAJNGT_7_N001,2026-06-10,16,test,0.1567688473967423,0.5032878143216446,0.4967121856783554,0.006373458353100318,0.9814870240229623,30.3921,1
ELCAJNGT_7_N001,2026-06-10,17,test,1.7237747627803324,0.545772395482696,0.45422760451730404,0.07318102590237832,0.8976435551247646,24.9589,1
ELCAJNGT_7_N001,2026-06-10,18,test,3.2052333952505125,0.5469302666767883,0.45306973332321165,0.09142790642126158,0.9052653513920241,41.4962,1
ELCAJNGT_7_N001,2026-06-10,19,test,4.269158348001359,0.5965993216644594,0.4034006783355406,0.1607086854603333,0.7516883270002087,42.75059999999999,1
ELCAJNGT_7_N001,2026-06-10,20,test,2.239690719182284,0.568545212752169,0.43145478724783104,0.11236652537426879,0.9141211762461462,29.3288,1
ELCAJNGT_7_N001,2026-06-10,21,test,3.0976956888274048,0.5685429335509717,0.43145706644902826,0.12580610612491938,0.989539357873356,25.057899999999997,1
ELCAJNGT_7_N001,2026-06-10,22,test,3.6031396499437243,0.5573582338415122,0.4426417661584878,0.11124826750538197,0.8629634942266697,28.4616,1
ELCAJNGT_7_N001,2026-06-10,23,test,3.250027409006113,0.5678685937312097,0.4321314062687903,0.12576248137618473,0.7728408831763297,27.785800000000002,1
ELCAJNGT_7_N001,2026-06-10,24,test,3.250027409006113,0.5681036559112045,0.4318963440887955,0.13068600125056806,0.7888713904229743,19.827399999999997,1
ELCAJNGT_7_N001,2026-06-11,1,test,1.0156090950681103,0.5455843058508402,0.45441569414915983,0.060488779589134574,0.6585514377433537,8.338300000000004,1
ELCAJNGT_7_N001,2026-06-11,2,test,1.1844139093958541,0.5455843058508402,0.45441569414915983,0.06085237310402652,0.6261806817600616,5.677000000000003,1
ELCAJNGT_7_N001,2026-06-11,3,test,0.31795987453981045,0.5214099183375787,0.47859008166242134,0.02819625823996884,0.7439377899663416,5.8099000000000025,1
ELCAJNGT_7_N001,2026-06-11,4,test,-0.03414874879398319,0.5346569583884735,0.4653430416115265,0.03533404055740395,0.7066175462542291,7.300600000000003,1
ELCAJNGT_7_N001,2026-06-11,5,test,0.07363124283275607,0.5253535522840792,0.4746464477159208,0.027126395111150163,0.7888678763126528,-28.770199999999996,-1
ELCAJNGT_7_N001,2026-06-11,6,test,0.07363124283275607,0.5253535522840792,0.4746464477159208,0.026934764377786937,0.7434642662158994,12.2558,1
ELCAJNGT_7_N001,2026-06-11,7,test,-0.22599783372120089,0.5178368923144653,0.4821631076855347,0.02164576959912935,0.717014895957999,17.903200000000005,1
ELCAJNGT_7_N001,2026-06-11,8,test,0.9594710578146827,0.5044767658607897,0.4955232341392103,0.016289230204634256,0.7964996882409596,19.8766,1
ELCAJNGT_7_N001,2026-06-11,9,test,0.8951225732149779,0.5412505088539981,0.45874949114600194,0.05121383769053272,0.7521985208715644,-54.048899999999996,-1
ELCAJNGT_7_N001,2026-06-11,10,test,2.281942005824276,0.5125986157493049,0.4874013842506951,0.04302408106678632,0.752094088273007,-27.819599999999998,-1
ELCAJNGT_7_N001,2026-06-11,11,test,1.4509880822714958,0.5234404259971953,0.4765595740028047,0.044051562171820866,0.8498863877267724,19.0655,1
ELCAJNGT_7_N001,2026-06-11,12,test,1.0261139244331465,0.528550953974423,0.471449046025577,0.042035205874472084,0.8003530039720614,19.326800000000002,1
ELCAJNGT_7_N001,2026-06-11,13,test,3.5018823398494026,0.5274692349918945,0.47253076500810554,0.07119434406092617,0.8356215952529621,24.1766,1
ELCAJNGT_7_N001,2026-06-11,14,test,3.675987535756477,0.5217031525835357,0.4782968474164643,0.07478167017254811,0.9599106382277875,21.0622,1
ELCAJNGT_7_N001,2026-06-11,15,test,3.5581919661615253,0.5199072356922814,0.48009276430771863,0.06590279571483469,0.8457650147737094,30.9187,1
ELCAJNGT_7_N001,2026-06-11,16,test,3.7673127383851885,0.5176159049266512,0.4823840950733488,0.05719832115439605,0.7521537626219762,44.486599999999996,1
ELCAJNGT_7_N001,2026-06-11,17,test,3.8308118408215748,0.5496902236543396,0.4503097763456604,0.09164102488676698,0.9853646751683496,20.514900000000004,1
ELCAJNGT_7_N001,2026-06-11,18,test,4.023134662063657,0.5714859741854552,0.4285140258145448,0.11040454504671499,0.9243885136069568,49.458200000000005,1
ELCAJNGT_7_N001,2026-06-11,19,test,4.897539957651176,0.5769989191176976,0.42300108088230237,0.132618947999794,0.8049962219147503,52.1476,1
ELCAJNGT_7_N001,2026-06-11,20,test,2.058887581128851,0.5799855899763213,0.4200144100236787,0.10279438906125353,0.7425226964606141,44.713499999999996,1
ELCAJNGT_7_N001,2026-06-11,21,test,3.588053934636225,0.584079960190698,0.41592003980930203,0.11503651855496769,0.6874726616362911,36.257999999999996,1
ELCAJNGT_7_N001,2026-06-11,22,test,3.9022190943113055,0.6026067745935421,0.39739322540645794,0.1372291360336716,0.69001882876068,-13.9409,-1
ELCAJNGT_7_N001,2026-06-11,23,test,3.2580918821955205,0.5648783696900568,0.4351216303099432,0.09920750327187972,0.7254191358420337,28.242500000000007,1
ELCAJNGT_7_N001,2026-06-11,24,test,2.5120069078601315,0.5541156842907414,0.44588431570925857,0.08559259133104007,0.6512396923209821,18.742600000000003,1
ELCAJNGT_7_N001,2026-06-12,1,test,-1.6397986257919672,0.5902030607075969,0.40979693929240313,0.1403616188509636,0.9101049614883442,-0.8207000000000022,-1
ELCAJNGT_7_N001,2026-06-12,2,test,-0.808718297180461,0.5811302385790732,0.4188697614209268,0.10393537977186505,0.8218344873193036,-8.715500000000002,-1
ELCAJNGT_7_N001,2026-06-12,3,test,-1.4754056902796113,0.577129663173953,0.422870336826047,0.12993687374725466,0.9427022528919016,0.6030000000000015,1
ELCAJNGT_7_N001,2026-06-12,4,test,-1.5726201583993868,0.5694986219947943,0.4305013780052057,0.11322684430617228,0.8207988141066236,-0.7615000000000016,-1
ELCAJNGT_7_N001,2026-06-12,5,test,-1.4647838392430066,0.5759353353517285,0.4240646646482715,0.12081118088539745,0.9026657019474824,-2.1374999999999993,-1
ELCAJNGT_7_N001,2026-06-12,6,test,-1.6241675755893594,0.5854076241860301,0.4145923758139699,0.12680615529430353,0.7983204895261273,0.37950000000000017,1
ELCAJNGT_7_N001,2026-06-12,7,test,-1.4551927742847492,0.5755655504844556,0.42443444951554443,0.11457262213532776,0.8765189035982953,4.882100000000001,1
ELCAJNGT_7_N001,2026-06-12,8,test,-1.6882469379591256,0.5674636753074787,0.43253632469252135,0.10260458278153786,0.8247495810916765,6.773,1
ELCAJNGT_7_N001,2026-06-12,9,test,-1.446007876773938,0.574341354015706,0.42565864598429404,0.10228549103460265,0.7752323111327428,5.0136,1
ELCAJNGT_7_N001,2026-06-12,10,test,-1.5187722472469212,0.5288136332206816,0.47118636677931836,0.06495899946498798,0.9110438979962779,10.656100000000002,1
ELCAJNGT_7_N001,2026-06-12,11,test,-0.8346355446379933,0.5255199788295744,0.47448002117042565,0.04640559718411037,0.9921129704632282,6.182199999999998,1
ELCAJNGT_7_N001,2026-06-12,12,test,-0.38589025218130557,0.5188181984959743,0.4811818015040257,0.027193418809550417,0.86550929383134,4.5855999999999995,1
ELCAJNGT_7_N001,2026-06-12,13,test,-0.7300975858583737,0.5229144023528641,0.4770855976471359,0.03901313872939988,0.8863602096066838,12.142600000000002,1
ELCAJNGT_7_N001,2026-06-12,14,test,-1.031590152464165,0.5160861722047926,0.4839138277952074,0.03862734959161552,0.9005254901419325,12.854,1
ELCAJNGT_7_N001,2026-06-12,15,test,-1.031590152464165,0.5160861722047926,0.4839138277952074,0.039428667973908614,0.9282535085830295,21.728300000000004,1
ELCAJNGT_7_N001,2026-06-12,16,test,-0.9108106483090965,0.5310471760426214,0.4689528239573786,0.051904632680788904,0.9718049338541622,-0.7100999999999971,-1
ELCAJNGT_7_N001,2026-06-12,17,test,-0.5044805480517497,0.5527842357604938,0.44721576423950615,0.06436499131663324,0.9196810028516714,26.759800000000006,1
ELCAJNGT_7_N001,2026-06-12,18,test,-0.6232368305128461,0.5630849621719006,0.4369150378280994,0.0756216854299483,0.956890508452686,36.3339,1
ELCAJNGT_7_N001,2026-06-12,19,test,0.726434313593678,0.5972940492879465,0.4027059507120535,0.11401581127599608,0.8290158311921919,44.42139999999999,1
ELCAJNGT_7_N001,2026-06-12,20,test,1.4578243630483214,0.6100415615913851,0.3899584384086149,0.1433621759540539,0.89037444901071,39.41180000000001,1
ELCAJNGT_7_N001,2026-06-12,21,test,0.15715913189962022,0.6223510949348696,0.3776489050651304,0.12590539859506808,0.9467415489465114,25.524699999999996,1
ELCAJNGT_7_N001,2026-06-12,22,test,1.1270662675401455,0.6247255039216183,0.3752744960783817,0.1487080232657281,0.8833418815164931,-52.079100000000004,-1
ELCAJNGT_7_N001,2026-06-12,23,test,0.8757430770282237,0.6362857919933121,0.36371420800668786,0.15710085354988026,0.9011803068944402,22.665399999999998,1
ELCAJNGT_7_N001,2026-06-12,24,test,0.3276866740188513,0.6254096181392295,0.37459038186077054,0.13456584698209054,0.854309154052729,3.1702000000000012,1
ELCAJNGT_7_N001,2026-06-13,1,test,0.5888900139265438,0.5795441596404797,0.4204558403595203,0.09577548650673588,0.8039478811541968,-2.182700000000004,-1
ELCAJNGT_7_N001,2026-06-13,2,test,1.6474536140759877,0.5795441596404797,0.4204558403595203,0.12573562276148098,0.8474320520247154,7.586799999999997,1
ELCAJNGT_7_N001,2026-06-13,3,test,0.8961436411738547,0.5755395002902632,0.42446049970973676,0.09689213596552337,0.7466358150790529,-2.6037,-1
ELCAJNGT_7_N001,2026-06-13,4,test,0.8961436411738547,0.572973771710542,0.427026228289458,0.11044657082836094,0.8611665270163424,0.09880000000000067,1
ELCAJNGT_7_N001,2026-06-13,5,test,1.9547229715065673,0.5820876321520668,0.4179123678479332,0.14694504272622116,0.9399371155386778,-0.8299000000000021,-1
ELCAJNGT_7_N001,2026-06-13,6,test,0.9453351694354941,0.5850142600137601,0.4149857399862399,0.11377070463612737,0.8842885289731375,-5.999499999999998,-1
ELCAJNGT_7_N001,2026-06-13,7,test,0.9887151457815406,0.5882073127004597,0.4117926872995403,0.11999570292694109,0.9901479070237588,0.33589999999999876,1
ELCAJNGT_7_N001,2026-06-13,8,test,0.13126787700829778,0.5974702701073739,0.40252972989262614,0.10140051989576188,0.9167027990619293,3.6228,1
ELCAJNGT_7_N001,2026-06-13,9,test,0.9820224399788066,0.5755250400574144,0.42447495994258555,0.10119147404830656,0.9089934465050835,2.5792,1
ELCAJNGT_7_N001,2026-06-13,10,test,-0.14937792815392817,0.5278802277484768,0.47211977225152324,0.03251137591566968,0.9701891695250602,-5.2889,-1
ELCAJNGT_7_N001,2026-06-13,11,test,0.6986975289964937,0.5216487608012719,0.47835123919872813,0.041593423444732325,0.9872392815775305,2.2942,1
ELCAJNGT_7_N001,2026-06-13,12,test,0.5423788634073252,0.5219222649493699,0.4780777350506301,0.03914767920352744,0.8923723259814231,1.2218999999999998,1
ELCAJNGT_7_N001,2026-06-13,13,test,0.4758843566641826,0.5382469083607007,0.46175309163929934,0.05131350492398132,0.9620531668350611,1.1929999999999996,1
ELCAJNGT_7_N001,2026-06-13,14,test,0.27055815876607725,0.5382469083607007,0.46175309163929934,0.04584543717254552,0.9891107147934612,3.2532999999999994,1
ELCAJNGT_7_N001,2026-06-13,15,test,-0.041957016623455634,0.546229052075357,0.453770947924643,0.04773402463434833,0.801482641852426,5.015799999999999,1
ELCAJNGT_7_N001,2026-06-13,16,test,0.01198780169545062,0.5696840881516738,0.4303159118483262,0.07012052215820251,0.8180276808973006,-3.395400000000002,-1
ELCAJNGT_7_N001,2026-06-13,17,test,0.26063933035352227,0.5815117596250373,0.4184882403749627,0.08972227770732336,0.9003386566332782,-10.822399999999998,-1
ELCAJNGT_7_N001,2026-06-13,18,test,1.662889523258955,0.6009831931949143,0.39901680680508567,0.14202056620290893,0.9107055021491248,-32.75059999999999,-1
ELCAJNGT_7_N001,2026-06-13,19,test,2.8895361488240523,0.6191272240626888,0.38087277593731117,0.17662388820131053,0.8768631513523397,17.799099999999996,1
ELCAJNGT_7_N001,2026-06-13,20,test,3.2203155659610947,0.6448566756542919,0.35514332434570806,0.2094016267922932,0.9459214227284436,4.087299999999999,1
ELCAJNGT_7_N001,2026-06-13,21,test,3.5401783298914795,0.6436362931036189,0.3563637068963811,0.21929430303009345,0.8550313825472603,4.0179000000000045,1
ELCAJNGT_7_N001,2026-06-13,22,test,5.063309032470486,0.6339798471621335,0.3660201528378665,0.23025919760210678,0.9771515232160047,1.0737000000000023,1
ELCAJNGT_7_N001,2026-06-13,23,test,3.3405813075896447,0.6427317088218192,0.3572682911781808,0.21838456348394622,0.9807536240929791,2.0342000000000056,1
ELCAJNGT_7_N001,2026-06-13,24,test,2.6241075831092266,0.632521242681538,0.367478757318462,0.20151382145582225,0.900829263633776,-0.21569999999999823,-1
ELCAJNGT_7_N001,2026-06-14,1,test,1.3583916556693876,0.6076282942082759,0.3923717057917241,0.15587171351957854,0.9597385450798575,-5.917000000000002,-1
ELCAJNGT_7_N001,2026-06-14,2,test,2.298404338442863,0.5774531338694278,0.42254686613057224,0.1502067540571465,0.9822675909882145,-3.270700000000005,-1
ELCAJNGT_7_N001,2026-06-14,3,test,1.3326365939376597,0.5722461944361767,0.42775380556382325,0.11339341408294237,0.9024083371794394,0.3755999999999986,1
ELCAJNGT_7_N001,2026-06-14,4,test,1.478711444563211,0.5696754431051931,0.43032455689480686,0.12150862334386082,0.9967898939009474,0.7922000000000011,1
ELCAJNGT_7_N001,2026-06-14,5,test,1.6508446775487553,0.5720116883241795,0.4279883116758205,0.11579077571367288,0.8460325174190192,0.05580000000000496,1
ELCAJNGT_7_N001,2026-06-14,6,test,1.3529965750570414,0.5829308609022266,0.41706913909777343,0.12448268916768863,0.9097387556013468,3.6372,1
ELCAJNGT_7_N001,2026-06-14,7,test,-0.030640822277879936,0.5674554186601651,0.43254458133983487,0.06872340455047904,0.8369235610143713,8.751999999999999,1
ELCAJNGT_7_N001,2026-06-14,8,test,-0.435865318809825,0.5783448267904524,0.4216551732095476,0.0863959327431533,0.6638181641205497,-1.6688,-1
ELCAJNGT_7_N001,2026-06-14,9,test,0.4956790758746827,0.5619627629104665,0.43803723708953346,0.07041433285407526,0.6942260268259643,-5.136700000000001,-1
ELCAJNGT_7_N001,2026-06-14,10,test,-0.18425711287426322,0.5369740154316623,0.46302598456833766,0.04002501530075521,0.7191987286230102,-4.6749,-1
ELCAJNGT_7_N001,2026-06-14,11,test,-0.26723519173527877,0.5218911231330332,0.4781088768669668,0.026375446620917314,0.7015386354482986,-1.5873,-1
ELCAJNGT_7_N001,2026-06-14,12,test,-0.4609126541629427,0.5218911231330332,0.4781088768669668,0.03017349924606824,0.6500951670480377,1.7881000000000005,1
ELCAJNGT_7_N001,2026-06-14,13,test,-0.34013414583226576,0.533906726540853,0.466093273459147,0.04755266667501029,0.7503328329067867,-8.3646,-1
ELCAJNGT_7_N001,2026-06-14,14,test,-0.3289462171109854,0.5300703591264404,0.4699296408735596,0.03935238161569553,0.9650827698768584,-67.5289,-1
ELCAJNGT_7_N001,2026-06-14,15,test,-0.059721729734455165,0.5514771854996534,0.4485228145003466,0.05347358238115116,0.8888081888767686,-0.06320000000000014,-1
ELCAJNGT_7_N001,2026-06-14,16,test,1.0849747750280514,0.5684909947030299,0.4315090052969701,0.08871354466370339,0.6129638828284267,-2.3137999999999987,-1
ELCAJNGT_7_N001,2026-06-14,17,test,0.14224841065528032,0.5769279538809772,0.4230720461190228,0.08154484967863966,0.9106020160680188,-8.9252,-1
ELCAJNGT_7_N001,2026-06-14,18,test,0.5140712464521855,0.5908083701039608,0.4091916298960392,0.10020649518723077,0.6369444668493449,-29.837099999999992,-1
ELCAJNGT_7_N001,2026-06-14,19,test,2.8656644544821765,0.6085140369275154,0.3914859630724846,0.15247413668166598,0.6222469974439394,12.7466,1
ELCAJNGT_7_N001,2026-06-14,20,test,2.195194513153163,0.626376061340905,0.37362393865909505,0.17461965645561822,0.9412152582232417,13.552099999999996,1
ELCAJNGT_7_N001,2026-06-14,21,test,2.6570954065474237,0.633025056480862,0.36697494351913795,0.1722868293513065,0.739811900243971,18.4799,1
ELCAJNGT_7_N001,2026-06-14,22,test,4.130014618928478,0.6387751472197255,0.3612248527802745,0.19199594263424583,0.7501317646743172,17.740699999999997,1
ELCAJNGT_7_N001,2026-06-14,23,test,3.046428362289832,0.6303186631361861,0.3696813368638139,0.17448757667351789,0.7578496705524637,7.200499999999998,1
ELCAJNGT_7_N001,2026-06-14,24,test,2.708976217450868,0.630198881293421,0.36980111870657895,0.20559158234988412,0.9569700563046648,7.475100000000005,1
ELCAJNGT_7_N001,2026-06-15,1,test,1.518987634706743,0.5777791898771628,0.4222208101228372,0.11905665443921123,0.9256307410985363,7.143599999999999,1
ELCAJNGT_7_N001,2026-06-15,2,test,1.4379229848282795,0.5836851835421895,0.41631481645781054,0.11420617013400286,0.7703451959890556,3.4731000000000023,1
ELCAJNGT_7_N001,2026-06-15,3,test,0.1355299184722448,0.576057071278742,0.42394292872125805,0.0796748847286298,0.8582626535038202,3.456699999999998,1
ELCAJNGT_7_N001,2026-06-15,4,test,0.04420471584353361,0.5734921528141426,0.42650784718585744,0.0747393587113176,0.8113784159436457,3.7451000000000008,1
ELCAJNGT_7_N001,2026-06-15,5,test,0.41974285050838195,0.576057071278742,0.42394292872125805,0.08680795605917271,0.8878501231843854,6.7204000000000015,1
ELCAJNGT_7_N001,2026-06-15,6,test,0.02293061898450857,0.5855285977823322,0.41447140221766776,0.08610703071848502,0.8291018256961377,8.525799999999997,1
ELCAJNGT_7_N001,2026-06-15,7,test,-0.06839458364420259,0.5739797129597973,0.42602028704020267,0.07622445341649636,0.8655376660732707,11.8399,1
ELCAJNGT_7_N001,2026-06-15,8,test,-0.3186130538813527,0.5651985546876628,0.4348014453123372,0.07517661549408368,0.9310360395404468,9.337299999999999,1
ELCAJNGT_7_N001,2026-06-15,9,test,-0.25752256560191705,0.5515096839109402,0.44849031608905976,0.05894723445917433,0.903346902497525,4.373200000000001,1
ELCAJNGT_7_N001,2026-06-15,10,test,-0.6839715407877196,0.512566573718456,0.48743342628154396,0.02998438976521466,0.9626204303312251,9.3065,1
ELCAJNGT_7_N001,2026-06-15,11,test,-0.04824307516421357,0.5107825946666342,0.4892174053333658,0.011972127858031074,0.889997539113044,-42.8561,-1
ELCAJNGT_7_N001,2026-06-15,12,test,-0.14409568137889395,0.5107825946666342,0.4892174053333658,0.014695164716131578,0.9712492503048286,10.9345,1
ELCAJNGT_7_N001,2026-06-15,13,test,0.09190654318372163,0.5379130477048664,0.46208695229513364,0.04107090466384125,0.8155965328512476,-39.4187,-1
ELCAJNGT_7_N001,2026-06-15,14,test,-0.11341965471438398,0.5379130477048664,0.46208695229513364,0.041712472913456394,0.835469597828221,8.273399999999999,1
ELCAJNGT_7_N001,2026-06-15,15,test,0.09190654318372163,0.5553986990069768,0.4446013009930232,0.058560003600683655,0.814701411629373,6.738500000000002,1
ELCAJNGT_7_N001,2026-06-15,16,test,0.15569013813760912,0.5461906237512227,0.45380937624877726,0.05072362150521216,0.8644299277574935,-13.090200000000003,-1
ELCAJNGT_7_N001,2026-06-15,17,test,-0.2877316914229594,0.5623268523699627,0.4376731476300373,0.07144884153210461,0.6569233484658674,-18.9737,-1
ELCAJNGT_7_N001,2026-06-15,18,test,1.6648769258545897,0.5697564372422967,0.43024356275770326,0.10726301888794265,0.8042467464784508,-43.5526,-1
ELCAJNGT_7_N001,2026-06-15,19,test,1.9197865432204926,0.6002377041934451,0.39976229580655487,0.1368077923475725,0.9382326868703655,11.689099999999996,1
ELCAJNGT_7_N001,2026-06-15,20,test,2.3134320406441007,0.6189798607552862,0.3810201392447138,0.16984363522503046,0.8431141600600917,-9.361399999999996,-1
ELCAJNGT_7_N001,2026-06-15,21,test,2.64673487841374,0.6253776639320636,0.3746223360679364,0.18579948397131973,0.7664361037479751,16.491400000000006,1
ELCAJNGT_7_N001,2026-06-15,22,test,3.893472237493449,0.6389210217699454,0.36107897823005464,0.20944206172363852,0.8187020549977814,18.460099999999997,1
ELCAJNGT_7_N001,2026-06-15,23,test,3.3653373882272413,0.6143773792723989,0.3856226207276011,0.18755112869020807,0.8932155108883805,-75.5851,-1
ELCAJNGT_7_N001,2026-06-15,24,test,3.2836088390774028,0.6141895392856936,0.38581046071430636,0.1927184681094572,0.9855103653368287,3.7150000000000034,1
ELCAJNGT_7_N001,2026-06-16,1,test,2.7959972087613303,0.6038858535878545,0.3961141464121455,0.18364677975475868,0.9383011148275674,5.200800000000001,1
ELCAJNGT_7_N001,2026-06-16,2,test,3.261870989381529,0.6142395133063479,0.38576048669365215,0.2056456891713362,0.9294861061205683,2.776599999999995,1
ELCAJNGT_7_N001,2026-06-16,3,test,1.9886147992756444,0.5735600725684046,0.4264399274315954,0.11955735472997642,0.761326318022772,6.098999999999997,1
ELCAJNGT_7_N001,2026-06-16,4,test,1.6546597821859288,0.5614363887222845,0.4385636112777155,0.10172564323507519,0.7639859060302719,3.9990999999999985,1
ELCAJNGT_7_N001,2026-06-16,5,test,2.386604932740187,0.5735600725684046,0.4264399274315954,0.12292064413135875,0.7446548308130042,8.950099999999999,1
ELCAJNGT_7_N001,2026-06-16,6,test,2.135699094385898,0.572363133296829,0.427636866703171,0.12106805679632784,0.76374690091093,13.604599999999998,1
ELCAJNGT_7_N001,2026-06-16,7,test,0.9538098159595638,0.5737987092963107,0.4262012907036893,0.08985086109504907,0.6767332568628458,15.540899999999997,1
ELCAJNGT_7_N001,2026-06-16,8,test,0.8797800763835599,0.5465123782098487,0.45348762179015134,0.061910778525623926,0.7897022627842198,-17.389199999999995,-1
ELCAJNGT_7_N001,2026-06-16,9,test,0.7789997666271908,0.5391057909904611,0.4608942090095389,0.05417383305027376,0.8821298032933615,-28.7827,-1
ELCAJNGT_7_N001,2026-06-16,10,test,-0.02000344527568294,0.515269917983827,0.48473008201617296,0.015652403238871602,0.8556294103485687,-21.0398,-1
ELCAJNGT_7_N001,2026-06-16,11,test,0.5620786308284847,0.5052559730529205,0.49474402694707953,0.017602322081046028,0.9961815984850442,17.807000000000002,1
ELCAJNGT_7_N001,2026-06-16,12,test,0.5442580901904527,0.5047384597084964,0.4952615402915036,0.016353301803227752,0.9865835840991581,31.727800000000002,1
ELCAJNGT_7_N001,2026-06-16,13,test,0.336674421016692,0.49864366635577834,0.5013563336442217,0.009748682377964417,0.8736502969010603,28.1856,1
ELCAJNGT_7_N001,2026-06-16,14,test,2.585945939896773,0.5355251037623087,0.46447489623769134,0.08875448595081287,0.8885817922082152,26.664800000000003,1
ELCAJNGT_7_N001,2026-06-16,15,test,-0.27602338892247,0.49659193791168693,0.503408062088313,0.013165293200748846,0.7992748418754593,31.914099999999998,1
ELCAJNGT_7_N001,2026-06-16,16,test,0.7146040307150043,0.5202700245641027,0.47972997543589735,0.04429914977953498,0.8432623514010785,9.377699999999997,1
ELCAJNGT_7_N001,2026-06-16,17,test,0.9040527179080604,0.5406164913175735,0.4593835086824265,0.06423860256464359,0.7930653085415813,45.5979,1
ELCAJNGT_7_N001,2026-06-16,18,test,4.092546521605785,0.5710492579782206,0.4289507420217794,0.15126071382407974,0.9159563858345638,15.732500000000002,1
ELCAJNGT_7_N001,2026-06-16,19,test,3.9587243045645937,0.6027080423393489,0.39729195766065106,0.17051340501294773,0.9058644605797889,29.6541,1
ELCAJNGT_7_N001,2026-06-16,20,test,3.4257307365448475,0.6321196561877059,0.36788034381229406,0.19016141684396853,0.8824654676097214,32.917300000000004,1
ELCAJNGT_7_N001,2026-06-16,21,test,4.275588895138416,0.6268045306974481,0.3731954693025519,0.19834010515640993,0.8952047047326465,24.735799999999998,1
ELCAJNGT_7_N001,2026-06-16,22,test,4.794769191844748,0.640546568794715,0.35945343120528495,0.22946818669161814,0.8384552225538149,27.800399999999996,1
ELCAJNGT_7_N001,2026-06-16,23,test,4.794769191844748,0.6239530032294747,0.37604699677052533,0.22598911108215658,0.8279771890708124,15.662199999999999,1
ELCAJNGT_7_N001,2026-06-16,24,test,4.036311994129008,0.6200396208736766,0.3799603791263234,0.21264717884258913,0.8579091408488184,10.583599999999997,1
ELCAJNGT_7_N001,2026-06-17,1,test,2.8103384244224774,0.6064534945468011,0.3935465054531989,0.15898124346125012,0.7277418393596901,-189.5952,-1
ELCAJNGT_7_N001,2026-06-17,2,test,2.541276829351509,0.5891924908660618,0.41080750913393815,0.13284171679668963,0.6963650325062154,-106.95779999999999,-1
ELCAJNGT_7_N001,2026-06-17,3,test,1.6055450855735007,0.6014997476472982,0.3985002523527018,0.13558377017134476,0.7591486753634127,-113.50469999999999,-1
ELCAJNGT_7_N001,2026-06-17,4,test,1.3359671337051418,0.560374375862151,0.439625624137849,0.08951296998623322,0.7186148328945505,-60.53659999999999,-1
ELCAJNGT_7_N001,2026-06-17,5,test,1.4234674425975624,0.5725050637097738,0.42749493629022617,0.0945070635634403,0.6719402869648046,-94.89200000000001,-1
ELCAJNGT_7_N001,2026-06-17,6,test,1.4234674425975624,0.5725050637097738,0.42749493629022617,0.09706345413853093,0.6909792457908549,-83.83870000000002,-1
ELCAJNGT_7_N001,2026-06-17,7,test,1.0307261775368166,0.5675178364961133,0.4324821635038867,0.09051801165098265,0.8071906601164422,0.4565999999999981,1
ELCAJNGT_7_N001,2026-06-17,8,test,0.18655693258462344,0.5605095182281876,0.4394904817718124,0.06312792640309835,0.7178652323846614,22.180499999999995,1
ELCAJNGT_7_N001,2026-06-17,9,test,0.3317802863817323,0.5570153155373974,0.44298468446260264,0.061634887607665535,0.7762563749366291,10.371699999999997,1
ELCAJNGT_7_N001,2026-06-17,10,test,0.0061102748565439345,0.5301736505055564,0.4698263494944436,0.030254265546198304,0.7509274187771804,26.0462,1
ELCAJNGT_7_N001,2026-06-17,11,test,2.303852577772418,0.5207999913291673,0.4792000086708327,0.0626099668767035,0.9961159651802987,27.4105,1
ELCAJNGT_7_N001,2026-06-17,12,test,0.6632638663602044,0.5140931856791401,0.4859068143208599,0.02823337649280423,0.9314478464437425,14.6694,1
ELCAJNGT_7_N001,2026-06-17,13,test,1.3521867367729077,0.5207999913291673,0.4792000086708327,0.045989369381437564,0.9565163408271448,17.9339,1
ELCAJNGT_7_N001,2026-06-17,14,test,1.919572063990585,0.558200326726605,0.441799673273395,0.0961045426121835,0.8826184396070025,15.7864,1
ELCAJNGT_7_N001,2026-06-17,15,test,1.0010169293956621,0.5198868560106077,0.4801131439893923,0.043339537007550055,0.8210851621602826,23.6543,1
ELCAJNGT_7_N001,2026-06-17,16,test,2.243044879681178,0.5529723135866461,0.4470276864133539,0.09750709687599432,0.8898853408158871,-54.91210000000001,-1
ELCAJNGT_7_N001,2026-06-17,17,test,1.9301246480184806,0.5408899383170576,0.45911006168294244,0.08047805133319749,0.8868153470696925,-230.1254,-1
ELCAJNGT_7_N001,2026-06-17,18,test,3.4042465547160954,0.5801682085647822,0.41983179143521776,0.1605188599206865,0.8584459018082815,-246.9259,-1
ELCAJNGT_7_N001,2026-06-17,19,test,3.237558902242894,0.6101404905273494,0.3898595094726506,0.1664047886190178,0.9782865882982129,6.0227,1
ELCAJNGT_7_N001,2026-06-17,20,test,3.4150982490099264,0.6270670475677459,0.3729329524322541,0.19397459106044507,0.9130134754941899,7.6723,1
ELCAJNGT_7_N001,2026-06-17,21,test,3.376428334933352,0.6274420434032998,0.3725579565967002,0.1780040426531529,0.8846746147448148,2.625099999999996,1
ELCAJNGT_7_N001,2026-06-17,22,test,4.350662361416138,0.6220279389670751,0.3779720610329249,0.19444573248304783,0.8878915744208261,-403.8759,-1
ELCAJNGT_7_N001,2026-06-17,23,test,4.055743899526247,0.6288746594954044,0.37112534050459556,0.2086895331999748,0.878395234104001,-495.75350000000003,-1
ELCAJNGT_7_N001,2026-06-17,24,test,3.193293625312195,0.6245227594262414,0.37547724057375864,0.21461227862347065,0.935905961993497,-99.9724,-1
ELCAJNGT_7_N001,2026-06-18,1,test,1.8556307277826745,0.6180133146333814,0.3819866853666186,0.19588200334679884,0.8342738555825854,-202.342,-1
ELCAJNGT_7_N001,2026-06-18,2,test,1.0190603091873538,0.5998401407560644,0.4001598592439356,0.15209098315041922,0.7242253805424761,-326.7496,-1
ELCAJNGT_7_N001,2026-06-18,3,test,1.2524706190958204,0.5998623137505155,0.40013768624948454,0.16410986822273568,0.7217413778327479,1.9185000000000016,1
ELCAJNGT_7_N001,2026-06-18,4,test,0.2474679912076487,0.5711544712870106,0.4288455287129894,0.08263116856155231,0.8949900703682401,-167.4986,-1
ELCAJNGT_7_N001,2026-06-18,5,test,-0.273584117065377,0.583064718137258,0.416935281862742,0.09187477280403636,0.9046462314058251,-123.7627,-1
ELCAJNGT_7_N001,2026-06-18,6,test,-0.273584117065377,0.6039318068311047,0.3960681931688953,0.11196867873214747,0.8070143183164812,-8.692499999999995,-1
ELCAJNGT_7_N001,2026-06-18,7,test,-0.36112256557733874,0.5959678208416566,0.40403217915834344,0.10570192195797516,0.8238541535469007,-0.25780000000000314,-1
ELCAJNGT_7_N001,2026-06-18,8,test,0.747277287077304,0.5892026461330839,0.41079735386691607,0.10872712257211745,0.8705877510817897,-44.8042,-1
ELCAJNGT_7_N001,2026-06-18,9,test,1.372675471243701,0.5566463114923754,0.4433536885076246,0.08746293884213818,0.8309960749834912,-96.1615,-1
ELCAJNGT_7_N001,2026-06-18,10,test,0.5988367591767851,0.5231049763306976,0.47689502366930236,0.03891652179546361,0.9156542168124703,-72.934,-1
ELCAJNGT_7_N001,2026-06-18,11,test,-0.17395300866534336,0.5289620569727429,0.4710379430272571,0.03300167635737491,0.8237155722932783,-12.1726,-1
ELCAJNGT_7_N001,2026-06-18,12,test,-0.25888688287450956,0.5353746244019517,0.4646253755980483,0.04092769932849356,0.7548424693357924,-53.0326,-1
ELCAJNGT_7_N001,2026-06-18,13,test,-0.3002364193257253,0.5345374726049672,0.4654625273950328,0.040612779766647525,0.7620207857453044,-23.874799999999997,-1
ELCAJNGT_7_N001,2026-06-18,14,test,-0.4133937156606653,0.5453242439192598,0.4546757560807402,0.05460442805876532,0.8038638833874074,6.577000000000002,1
ELCAJNGT_7_N001,2026-06-18,15,test,-0.24937493202212793,0.5800533918550232,0.41994660814497675,0.08611588501897577,0.8204046086329392,-96.109,-1
ELCAJNGT_7_N001,2026-06-18,16,test,0.5749865281346728,0.5762788270330377,0.4237211729669623,0.0910340053320661,0.8880707157978174,-21.0849,-1
ELCAJNGT_7_N001,2026-06-18,17,test,0.2919784960405832,0.6013459306384337,0.39865406936156633,0.10848832902949315,0.868283801288265,-178.6474,-1
ELCAJNGT_7_N001,2026-06-18,18,test,2.03249583419123,0.597960212825043,0.40203978717495703,0.14266861328063507,0.8383836347955888,-76.1665,-1
ELCAJNGT_7_N001,2026-06-18,19,test,3.754605102438403,0.6256469449284019,0.3743530550715981,0.19926264337176436,0.8118870079327216,-107.39989999999999,-1
ELCAJNGT_7_N001,2026-06-18,20,test,4.256932558608859,0.6477039413358017,0.35229605866419833,0.2369553782693969,0.8942199227016162,-3.8344999999999985,-1
ELCAJNGT_7_N001,2026-06-18,21,test,3.9041979822032,0.6461433705940741,0.3538566294059259,0.23756022057483592,0.8988758005607098,-3.481499999999997,-1
ELCAJNGT_7_N001,2026-06-18,22,test,3.7581231315776487,0.6409637711050741,0.3590362288949259,0.21880692607910146,0.8473064233323584,-9.5043,-1
ELCAJNGT_7_N001,2026-06-18,23,test,3.7726337140255457,0.6329688124362941,0.3670311875637059,0.21152441344249318,0.8259382884648647,1.4087999999999994,1
ELCAJNGT_7_N001,2026-06-18,24,test,2.761077806526464,0.6367739778788166,0.3632260221211834,0.21128094521902838,0.9614829731779383,4.527899999999995,1
ELCAJNGT_7_N001,2026-06-19,1,test,4.710931566579431,0.6445239530470643,0.35547604695293566,0.18027671106138024,0.8245846995268118,27.679899999999996,1
ELCAJNGT_7_N001,2026-06-19,2,test,4.008616560251943,0.6303114606824333,0.36968853931756673,0.16261290159450043,0.7947112273766811,-29.8934,-1
ELCAJNGT_7_N001,2026-06-19,3,test,2.3304932375979726,0.6236501202250623,0.3763498797749377,0.1424511542670778,0.8166980018419543,-40.9257,-1
ELCAJNGT_7_N001,2026-06-19,4,test,2.848335988281459,0.621920085161523,0.378079914838477,0.15929909390831704,0.8372702836657802,-4.6651000000000025,-1
ELCAJNGT_7_N001,2026-06-19,5,test,2.0613618666357643,0.639626297291702,0.36037370270829805,0.1673527174368605,0.8505669727432392,13.3874,1
ELCAJNGT_7_N001,2026-06-19,6,test,1.4542084619754376,0.6137807577113722,0.3862192422886278,0.13301612404769206,0.8326319525731379,2.8126999999999995,1
ELCAJNGT_7_N001,2026-06-19,7,test,-2.077076432781847,0.623199573252214,0.376800426747786,0.15225712300057404,0.843925071074458,-64.0957,-1
ELCAJNGT_7_N001,2026-06-19,8,test,-1.007343328305795,0.6209501253754339,0.3790498746245661,0.13118778443473814,0.8126345347822093,-72.401,-1
ELCAJNGT_7_N001,2026-06-19,9,test,0.5742483887864739,0.6227273995441075,0.3772726004558925,0.12842516417691613,0.9858552222664819,39.048100000000005,1
ELCAJNGT_7_N001,2026-06-19,10,test,4.080402529485882,0.5662773932484452,0.43372260675155483,0.1064744012204614,0.9099333484937862,34.216699999999996,1
ELCAJNGT_7_N001,2026-06-19,11,test,3.5132514192256106,0.5654189569526578,0.43458104304734224,0.10563285675559778,0.8525341647368828,-70.5811,-1
ELCAJNGT_7_N001,2026-06-19,12,test,1.4082503076260475,0.5758644930689282,0.4241355069310718,0.09367145019049097,0.802937717650164,-23.131899999999998,-1
ELCAJNGT_7_N001,2026-06-19,13,test,2.0817900530903586,0.5654189569526578,0.43458104304734224,0.09067043976697944,0.8672584322527204,-23.161599999999996,-1
ELCAJNGT_7_N001,2026-06-19,14,test,2.609894696600138,0.575646541565978,0.42435345843402195,0.10763332234485154,0.9220795431175621,-23.0186,-1
ELCAJNGT_7_N001,2026-06-19,15,test,3.330326121067727,0.5805480297028366,0.4194519702971634,0.12472397468049048,0.8655965472439041,-24.109,-1
ELCAJNGT_7_N001,2026-06-19,16,test,4.39251746700457,0.585182763096197,0.414817236903803,0.13685868295295978,0.920621621818717,-14.401699999999998,-1
ELCAJNGT_7_N001,2026-06-19,17,test,4.629083183611714,0.6463383038298128,0.35366169617018717,0.20654882632143115,0.9112528835893947,13.563600000000001,1
ELCAJNGT_7_N001,2026-06-19,18,test,5.402356775830987,0.6298271830364587,0.3701728169635413,0.19569023021006288,0.9597092669351476,-23.843600000000002,-1
ELCAJNGT_7_N001,2026-06-19,19,test,4.985121966534845,0.6348918658854588,0.36510813411454124,0.19429803888065555,0.947032075654069,37.825,1
ELCAJNGT_7_N001,2026-06-19,20,test,5.459701553137644,0.6475452715620064,0.35245472843799364,0.2088203994262288,0.8781422439253477,27.7789,1
ELCAJNGT_7_N001,2026-06-19,21,test,5.146773790996203,0.6443188620134085,0.3556811379865915,0.21475373370529538,0.9733953363116847,29.4146,1
ELCAJNGT_7_N001,2026-06-19,22,test,5.839418026693594,0.6664196359158879,0.33358036408411207,0.23778546243971815,0.9958287044318116,-66.89150000000001,-1
ELCAJNGT_7_N001,2026-06-19,23,test,3.135761318584732,0.6592738964682187,0.34072610353178134,0.1950269387033426,0.8165771573124101,32.9281,1
ELCAJNGT_7_N001,2026-06-19,24,test,4.861928114387398,0.6407553319267615,0.3592446680732385,0.19470604975599226,0.8279445075606044,-51.469500000000004,-1
ELCAJNGT_7_N001,2026-06-20,1,test,3.2855127190744646,0.6314442163686005,0.3685557836313995,0.1608483929764274,0.7231596193324531,30.099900000000005,1
ELCAJNGT_7_N001,2026-06-20,2,test,3.247546448565564,0.6349215555596927,0.36507844444030735,0.16241340461249684,0.7193547694526043,-9.523400000000002,-1
ELCAJNGT_7_N001,2026-06-20,3,test,1.7987089059046169,0.6250184061082809,0.37498159389171914,0.14282444414089798,0.6710518464689653,39.4684,1
ELCAJNGT_7_N001,2026-06-20,4,test,3.369182213958516,0.6258696768668964,0.37413032313310357,0.1587512498857077,0.6593858650643757,16.189699999999995,1
ELCAJNGT_7_N001,2026-06-20,5,test,2.2542939874887242,0.6109487565611643,0.3890512434388357,0.13423148044825967,0.6358846997209305,30.1908,1
ELCAJNGT_7_N001,2026-06-20,6,test,-0.7371989745500074,0.5853863495258055,0.4146136504741945,0.09922572007444358,0.8294470888493825,1.362099999999998,1
ELCAJNGT_7_N001,2026-06-20,7,test,-2.40523302354524,0.5313659512026099,0.4686340487973901,0.0725778690857215,0.9310848560676985,13.1939,1
ELCAJNGT_7_N001,2026-06-20,8,test,-2.980249480305881,0.545554017639179,0.454445982360821,0.09180069590138035,0.8837929790136306,14.040999999999997,1
ELCAJNGT_7_N001,2026-06-20,9,test,-1.0903151217875724,0.5971557806836746,0.4028442193163254,0.10807309937470139,0.6501816971940223,29.7059,1
ELCAJNGT_7_N001,2026-06-20,10,test,0.10911270262428614,0.5548497090775145,0.4451502909224855,0.056426564817869077,0.9981336578998468,-151.3382,-1
ELCAJNGT_7_N001,2026-06-20,11,test,0.005170375045609805,0.53549787638706,0.46450212361293997,0.035579050715929934,0.9343805556464542,-125.73689999999999,-1
ELCAJNGT_7_N001,2026-06-20,12,test,0.5634218815137311,0.5351229453851908,0.4648770546148092,0.04460544865335865,0.8552363914108703,-61.0432,-1
ELCAJNGT_7_N001,2026-06-20,13,test,0.44252420955085375,0.5271177460356847,0.47288225396431527,0.03390734268318984,0.9432922134898966,-29.3175,-1
ELCAJNGT_7_N001,2026-06-20,14,test,0.18805034100846843,0.5381725044338722,0.4618274955661278,0.03995585100953761,0.7018540210586662,-44.64790000000001,-1
ELCAJNGT_7_N001,2026-06-20,15,test,0.9469750075037525,0.582442730943065,0.417557269056935,0.09145164598185135,0.6878196292263672,-31.8856,-1
ELCAJNGT_7_N001,2026-06-20,16,test,2.066313941163787,0.597552321861946,0.40244767813805404,0.11765503594661285,0.6467301510155977,-46.18929999999999,-1
ELCAJNGT_7_N001,2026-06-20,17,test,3.059039479819249,0.6514840390653569,0.3485159609346431,0.17927166722130894,0.6657167889942406,-81.4054,-1
ELCAJNGT_7_N001,2026-06-20,18,test,4.323090129357629,0.6362311144017981,0.36376888559820186,0.17158698228012734,0.7275649846089854,-3.0131999999999977,-1
ELCAJNGT_7_N001,2026-06-20,19,test,5.00857881397764,0.6105391841475277,0.3894608158524723,0.15110758263302226,0.7533876693238135,16.287399999999998,1
ELCAJNGT_7_N001,2026-06-20,20,test,4.456492154477943,0.6334517697480874,0.36654823025191263,0.18454962963120428,0.900376362240496,-66.5512,-1
ELCAJNGT_7_N001,2026-06-20,21,test,4.336058569432251,0.6289131839767677,0.37108681602323235,0.16635180624421,0.7450583237330007,34.8652,1
ELCAJNGT_7_N001,2026-06-20,22,test,4.657766539259127,0.67397452828384,0.32602547171616003,0.21140616628321265,0.6869261730890839,35.3301,1
ELCAJNGT_7_N001,2026-06-20,23,test,2.0826246066751644,0.67397452828384,0.32602547171616003,0.18994940947212796,0.7925013403262757,26.2945,1
ELCAJNGT_7_N001,2026-06-20,24,test,2.9232605786107224,0.6383384806662257,0.36166151933377433,0.16677536124359937,0.6641506078283056,-37.1772,-1
ELCAJNGT_7_N001,2026-06-21,1,test,4.1700200968100996,0.6608821913784998,0.3391178086215002,0.299704195385605,0.5570044634314087,-103.31980000000001,-1
ELCAJNGT_7_N001,2026-06-21,2,test,4.522235322478198,0.6699784800760393,0.33002151992396067,0.29775500402362454,0.6860025048543116,-67.9139,-1
ELCAJNGT_7_N001,2026-06-21,3,test,4.422604694236525,0.6382860647535749,0.36171393524642514,0.2912847468774342,0.5654643693142085,-60.368399999999994,-1
ELCAJNGT_7_N001,2026-06-21,4,test,4.207589056223109,0.625612880129807,0.374387119870193,0.260665815373184,0.5884533742883818,19.024,1
ELCAJNGT_7_N001,2026-06-21,5,test,3.886091505539838,0.6410793677747074,0.3589206322252926,0.27030847183867224,0.5724214224170513,-10.336500000000001,-1
ELCAJNGT_7_N001,2026-06-21,6,test,2.3833643624372916,0.5958600524010664,0.40413994759893357,0.18811036829082428,0.6003973908741991,18.7505,1
ELCAJNGT_7_N001,2026-06-21,7,test,1.7385971868587777,0.5653493028087241,0.4346506971912759,0.13005122105417144,0.6599301128776549,37.1847,1
ELCAJNGT_7_N001,2026-06-21,8,test,3.03136119056963,0.567959763142097,0.43204023685790305,0.16675872113667317,0.7385674262189831,32.6259,1
ELCAJNGT_7_N001,2026-06-21,9,test,3.284350103334321,0.599309094655733,0.400690905344267,0.18922728908137118,0.7838614425877117,-128.97099999999998,-1
ELCAJNGT_7_N001,2026-06-21,10,test,2.0992964511778145,0.5566894722241933,0.4433105277758067,0.11723634724454102,0.8081223487516395,-90.7204,-1
ELCAJNGT_7_N001,2026-06-21,11,test,3.0142207463613966,0.5357185992711591,0.46428140072884094,0.1234460229289177,0.7250611539452861,5.319099999999999,1
ELCAJNGT_7_N001,2026-06-21,12,test,2.2309109660585804,0.5409385058068357,0.45906149419316433,0.1100213367439267,0.7355101223194315,30.9213,1
ELCAJNGT_7_N001,2026-06-21,13,test,1.6677423024347764,0.5290317721034233,0.47096822789657666,0.08431919108820667,0.71671491375816,26.6959,1
ELCAJNGT_7_N001,2026-06-21,14,test,1.6509583212249264,0.5293048639191311,0.4706951360808689,0.08365994993324313,0.7254112024846014,31.4619,1
ELCAJNGT_7_N001,2026-06-21,15,test,2.9684985205691548,0.5621059349613469,0.43789406503865314,0.15239707772365263,0.6772473361897613,29.5311,1
ELCAJNGT_7_N001,2026-06-21,16,test,3.1953777098750797,0.5237304984098408,0.47626950159015924,0.11866715112791891,0.6511532011021635,29.2934,1
ELCAJNGT_7_N001,2026-06-21,17,test,3.908316998478797,0.5787842691683927,0.42121573083160735,0.18222262721830412,0.6713006695219442,16.1314,1
ELCAJNGT_7_N001,2026-06-21,18,test,3.7466382228080484,0.6327192366028914,0.3672807633971086,0.2473014409337764,0.5681209997760723,-120.625,-1
ELCAJNGT_7_N001,2026-06-21,19,test,4.1641035479538795,0.6172311220795477,0.38276887792045233,0.24454181107893216,0.6530506653676719,-77.22840000000001,-1
ELCAJNGT_7_N001,2026-06-21,20,test,3.904869655569679,0.6270670475677459,0.3729329524322541,0.24640958346296116,0.6476312666794234,2.490700000000004,1
ELCAJNGT_7_N001,2026-06-21,21,test,4.166352592341112,0.6245983699196719,0.3754016300803281,0.2591270025717276,0.6984647584291669,21.985,1
ELCAJNGT_7_N001,2026-06-21,22,test,5.074520580049648,0.6383917301845357,0.36160826981546434,0.2355907584057949,0.7555047478372211,7.058900000000001,1
ELCAJNGT_7_N001,2026-06-21,23,test,2.1387958061620815,0.6382896789932951,0.36171032100670486,0.18113935145611354,0.8519578006130334,17.879400000000004,1
ELCAJNGT_7_N001,2026-06-21,24,test,4.456693569456273,0.6282400896924606,0.3717599103075394,0.24993486697648665,0.7586851468324658,17.5653,1
ELCAJNGT_7_N001,2026-06-22,1,test,4.404114079966814,0.6487041399373469,0.3512958600626531,0.25168799353118904,0.8171801583749687,35.8416,1
ELCAJNGT_7_N001,2026-06-22,2,test,5.1665172633508645,0.6514969276672103,0.34850307233278965,0.2509281796530675,0.9245874468310846,-26.7624,-1
ELCAJNGT_7_N001,2026-06-22,3,test,3.793079350333531,0.6324184748645769,0.3675815251354231,0.2274266615994884,0.8424067004237609,36.3013,1
ELCAJNGT_7_N001,2026-06-22,4,test,4.617233636474232,0.6374318793343857,0.3625681206656143,0.255405093774468,0.7196353266679162,34.622800000000005,1
ELCAJNGT_7_N001,2026-06-22,5,test,4.434017044765121,0.6374318793343857,0.3625681206656143,0.25789570117471095,0.7278444428134905,33.4577,1
ELCAJNGT_7_N001,2026-06-22,6,test,4.308283098558363,0.6148582635820597,0.38514173641794025,0.20376392960796103,0.987229594771278,33.8171,1
ELCAJNGT_7_N001,2026-06-22,7,test,3.581515594046917,0.6307486339917406,0.36925136600825936,0.19141339947369646,0.9086698013951097,26.5277,1
ELCAJNGT_7_N001,2026-06-22,8,test,3.62579510511174,0.639822939762044,0.36017706023795604,0.22251313696888111,0.8677533539815346,34.2701,1
ELCAJNGT_7_N001,2026-06-22,9,test,1.119511854045091,0.6142561673846139,0.38574383261538614,0.13677525308748265,0.940082632618176,29.881299999999996,1
ELCAJNGT_7_N001,2026-06-22,10,test,2.335411568683383,0.6002292191664016,0.3997707808335984,0.13860602055782018,0.8684758525782175,29.563,1
ELCAJNGT_7_N001,2026-06-22,11,test,3.7189095983508267,0.5787878056409741,0.4212121943590259,0.13889645689866786,0.9768299195796062,24.490499999999997,1
ELCAJNGT_7_N001,2026-06-22,12,test,2.391659981575596,0.5477549510649077,0.4522450489350923,0.10677163584576724,0.7529057670847992,-5.4253,-1
ELCAJNGT_7_N001,2026-06-22,13,test,2.7439943619534977,0.5477549510649077,0.4522450489350923,0.11205053554515959,0.7361045723876265,-79.97220000000002,-1
ELCAJNGT_7_N001,2026-06-22,14,test,3.3298495684240588,0.5700274857739419,0.4299725142260581,0.13550387644240827,0.9037589436048884,-77.6122,-1
ELCAJNGT_7_N001,2026-06-22,15,test,2.695077025634482,0.5542993013624298,0.4457006986375702,0.09903733878773069,0.9672943013597806,-74.3776,-1
ELCAJNGT_7_N001,2026-06-22,16,test,2.747484519938802,0.5810778841823969,0.4189221158176031,0.1285733321182544,0.9955006331588736,13.6963,1
ELCAJNGT_7_N001,2026-06-22,17,test,4.418685385789239,0.6117546230608366,0.3882453769391634,0.17723811924619798,0.9437856460748428,-6.276499999999999,-1
ELCAJNGT_7_N001,2026-06-22,18,test,5.042489282200904,0.636369056232377,0.36363094376762295,0.23867168012959705,0.6453519428023803,-43.3856,-1
ELCAJNGT_7_N001,2026-06-22,19,test,4.728732468985173,0.6154897412985083,0.3845102587014917,0.19484367319934737,0.9380914976579106,39.604800000000004,1
ELCAJNGT_7_N001,2026-06-22,20,test,5.4266847319193054,0.6373892546949019,0.36261074530509807,0.21672021981296707,0.9732388013091543,39.2872,1
ELCAJNGT_7_N001,2026-06-22,21,test,5.1784621343762645,0.642201230372704,0.35779876962729595,0.23031446730056904,0.9880871471627983,41.10020000000001,1
ELCAJNGT_7_N001,2026-06-22,22,test,5.426424302372072,0.6716267484064214,0.32837325159357855,0.24295608697467214,0.870835024552488,42.70740000000001,1
ELCAJNGT_7_N001,2026-06-22,23,test,2.616210611966711,0.6526703762061045,0.34732962379389554,0.20181180829726164,0.978846077519706,-42.7766,-1
ELCAJNGT_7_N001,2026-06-22,24,test,5.5859637438229,0.6371575289961026,0.36284247100389744,0.22076201854056984,0.8804570878616779,-104.43480000000001,-1
ELCAJNGT_7_N001,2026-06-23,1,test,3.9367077666590036,0.6431057950312766,0.35689420496872337,0.2128691686391571,0.8724324002031768,24.758000000000003,1
ELCAJNGT_7_N001,2026-06-23,2,test,4.636555294639807,0.6414847922075444,0.3585152077924556,0.21882651865276442,0.8074698850342713,46.98010000000001,1
ELCAJNGT_7_N001,2026-06-23,3,test,3.9367077666590036,0.6344699553269723,0.36553004467302774,0.21241202829894823,0.9075097177886208,0.37349999999999994,1
ELCAJNGT_7_N001,2026-06-23,4,test,4.508120829046681,0.6444217304347669,0.3555782695652331,0.24579719179524095,0.8839107769609437,5.2211,1
ELCAJNGT_7_N001,2026-06-23,5,test,3.6731899286216616,0.6343674312518878,0.36563256874811223,0.2232084581971042,0.8879522662535981,23.985,1
ELCAJNGT_7_N001,2026-06-23,6,test,2.9724820769505698,0.6164101389586627,0.3835898610413373,0.1931848261449761,0.8580806061445329,21.0338,1
ELCAJNGT_7_N001,2026-06-23,7,test,2.7837461989457295,0.6167436394532042,0.3832563605467958,0.1757515775007903,0.9622151120755043,21.436099999999996,1
ELCAJNGT_7_N001,2026-06-23,8,test,3.0183603158680876,0.61887735689301,0.38112264310698996,0.17856541508756513,0.8721081169073531,10.324600000000004,1
ELCAJNGT_7_N001,2026-06-23,9,test,2.1898408718949973,0.5783476172724067,0.4216523827275933,0.11671189998185966,0.8148007176690489,8.994700000000002,1
ELCAJNGT_7_N001,2026-06-23,10,test,3.5846501086664047,0.5561587809659716,0.4438412190340284,0.10182425704995021,0.7386361823673823,14.483200000000004,1
ELCAJNGT_7_N001,2026-06-23,11,test,3.1068282681621344,0.5524019045667962,0.44759809543320384,0.11474187625494905,0.9280599608654753,20.294800000000002,1
ELCAJNGT_7_N001,2026-06-23,12,test,2.20394558283298,0.5462944378344704,0.4537055621655296,0.08701304666298668,0.8668525342965933,22.218099999999996,1
ELCAJNGT_7_N001,2026-06-23,13,test,2.4201943288089,0.5210337775920316,0.4789662224079684,0.0696599204906532,0.888696651439428,18.433600000000002,1
ELCAJNGT_7_N001,2026-06-23,14,test,2.0836458701000935,0.5244235641182662,0.4755764358817338,0.051172170180277254,0.6770740180929401,-25.4942,-1
ELCAJNGT_7_N001,2026-06-23,15,test,2.575623961743792,0.5344053202596352,0.46559467974036484,0.07377463765297904,0.7579604696201647,13.365899999999996,1
ELCAJNGT_7_N001,2026-06-23,16,test,3.207992741503816,0.5326836699063077,0.46731633009369233,0.09338091000696937,0.9708372562378426,16.029199999999996,1
ELCAJNGT_7_N001,2026-06-23,17,test,3.2639965951317893,0.6491749586908643,0.3508250413091357,0.20997141388767168,0.9962569518999472,11.65610000000001,1
ELCAJNGT_7_N001,2026-06-23,18,test,4.412399154944378,0.6382176712959952,0.36178232870400484,0.2009551014636919,0.9952628586821172,51.393100000000004,1
ELCAJNGT_7_N001,2026-06-23,19,test,4.570576843829915,0.6370659399250798,0.36293406007492024,0.20872443283629594,0.9950615229453148,50.122499999999995,1
ELCAJNGT_7_N001,2026-06-23,20,test,5.112711686758002,0.6484323324663066,0.3515676675336934,0.24426577790483292,0.8678391073056088,53.64039999999999,1
ELCAJNGT_7_N001,2026-06-23,21,test,4.115015473344806,0.6425234755764724,0.3574765244235276,0.22187696407285915,0.9793856917199716,-17.58189999999999,-1
ELCAJNGT_7_N001,2026-06-23,22,test,4.963394942584945,0.6529882874122664,0.34701171258773356,0.22408552936071147,0.8844432135071923,40.1185,1
ELCAJNGT_7_N001,2026-06-23,23,test,3.4960599279447915,0.6529882874122664,0.34701171258773356,0.21619335849564286,0.9596835591508339,-18.517399999999995,-1
ELCAJNGT_7_N001,2026-06-23,24,test,5.004021306400777,0.6444157125251774,0.3555842874748226,0.2262621390892324,0.7788748268214041,23.0006,1
ELCAJNGT_7_N001,2026-06-24,1,test,2.8651284353042192,0.669330215220857,0.330669784779143,0.22489221025969058,0.9864439325848332,21.45949999999999,1
ELCAJNGT_7_N001,2026-06-24,2,test,3.282895248811378,0.6748222673941794,0.3251777326058206,0.2303610858071908,0.9486263133911798,-41.26539999999999,-1
ELCAJNGT_7_N001,2026-06-24,3,test,2.7679139671844433,0.6595839810646309,0.3404160189353691,0.22110310248416004,0.921886566431446,-9.328800000000001,-1
ELCAJNGT_7_N001,2026-06-24,4,test,2.8651284353042192,0.6452640136851687,0.3547359863148313,0.21640692063610562,0.9564973200800632,27.5208,1
ELCAJNGT_7_N001,2026-06-24,5,test,2.5187338875088465,0.6343674312518878,0.36563256874811223,0.17807799764604243,0.7614755016880158,26.259,1
ELCAJNGT_7_N001,2026-06-24,6,test,1.3041645779847124,0.6164101389586627,0.3835898610413373,0.1489739293071836,0.8741748653178882,15.607399999999998,1
ELCAJNGT_7_N001,2026-06-24,7,test,0.45567220079224047,0.6107557535492826,0.3892442464507174,0.12030483995934226,0.8150692195875794,12.785499999999999,1
ELCAJNGT_7_N001,2026-06-24,8,test,0.8044399522601641,0.6223779423718457,0.37762205762815426,0.14476866340550845,0.7082948003540012,-66.4733,-1
ELCAJNGT_7_N001,2026-06-24,9,test,2.335412470480702,0.5976208105851449,0.40237918941485507,0.1396069864464754,0.8381004970493962,-0.25610000000000355,-1
ELCAJNGT_7_N001,2026-06-24,10,test,2.435716771460113,0.5771580852554712,0.4228419147445288,0.11672801968967064,0.9312908955229388,-5.091799999999999,-1
ELCAJNGT_7_N001,2026-06-24,11,test,2.435716771460113,0.5492396997564128,0.45076030024358715,0.07919210874606722,0.7266273889970344,7.2164,1
ELCAJNGT_7_N001,2026-06-24,12,test,1.511389911850925,0.5245007703786561,0.47549922962134394,0.04553151367869948,0.8660508752085542,23.573700000000002,1
ELCAJNGT_7_N001,2026-06-24,13,test,2.6390243397877975,0.5311949212368455,0.46880507876315447,0.06069111323012725,0.7650380374470708,20.834000000000003,1
ELCAJNGT_7_N001,2026-06-24,14,test,1.6541230739992125,0.532951524894757,0.46704847510524305,0.05112192712922947,0.7529681922794647,21.4698,1
ELCAJNGT_7_N001,2026-06-24,15,test,2.906388558020924,0.5507804565535042,0.44921954344649584,0.08166461955161672,0.7668386420868563,26.551899999999996,1
ELCAJNGT_7_N001,2026-06-24,16,test,2.580555026109773,0.5259269257374831,0.4740730742625169,0.06382248855721911,0.9494459539940875,-6.186300000000003,-1
ELCAJNGT_7_N001,2026-06-24,17,test,3.7294029524583796,0.568673664446815,0.431326335553185,0.10808418244256862,0.8496000632702905,8.186700000000002,1
ELCAJNGT_7_N001,2026-06-24,18,test,3.7918424580879386,0.6368844817165868,0.36311551828341315,0.174051214305443,0.9593129979056054,30.012599999999992,1
ELCAJNGT_7_N001,2026-06-24,19,test,4.682069558528744,0.6322981579807533,0.3677018420192467,0.18527010115447165,0.9490714732836746,-13.428599999999989,-1
ELCAJNGT_7_N001,2026-06-24,20,test,4.9099237036823284,0.6366573879122888,0.36334261208771124,0.20045520873354533,0.8392408812079947,-26.717799999999997,-1
ELCAJNGT_7_N001,2026-06-24,21,test,4.617452000863148,0.6425234755764724,0.3574765244235276,0.21289218245945035,0.8763857449981655,6.535799999999995,1
ELCAJNGT_7_N001,2026-06-24,22,test,5.317299528843954,0.6457077912346434,0.3542922087653566,0.19936219788708776,0.9049991722814416,21.0852,1
ELCAJNGT_7_N001,2026-06-24,23,test,3.1542588215240586,0.6458089108851852,0.3541910891148148,0.17892904338390253,0.8437515478019386,37.1069,1
ELCAJNGT_7_N001,2026-06-24,24,test,4.171520013589888,0.6388310456577617,0.3611689543422383,0.19408198767626797,0.7791761083292081,41.062799999999996,1
ELCAJNGT_7_N001,2026-06-25,1,test,3.122947854087773,0.6375432448823026,0.36245675511769737,0.1772710821510067,0.87509496620138,23.6747,1
ELCAJNGT_7_N001,2026-06-25,2,test,2.1384128777397047,0.6335195042786492,0.3664804957213508,0.15919681573770378,0.7407584646521203,25.644400000000005,1
ELCAJNGT_7_N001,2026-06-25,3,test,2.932594759602297,0.6251914271938124,0.3748085728061876,0.17759043359196935,0.6832937344026142,24.2111,1
ELCAJNGT_7_N001,2026-06-25,4,test,2.718268308298735,0.6302387577277806,0.3697612422722194,0.17791892019393804,0.7007454117402351,23.8098,1
ELCAJNGT_7_N001,2026-06-25,5,test,2.330518697092054,0.6251914271938124,0.3748085728061876,0.15931822621126157,0.8645394149109947,20.3213,1
ELCAJNGT_7_N001,2026-06-25,6,test,1.7126916864986796,0.6218103737911047,0.3781896262088953,0.14851024626966047,0.8509453932880737,24.136499999999998,1
ELCAJNGT_7_N001,2026-06-25,7,test,0.8394639872281275,0.6121611101397026,0.38783888986029735,0.1269599487493615,0.7534831935872178,8.069400000000002,1
ELCAJNGT_7_N001,2026-06-25,8,test,0.5639405999498142,0.6312405116140803,0.36875948838591965,0.14103907347115568,0.7634382886099758,17.922400000000003,1
ELCAJNGT_7_N001,2026-06-25,9,test,0.9778173337114701,0.6267219696480946,0.37327803035190543,0.14250957804498654,0.7684689638140613,17.731399999999997,1
ELCAJNGT_7_N001,2026-06-25,10,test,1.4072827247101536,0.5889611670745518,0.4110388329254482,0.11006019567109512,0.7330898506086716,-1.9418000000000006,-1
ELCAJNGT_7_N001,2026-06-25,11,test,0.2442693809832281,0.5864133924711837,0.41358660752881626,0.09043906742304983,0.7310793802606322,10.510199999999998,1
ELCAJNGT_7_N001,2026-06-25,12,test,-0.2502306993330332,0.5707980165953602,0.4292019834046398,0.07510711131501109,0.7620203250458598,8.6386,1
ELCAJNGT_7_N001,2026-06-25,13,test,0.12726105091286696,0.5611458560469287,0.4388541439530713,0.06320725463435536,0.7795034565810037,16.4092,1
ELCAJNGT_7_N001,2026-06-25,14,test,0.9072726556411835,0.574376355649621,0.425623644350379,0.09041328009728658,0.6913478276304402,18.2342,1
ELCAJNGT_7_N001,2026-06-25,15,test,0.37990515196753405,0.5687157927401003,0.4312842072598997,0.07501829921048961,0.7488308851522245,16.2681,1
ELCAJNGT_7_N001,2026-06-25,16,test,1.6078740386999397,0.5822061815339344,0.41779381846606556,0.10950957109561082,0.7152720233804558,17.7868,1
ELCAJNGT_7_N001,2026-06-25,17,test,2.0075590708226505,0.612569072085683,0.387430927914317,0.13919326643760108,0.818146102270725,24.941300000000002,1
ELCAJNGT_7_N001,2026-06-25,18,test,3.3309460802069197,0.6083617601612037,0.3916382398387963,0.15301267328432555,0.7729359701877836,-64.40590000000002,-1
ELCAJNGT_7_N001,2026-06-25,19,test,4.55103343122477,0.627127057883769,0.372872942116231,0.19318074583422193,0.7985246901779974,-92.0841,-1
ELCAJNGT_7_N001,2026-06-25,20,test,5.1193167792260805,0.6388715120372755,0.36112848796272445,0.2110926694597247,0.8098531073141474,28.736800000000002,1
ELCAJNGT_7_N001,2026-06-25,21,test,3.8818481983014648,0.6399841566980545,0.36001584330194547,0.20128297213455126,0.7371461941364944,22.134,1
ELCAJNGT_7_N001,2026-06-25,22,test,3.8756181167222015,0.640264924740203,0.359735075259797,0.18132991450033975,0.7557780491023941,11.965200000000003,1
ELCAJNGT_7_N001,2026-06-25,23,test,3.2079375019474896,0.6400442522641661,0.35995574773583394,0.17384428284741943,0.7877758624407807,34.605000000000004,1
ELCAJNGT_7_N001,2026-06-25,24,test,3.9405340011959065,0.6227942326442659,0.3772057673557341,0.17079569873796047,0.8640680127016503,-26.5548,-1
ELCAJNGT_7_N001,2026-06-26,1,test,3.331198385558343,0.6375432448823026,0.36245675511769737,0.20651967939483346,0.7667700452070885,-42.248900000000006,-1
ELCAJNGT_7_N001,2026-06-26,2,test,3.3900121052653662,0.6338444860469054,0.36615551395309465,0.20087641682976567,0.8915579809353045,-26.839700000000008,-1
ELCAJNGT_7_N001,2026-06-26,3,test,3.633063285373867,0.6246040070278059,0.37539599297219406,0.22392462412115055,0.9315001948089304,-56.6044,-1
ELCAJNGT_7_N001,2026-06-26,4,test,2.6667323551393087,0.6323629815614753,0.3676370184385247,0.19228504243106445,0.8243626238186958,14.783199999999997,1
ELCAJNGT_7_N001,2026-06-26,5,test,2.5991329123614073,0.6273275011952761,0.37267249880472386,0.19107293665916264,0.8976979699243687,12.9819,1
ELCAJNGT_7_N001,2026-06-26,6,test,1.9098609135173013,0.630442466940095,0.369557533059905,0.18837856788144972,0.9941241470322775,15.224800000000002,1
ELCAJNGT_7_N001,2026-06-26,7,test,1.9152209487101255,0.6220634113154337,0.37793658868456625,0.1826237980989444,0.8486454414655319,-27.974199999999996,-1
ELCAJNGT_7_N001,2026-06-26,8,test,2.1202422415859195,0.6151671154719519,0.3848328845280481,0.16575788335008557,0.937862141561624,1.871500000000001,1
ELCAJNGT_7_N001,2026-06-26,9,test,2.1789293084037733,0.6274474101859228,0.37255258981407724,0.18886343830296565,0.7493885796942507,7.339500000000001,1
ELCAJNGT_7_N001,2026-06-26,10,test,1.5526825890934917,0.5890119942540711,0.41098800574592886,0.12960159284134204,0.7584414949884595,-12.0369,-1
ELCAJNGT_7_N001,2026-06-26,11,test,1.4935624305565098,0.5770432875486315,0.42295671245136846,0.1354481384727177,0.5983276165407618,-54.126400000000004,-1
ELCAJNGT_7_N001,2026-06-26,12,test,0.26724278585534206,0.5643174078531176,0.43568259214688243,0.0758901959854675,0.6201273451065685,-25.730300000000003,-1
ELCAJNGT_7_N001,2026-06-26,13,test,0.6456749526791595,0.5677421635405153,0.4322578364594847,0.0918664508945502,0.6709058963514573,-65.2886,-1
ELCAJNGT_7_N001,2026-06-26,14,test,1.8537792259561392,0.5712233376583696,0.42877666234163037,0.14053824857483532,0.5879986267883391,5.0486,1
ELCAJNGT_7_N001,2026-06-26,15,test,1.578288477744599,0.5700647151349998,0.4299352848650002,0.12205249639602891,0.6982899174517834,10.6314,1
ELCAJNGT_7_N001,2026-06-26,16,test,0.9212028187259264,0.562314203218109,0.437685796781891,0.08874794488646823,0.941125708496193,18.0121,1
ELCAJNGT_7_N001,2026-06-26,17,test,1.9247542679398808,0.6035769111035999,0.3964230888964001,0.1468441387808733,0.6620735991428894,-13.994600000000005,-1
ELCAJNGT_7_N001,2026-06-26,18,test,3.2626573416966385,0.6013315119700446,0.39866848802995536,0.18700608896262344,0.7488891963595882,-16.107499999999995,-1
ELCAJNGT_7_N001,2026-06-26,19,test,3.4684722824610033,0.627127057883769,0.372872942116231,0.21350613183463946,0.9298844175610167,-2.9772999999999996,-1
ELCAJNGT_7_N001,2026-06-26,20,test,3.75850111812526,0.6413465085938335,0.35865349140616654,0.2549272891031803,0.7534840040655192,30.614799999999995,1
ELCAJNGT_7_N001,2026-06-26,21,test,3.8498794744616935,0.6394400718417065,0.3605599281582935,0.23999803466009764,0.8720767419480274,1.8566999999999965,1
ELCAJNGT_7_N001,2026-06-26,22,test,4.245056780560264,0.6322120883339322,0.36778791166606783,0.21715573493300064,0.8443951202110608,-1.3661999999999992,-1
ELCAJNGT_7_N001,2026-06-26,23,test,3.317783946337397,0.6319893153263844,0.36801068467361564,0.19557962146676017,0.775609193336482,-61.319399999999995,-1
ELCAJNGT_7_N001,2026-06-26,24,test,3.8100871318568528,0.635356824059169,0.36464317594083095,0.2256540137693147,0.843498084364132,-7.828199999999995,-1
ELCAJNGT_7_N001,2026-06-27,1,test,3.870910578939397,0.6286764025781939,0.3713235974218061,0.2230357196454099,0.9128492240308487,19.958199999999998,1
ELCAJNGT_7_N001,2026-06-27,2,test,3.7572278102517163,0.6258529392707879,0.3741470607292121,0.19556494862384924,0.9712224910259607,2.931200000000004,1
ELCAJNGT_7_N001,2026-06-27,3,test,2.4851014476502287,0.6246040070278059,0.37539599297219406,0.1855836359045095,0.9056291280012513,25.9045,1
ELCAJNGT_7_N001,2026-06-27,4,test,2.4054376852123474,0.6244834766770009,0.3755165233229991,0.2063145016712064,0.8795723820901024,-0.5137,-1
ELCAJNGT_7_N001,2026-06-27,5,test,2.8108219375277486,0.6244834766770009,0.3755165233229991,0.2027466686370089,0.9777668756763159,26.381300000000003,1
ELCAJNGT_7_N001,2026-06-27,6,test,2.1616034060392035,0.6298833364806027,0.3701166635193973,0.1954443158305053,0.9609015870158415,28.1563,1
ELCAJNGT_7_N001,2026-06-27,7,test,2.1683250537699705,0.6370260006592902,0.36297399934070984,0.20249292469221153,0.8777467592226842,26.388199999999998,1
ELCAJNGT_7_N001,2026-06-27,8,test,1.434976418846285,0.6107636393772197,0.38923636062278033,0.1489269516218476,0.9697511762808285,-16.512800000000002,-1
ELCAJNGT_7_N001,2026-06-27,9,test,1.609523646343824,0.610688298933403,0.38931170106659696,0.15311029569802986,0.9598877482575077,6.696199999999999,1
ELCAJNGT_7_N001,2026-06-27,10,test,1.2801425987557795,0.5849292309622549,0.4150707690377451,0.12070555662982042,0.7968626972371406,9.389,1
ELCAJNGT_7_N001,2026-06-27,11,test,1.3215361250940578,0.5672076815567754,0.43279231844322463,0.11308085658284267,0.7035644106483127,9.9339,1
ELCAJNGT_7_N001,2026-06-27,12,test,0.4096640011927769,0.5578559934957128,0.4421440065042872,0.07382081870631102,0.7220886858367539,-4.267200000000001,-1
ELCAJNGT_7_N001,2026-06-27,13,test,0.3349280077223672,0.5578559934957128,0.4421440065042872,0.07000625834357235,0.7675391272424679,-7.4895,-1
ELCAJNGT_7_N001,2026-06-27,14,test,1.2468001316236483,0.5578559934957128,0.4421440065042872,0.09779850549467517,0.7394179049300115,-10.776599999999998,-1
ELCAJNGT_7_N001,2026-06-27,15,test,0.3349280077223672,0.570260374245477,0.42973962575452296,0.08172399346151474,0.8425566841814741,-18.2288,-1
ELCAJNGT_7_N001,2026-06-27,16,test,0.4194160034564812,0.5636012819361041,0.43639871806389585,0.07758689754403944,0.8325782621753793,8.505799999999999,1
ELCAJNGT_7_N001,2026-06-27,17,test,1.3151861117549908,0.5939453085573329,0.40605469144266715,0.12561401063246017,0.9813293263515502,13.3535,1
ELCAJNGT_7_N001,2026-06-27,18,test,3.86755234165794,0.5974965206044954,0.40250347939550457,0.1976304031286757,0.7185212378511387,9.447,1
ELCAJNGT_7_N001,2026-06-27,19,test,3.506188080692551,0.6137613239889482,0.3862386760110518,0.22195748835226808,0.7345604837828322,13.488899999999997,1
ELCAJNGT_7_N001,2026-06-27,20,test,4.9202880884871165,0.653213132594261,0.34678686740573905,0.23887807307568526,0.7887051408609348,26.676000000000002,1
ELCAJNGT_7_N001,2026-06-27,21,test,5.284155988294752,0.6405859620911009,0.35941403790889914,0.24244136108933084,0.8856297279103178,7.028199999999998,1
ELCAJNGT_7_N001,2026-06-27,22,test,5.090771237477303,0.6322120883339322,0.36778791166606783,0.22226622265856677,0.9615861635605775,10.802399999999999,1
ELCAJNGT_7_N001,2026-06-27,23,test,2.5248787712880856,0.6415587812248549,0.3584412187751451,0.18572991191125568,0.9067912040443316,25.196800000000003,1
ELCAJNGT_7_N001,2026-06-27,24,test,4.7933265395141005,0.629092371379728,0.37090762862027205,0.23064147828789344,0.9677925027876573,24.0992,1
ELCAJNGT_7_N001,2026-06-28,1,test,3.6125927547849583,0.6195043123511582,0.3804956876488418,0.21178106968268673,0.9565265399161619,20.3745,1
ELCAJNGT_7_N001,2026-06-28,2,test,3.294137523114977,0.6166540829288283,0.3833459170711717,0.20402543245189902,0.8931081326646503,21.4593,1
ELCAJNGT_7_N001,2026-06-28,3,test,3.252069421569293,0.6289844294581095,0.3710155705418905,0.21313889870947894,0.9640538443849112,22.9132,1
ELCAJNGT_7_N001,2026-06-28,4,test,3.0917676451889307,0.6150448621512087,0.3849551378487913,0.2017740234873201,0.9947418866512836,15.014100000000003,1
ELCAJNGT_7_N001,2026-06-28,5,test,3.4478767520854428,0.6245687537188811,0.3754312462811189,0.20598110992366214,0.8795422334211095,11.229600000000001,1
ELCAJNGT_7_N001,2026-06-28,6,test,3.237544586821585,0.6204979663526102,0.37950203364738977,0.2092670352708786,0.9663980347663906,13.216999999999999,1
ELCAJNGT_7_N001,2026-06-28,7,test,3.3532821139021247,0.6174139267719482,0.3825860732280518,0.21100078567257036,0.8538849556911327,-7.763099999999998,-1
ELCAJNGT_7_N001,2026-06-28,8,test,3.63623376447081,0.6053740748737942,0.39462592512620576,0.21562011513530838,0.7296360219299451,11.7252,1
ELCAJNGT_7_N001,2026-06-28,9,test,0.600463002239919,0.5871663211670585,0.41283367883294153,0.11014812177895655,0.7073984191331132,-6.429600000000001,-1
ELCAJNGT_7_N001,2026-06-28,10,test,2.043944448329945,0.5815902674111523,0.4184097325888477,0.15424199676410844,0.5651710902145137,-0.8749,-1
ELCAJNGT_7_N001,2026-06-28,11,test,3.4539375699202757,0.5714020629307048,0.42859793706929517,0.1854418616176296,0.5978770518952767,4.5802000000000005,1
ELCAJNGT_7_N001,2026-06-28,12,test,1.865542746627412,0.5530340776772096,0.4469659223227904,0.12736478804908768,0.5966159064517768,10.3146,1
ELCAJNGT_7_N001,2026-06-28,13,test,3.6019249810442706,0.5533282451952733,0.44667175480472665,0.16864595541439087,0.5933564684580532,11.6798,1
ELCAJNGT_7_N001,2026-06-28,14,test,1.6634839397323258,0.5573945885703986,0.4426054114296014,0.1182025840355072,0.6272800760112852,11.6962,1
ELCAJNGT_7_N001,2026-06-28,15,test,3.2291416795960157,0.5511099825168182,0.4488900174831818,0.1865590585026532,0.4848845139378212,8.8705,1
ELCAJNGT_7_N001,2026-06-28,16,test,3.141773888999961,0.577930371211615,0.42206962878838505,0.20464098970631217,0.5005954615499038,9.3801,1
ELCAJNGT_7_N001,2026-06-28,17,test,3.7822695497949423,0.582940510607241,0.41705948939275905,0.21568438843650425,0.588333832088314,20.1397,1
ELCAJNGT_7_N001,2026-06-28,18,test,4.56677888700479,0.6312243547876496,0.3687756452123504,0.2884300054057204,0.49967804232624524,43.2397,1
ELCAJNGT_7_N001,2026-06-28,19,test,4.719946663569407,0.6254313252327713,0.37456867476722866,0.28530715072355306,0.5376089089672764,23.8775,1
ELCAJNGT_7_N001,2026-06-28,20,test,4.078999639779947,0.6337153700123643,0.36628462998763567,0.24358342316958465,0.7968027970073603,22.6268,1
ELCAJNGT_7_N001,2026-06-28,21,test,3.6504952872959504,0.6278740310436575,0.37212596895634253,0.239575213421103,0.6770381535082187,15.947700000000001,1
ELCAJNGT_7_N001,2026-06-28,22,test,4.3111055867440555,0.6301182407747095,0.36988175922529054,0.22069013022599904,0.7844994533996251,17.5128,1
ELCAJNGT_7_N001,2026-06-28,23,test,2.6434961721703627,0.6286955344532644,0.3713044655467356,0.18452027008383792,0.8814771325359313,21.142599999999998,1
ELCAJNGT_7_N001,2026-06-28,24,test,4.938894438166648,0.621622202823482,0.378377797176518,0.2560411534876528,0.7505680477133803,22.1433,1
ELCAJNGT_7_N001,2026-06-29,1,test,3.9636944216838588,0.6250887743762096,0.3749112256237904,0.2617915738854939,0.561673652382321,12.743500000000001,1
ELCAJNGT_7_N001,2026-06-29,2,test,3.999278948404387,0.6236183457273591,0.3763816542726409,0.22004270424011624,0.9116508065523014,12.4192,1
ELCAJNGT_7_N001,2026-06-29,3,test,3.776700154179989,0.6087201335428196,0.3912798664571804,0.22590382774937928,0.742552501206333,13.0231,1
ELCAJNGT_7_N001,2026-06-29,4,test,3.63452507444471,0.6222456407950326,0.37775435920496736,0.21408645723874647,0.9444330763541653,15.232900000000003,1
ELCAJNGT_7_N001,2026-06-29,5,test,3.1500062290836657,0.6222456407950326,0.37775435920496736,0.2174113523531042,0.8076589910851241,15.6268,1
ELCAJNGT_7_N001,2026-06-29,6,test,3.4978472573366766,0.6400477942422881,0.3599522057577119,0.24250332295447272,0.9862930653878742,18.2817,1
ELCAJNGT_7_N001,2026-06-29,7,test,1.6457170543416912,0.6110446869625656,0.38895531303743436,0.1560983878274812,0.9192922981314963,9.827599999999999,1
ELCAJNGT_7_N001,2026-06-29,8,test,1.1259830757980123,0.5885790928736901,0.41142090712630985,0.1197972732120602,0.9111659986240439,11.21,1
ELCAJNGT_7_N001,2026-06-29,9,test,2.5367223057464865,0.5471463253809659,0.45285367461903414,0.11021942240315087,0.9497049468793324,9.7797,1
ELCAJNGT_7_N001,2026-06-29,10,test,2.22208742423665,0.533893060492096,0.46610693950790405,0.07378326037053859,0.8430047391285814,-52.8035,-1
ELCAJNGT_7_N001,2026-06-29,11,test,1.1787883784238955,0.52264136267729,0.47735863732271,0.05410103311074193,0.9544383270186181,4.2979,1
ELCAJNGT_7_N001,2026-06-29,12,test,0.8595127886569626,0.5234123320043483,0.47658766799565166,0.050565408896493025,0.943215597745349,7.916,1
ELCAJNGT_7_N001,2026-06-29,13,test,1.388993023242566,0.5258818010253177,0.4741181989746823,0.07402715817510774,0.7811411848697775,9.3915,1
ELCAJNGT_7_N001,2026-06-29,14,test,0.46566294737677094,0.5174487079305777,0.48255129206942227,0.035833872605889834,0.7583755203918718,11.0903,1
ELCAJNGT_7_N001,2026-06-29,15,test,0.26659987599029755,0.5227984098978303,0.47720159010216967,0.03247486061746229,0.7839097608904754,15.0779,1
ELCAJNGT_7_N001,2026-06-29,16,test,0.9071586762753018,0.5413279969804199,0.4586720030195801,0.073557028144797,0.748710602595945,22.2785,1
ELCAJNGT_7_N001,2026-06-29,17,test,1.658938215917386,0.5881563874242632,0.41184361257573676,0.13647604023458795,0.8344622294911682,37.3479,1
ELCAJNGT_7_N001,2026-06-29,18,test,3.568178978546692,0.6045280874857906,0.39547191251420943,0.20039908144074134,0.6527825909320364,43.6225,1
ELCAJNGT_7_N001,2026-06-29,19,test,4.152170544930241,0.6231158413629045,0.37688415863709546,0.23902372687114226,0.7001737405628125,24.665599999999998,1
ELCAJNGT_7_N001,2026-06-29,20,test,4.579883172235498,0.6422158679670105,0.35778413203298953,0.25141707246355405,0.8990179217496286,-9.8808,-1
ELCAJNGT_7_N001,2026-06-29,21,test,4.447889361057043,0.6465020823586953,0.35349791764130467,0.2806993840653629,0.7449910272122926,1.921999999999997,1
ELCAJNGT_7_N001,2026-06-29,22,test,4.646599755462938,0.638188193711555,0.361811806288445,0.24152882577885615,0.8705347562059667,20.7535,1
ELCAJNGT_7_N001,2026-06-29,23,test,4.424400524266217,0.6248893984059904,0.37511060159400955,0.21984970227656014,0.9832077995592181,-26.6064,-1
ELCAJNGT_7_N001,2026-06-29,24,test,5.025036620524677,0.6323351499322835,0.36766485006771654,0.2488926168787215,0.8581066952044968,21.556500000000003,1
ELCAJNGT_7_N001,2026-06-30,1,test,3.8790022198720204,0.623639436346485,0.376360563653515,0.22265805212393638,0.6655193340111718,12.187000000000001,1
ELCAJNGT_7_N001,2026-06-30,2,test,3.7749954707921525,0.6237600743903188,0.3762399256096812,0.2105686356589173,0.7095589270645265,7.557699999999997,1
ELCAJNGT_7_N001,2026-06-30,3,test,3.8790022198720204,0.6316156776370562,0.36838432236294383,0.23524256077688005,0.6912597537016019,10.5109,1
ELCAJNGT_7_N001,2026-06-30,4,test,3.6139075665883333,0.624383554101721,0.375616445898279,0.24983483840606688,0.5112493378142245,9.470000000000002,1
ELCAJNGT_7_N001,2026-06-30,5,test,3.8063029490189737,0.624383554101721,0.375616445898279,0.21149159251666194,0.8757799976207035,17.5036,1
ELCAJNGT_7_N001,2026-06-30,6,test,3.9702018125572516,0.637116812252705,0.362883187747295,0.21987259996423641,0.9996475836155688,18.0207,1
ELCAJNGT_7_N001,2026-06-30,7,test,2.516213580657778,0.612482985395604,0.387517014604396,0.18976231935788096,0.9045204813121536,18.622400000000003,1
ELCAJNGT_7_N001,2026-06-30,8,test,2.239503470910684,0.5673032973199088,0.4326967026800912,0.1156004674438734,0.8141636672424171,21.5552,1
ELCAJNGT_7_N001,2026-06-30,9,test,2.1233585124363854,0.5600947799423823,0.4399052200576177,0.11082331382473512,0.8302663741370362,18.4039,1
ELCAJNGT_7_N001,2026-06-30,10,test,1.3282950955419408,0.5432577417316193,0.45674225826838066,0.07769052477611055,0.8509180133880219,23.2552,1
ELCAJNGT_7_N001,2026-06-30,11,test,1.011803251360742,0.5384901166939278,0.46150988330607223,0.0685615604058382,0.8967060135226828,9.4156,1
ELCAJNGT_7_N001,2026-06-30,12,test,1.065769657150958,0.535669334647084,0.464330665352916,0.06284911767851933,0.9997050772776455,2.426099999999999,1
ELCAJNGT_7_N001,2026-06-30,13,test,1.9969109643913159,0.5473000318246236,0.4526999681753764,0.0908811019606029,0.8401292814301262,6.7588,1
ELCAJNGT_7_N001,2026-06-30,14,test,1.1658357249723998,0.5351543657089083,0.4648456342910917,0.06093388812908336,0.8443249799685352,3.9792999999999994,1
ELCAJNGT_7_N001,2026-06-30,15,test,0.9370672578903324,0.5387108733556151,0.46128912664438493,0.059146914630933994,0.9409377562415568,14.691799999999999,1
ELCAJNGT_7_N001,2026-06-30,16,test,1.1239439986466953,0.5144304770594996,0.4855695229405004,0.042382679072717123,0.853645550257909,12.6223,1
ELCAJNGT_7_N001,2026-06-30,17,test,1.6756033175984324,0.55943093545041,0.44056906454959,0.0876681000517183,0.8732522816127324,12.6641,1
ELCAJNGT_7_N001,2026-06-30,18,test,2.952128380541768,0.6038901067739827,0.3961098932260173,0.16192923469666196,0.7454430479025077,-20.1804,-1
ELCAJNGT_7_N001,2026-06-30,19,test,3.9089878167454657,0.6150336470437804,0.3849663529562196,0.20054320053978636,0.817625709616721,-0.5510000000000019,-1
ELCAJNGT_7_N001,2026-06-30,20,test,4.285382350148584,0.6351796942779743,0.36482030572202573,0.20884380653914586,0.9442439251711063,7.780200000000001,1
ELCAJNGT_7_N001,2026-06-30,21,test,4.015898736674288,0.6325485835551379,0.3674514164448621,0.20782271158696394,0.9937104466296645,-6.3984999999999985,-1
ELCAJNGT_7_N001,2026-06-30,22,test,4.176839252927331,0.6303199318895895,0.36968006811041054,0.21730209219136748,0.8082803935965288,-15.0317,-1
ELCAJNGT_7_N001,2026-06-30,23,test,3.6917527722394183,0.6304396975160917,0.36956030248390825,0.1670757190936244,0.7092430573276053,19.6906,1
ELCAJNGT_7_N001,2026-06-30,24,test,4.446322866401628,0.6318992070405698,0.3681007929594302,0.20627040244488598,0.9002537458685721,20.6743,1
ELCAJNGT_7_N001,2026-07-01,1,test,2.5977246809647982,0.6395499748472033,0.36045002515279667,0.18060207533053363,0.5538807593015233,11.7039,1
ELCAJNGT_7_N001,2026-07-01,2,test,2.250631602368651,0.648813775281931,0.35118622471806904,0.18060319385090184,0.5748707922579693,13.3426,1
ELCAJNGT_7_N001,2026-07-01,3,test,2.3422217304301687,0.6230420718601251,0.37695792813987494,0.16565778174548063,0.5806394614378632,13.978599999999998,1
ELCAJNGT_7_N001,2026-07-01,4,test,0.7200480026080157,0.6005964620631634,0.3994035379368366,0.12631710042594435,0.8155841404666978,11.2438,1
ELCAJNGT_7_N001,2026-07-01,5,test,0.5553802566655476,0.5943513182345503,0.40564868176544966,0.11288917057281697,0.9386712265873627,13.6571,1
ELCAJNGT_7_N001,2026-07-01,6,test,0.5361225052391169,0.6076647280101986,0.39233527198980145,0.1261003035218119,0.9162962939074385,8.343799999999998,1
ELCAJNGT_7_N001,2026-07-01,7,test,0.20419661389763652,0.5958695174667863,0.4041304825332137,0.1031552509999653,0.7983908508924317,-29.8734,-1
ELCAJNGT_7_N001,2026-07-01,8,test,0.20419661389763652,0.5738422273176984,0.4261577726823016,0.07760914611313086,0.5966946566447492,-13.093299999999992,-1
ELCAJNGT_7_N001,2026-07-01,9,test,0.464119972907055,0.570517774478288,0.429482225521712,0.08362513349240148,0.7397389450876122,-16.4824,-1
ELCAJNGT_7_N001,2026-07-01,10,test,2.501228962822684,0.5552615342143474,0.44473846578565257,0.08670896282111375,0.7036731280922475,-18.538800000000002,-1
ELCAJNGT_7_N001,2026-07-01,11,test,-0.20084705327671074,0.5282197426685695,0.4717802573314305,0.031651089440126234,0.5776051514656985,0.5,1
ELCAJNGT_7_N001,2026-07-01,12,test,-0.37025794723554883,0.5248340901526869,0.4751659098473131,0.03503583244228907,0.7289912783993666,-21.305699999999998,-1
ELCAJNGT_7_N001,2026-07-01,13,test,0.06322394721890237,0.5282197426685695,0.4717802573314305,0.029256095586410666,0.6049141456504129,-18.109600000000004,-1
ELCAJNGT_7_N001,2026-07-01,14,test,0.06322394721890237,0.5298470605361476,0.4701529394638524,0.030863269105362072,0.6167197087569787,-13.746300000000005,-1
ELCAJNGT_7_N001,2026-07-01,15,test,0.15974170191868514,0.5264626169682899,0.4735373830317101,0.028931016839716123,0.6499155062085025,2.9151999999999987,1
ELCAJNGT_7_N001,2026-07-01,16,test,0.45518152491887737,0.526581178273399,0.473418821726601,0.03515686729462558,0.8713207514543314,-11.376400000000004,-1
ELCAJNGT_7_N001,2026-07-01,17,test,1.2534920975229724,0.5906621633613178,0.4093378366386822,0.10475480758158542,0.7209751702832246,-6.845400000000005,-1
ELCAJNGT_7_N001,2026-07-01,18,test,3.056084486002727,0.6571898932846192,0.3428101067153808,0.19871540262280996,0.5717787112425262,2.7105999999999995,1
ELCAJNGT_7_N001,2026-07-01,19,test,3.5643669578530046,0.6403377901558489,0.3596622098441511,0.1961417924659642,0.5448090330751311,-60.104299999999995,-1
ELCAJNGT_7_N001,2026-07-01,20,test,4.443018322372759,0.6587655750617041,0.3412344249382959,0.22094593346994018,0.6023127178481381,-61.68900000000001,-1
ELCAJNGT_7_N001,2026-07-01,21,test,3.15659906807199,0.6423157506545804,0.35768424934541965,0.22967458799584162,0.6188228684070345,9.864700000000003,1
ELCAJNGT_7_N001,2026-07-01,22,test,3.5643669578530046,0.6453694443816644,0.35463055561833556,0.20864442105441305,0.5810609146068324,7.573599999999999,1
ELCAJNGT_7_N001,2026-07-01,23,test,3.7567505211696974,0.6391060558889338,0.36089394411106623,0.1787658589915546,0.6390310664397632,15.105999999999998,1
ELCAJNGT_7_N001,2026-07-01,24,test,3.5643669578530046,0.6453694443816644,0.35463055561833556,0.19625968842265448,0.580191900298032,11.102799999999998,1
ELCAJNGT_7_N001,2026-07-02,1,test,3.00500323441708,0.6250920806166331,0.37490791938336687,0.20761279406902095,0.9552335261820846,5.412099999999999,1
ELCAJNGT_7_N001,2026-07-02,2,test,2.4356445954069588,0.5947618131455935,0.4052381868544065,0.17557998470785036,0.8848453913349912,-4.4580000000000055,-1
ELCAJNGT_7_N001,2026-07-02,3,test,1.9444528455967969,0.5787579826831232,0.4212420173168768,0.14241020091981288,0.9675915817501685,-4.418700000000001,-1
ELCAJNGT_7_N001,2026-07-02,4,test,1.5646246031305948,0.5846726130010407,0.4153273869989593,0.1277643039779675,0.8394343697887305,9.9604,1
ELCAJNGT_7_N001,2026-07-02,5,test,1.4892600563502971,0.5846726130010407,0.4153273869989593,0.12636518192119628,0.8045668273677242,9.2985,1
ELCAJNGT_7_N001,2026-07-02,6,test,1.8250757074703023,0.5909418635747204,0.40905813642527955,0.14225748391279458,0.8033895191497934,8.361000000000004,1
ELCAJNGT_7_N001,2026-07-02,7,test,1.2765204500260874,0.5877232311145509,0.41227676888544906,0.12648249810538015,0.9409473666335734,12.5278,1
ELCAJNGT_7_N001,2026-07-02,8,test,0.8911606518361007,0.5711494572808528,0.42885054271914724,0.10460762877224723,0.860277170383812,-11.363399999999999,-1
ELCAJNGT_7_N001,2026-07-02,9,test,0.8592514784865025,0.5617033806442703,0.4382966193557297,0.08457519032396925,0.8278195742502675,5.6622,1
ELCAJNGT_7_N001,2026-07-02,10,test,1.3266349984997687,0.5469837093812467,0.45301629061875326,0.09041481785192759,0.8353565008926482,1.3194,1
ELCAJNGT_7_N001,2026-07-02,11,test,0.06300655256635813,0.535669334647084,0.464330665352916,0.038234103607740495,0.8395238018338577,-19.0496,-1
ELCAJNGT_7_N001,2026-07-02,12,test,-0.27098750746032674,0.5286364828263665,0.47136351717363345,0.040192352672529026,0.8347606188525055,-19.9416,-1
ELCAJNGT_7_N001,2026-07-02,13,test,-0.011729440904051536,0.5286364828263665,0.47136351717363345,0.029141553750416677,0.8136788326107635,-0.4302999999999999,-1
ELCAJNGT_7_N001,2026-07-02,14,test,-0.34572350093073645,0.5310255786601714,0.4689744213398286,0.04437902253981965,0.9066391808279928,-1.0366999999999997,-1
ELCAJNGT_7_N001,2026-07-02,15,test,-0.02386247901702685,0.5380539335587362,0.4619460664412638,0.03879339942118352,0.9059786391877087,4.164,1
ELCAJNGT_7_N001,2026-07-02,16,test,-0.04077356004617667,0.5218282472672767,0.4781717527327233,0.023527156048852655,0.8753684043308292,5.3271,1
ELCAJNGT_7_N001,2026-07-02,17,test,0.6411374515762863,0.5777035268749918,0.4222964731250082,0.09541772306938986,0.9871914939531365,-34.8955,-1
ELCAJNGT_7_N001,2026-07-02,18,test,3.3292641777210648,0.6023894213838505,0.39761057861614946,0.2054852747780287,0.7248696660274073,11.206,1
ELCAJNGT_7_N001,2026-07-02,19,test,4.5850323142335965,0.6131035735673445,0.38689642643265554,0.27389837306474796,0.6418418728367364,-17.654399999999995,-1
ELCAJNGT_7_N001,2026-07-02,20,test,4.648777074385216,0.6388236184148237,0.3611763815851763,0.2759076231526604,0.8227617240351492,-51.449,-1
ELCAJNGT_7_N001,2026-07-02,21,test,5.096978906704649,0.6413339099493539,0.3586660900506461,0.31782821749319046,0.6590566820281296,10.5592,1
ELCAJNGT_7_N001,2026-07-02,22,test,5.112701341860521,0.6303199318895895,0.36968006811041054,0.24542042800706415,0.9363675341877699,5.447399999999998,1
ELCAJNGT_7_N001,2026-07-02,23,test,3.87802127744804,0.6344584055803235,0.3655415944196765,0.23691497542849643,0.9858607671922136,9.5319,1
ELCAJNGT_7_N001,2026-07-02,24,test,4.63259137161025,0.6439998335126192,0.35600016648738075,0.27139341350130136,0.9613803128296693,7.8134000000000015,1
ELCAJNGT_7_N001,2026-07-03,1,test,2.242056244776205,0.5859490240650926,0.41405097593490736,0.14014096227257014,0.9937196311888841,13.919999999999998,1
ELCAJNGT_7_N001,2026-07-03,2,test,2.0098954047132587,0.59416525762789,0.40583474237211004,0.14360413589480264,0.8561993148415084,9.026699999999998,1
ELCAJNGT_7_N001,2026-07-03,3,test,1.7050278399293994,0.5880094491780575,0.41199055082194247,0.13361427758233388,0.9269324743259545,7.140499999999999,1
ELCAJNGT_7_N001,2026-07-03,4,test,1.7432663713985705,0.5880094491780575,0.41199055082194247,0.13753373075251274,0.9502110015385998,8.883500000000002,1
ELCAJNGT_7_N001,2026-07-03,5,test,1.9747550794268918,0.5833167505337382,0.4166832494662618,0.13784854571621255,0.9258657289817704,10.2671,1
ELCAJNGT_7_N001,2026-07-03,6,test,1.8827568018073417,0.5838278083434059,0.41617219165659414,0.1370687108214608,0.9655199642436799,11.721,1
ELCAJNGT_7_N001,2026-07-03,7,test,2.2526792851237647,0.564243901324648,0.43575609867535203,0.1187304221251574,0.9493867202756496,11.2586,1
ELCAJNGT_7_N001,2026-07-03,8,test,2.8959998089481855,0.5645319889764969,0.4354680110235031,0.13714515068498145,0.9732670842816594,-25.739,-1
ELCAJNGT_7_N001,2026-07-03,9,test,2.9596538477325267,0.5611914238163186,0.4388085761836814,0.12452124228740102,0.834724913562452,-0.5176999999999996,-1
ELCAJNGT_7_N001,2026-07-03,10,test,2.556858239015882,0.5597344864660343,0.4402655135339657,0.11436249823006456,0.9488862332434049,-1.4321000000000002,-1
ELCAJNGT_7_N001,2026-07-03,11,test,0.94285415036421,0.5463858912672133,0.45361410873278674,0.06696708460264884,0.8970557084132595,2.8009000000000004,1
ELCAJNGT_7_N001,2026-07-03,12,test,1.2673667848824273,0.532280084960203,0.46771991503979704,0.06047487595196284,0.9461694297802241,1.8280000000000003,1
ELCAJNGT_7_N001,2026-07-03,13,test,1.4456115108382777,0.5306470093540575,0.4693529906459425,0.06325200413759308,0.8464121959374347,-1.1759999999999993,-1
ELCAJNGT_7_N001,2026-07-03,14,test,1.035590485069245,0.5331482235978698,0.46685177640213016,0.05690942317830711,0.9413496271022717,-0.9439000000000002,-1
ELCAJNGT_7_N001,2026-07-03,15,test,1.4010480832199015,0.5355345435330765,0.4644654564669235,0.06959431210003178,0.8692567036836206,-1.4407000000000005,-1
ELCAJNGT_7_N001,2026-07-03,16,test,1.3482449275872348,0.5307929562216691,0.4692070437783309,0.0662452248147244,0.9932000075025162,0.6358999999999995,1
ELCAJNGT_7_N001,2026-07-03,17,test,2.393268530913686,0.5638502744951606,0.43614972550483944,0.11562236451611768,0.9451000528584285,8.143699999999999,1
ELCAJNGT_7_N001,2026-07-03,18,test,3.137624193474664,0.5885901369685606,0.41140986303143945,0.1729450002740116,0.8554246687420466,20.6166,1
ELCAJNGT_7_N001,2026-07-03,19,test,4.294066805553162,0.5971653548765745,0.4028346451234255,0.17711117501367177,0.9604077718629521,15.6665,1
ELCAJNGT_7_N001,2026-07-03,20,test,4.713190342095191,0.6270002394996913,0.3729997605003087,0.22017456089288845,0.9788033096432874,13.089700000000004,1
ELCAJNGT_7_N001,2026-07-03,21,test,4.744944156807733,0.6348103576551603,0.36518964234483975,0.24673163477510285,0.9091233448525602,14.079499999999996,1
ELCAJNGT_7_N001,2026-07-03,22,test,4.558735608817699,0.6274104616863192,0.3725895383136808,0.2423994799738326,0.8333594858058083,14.1785,1
ELCAJNGT_7_N001,2026-07-03,23,test,3.6154296366506493,0.6335805371170912,0.36641946288290883,0.22385970984594605,0.9507098917494619,-1.2347000000000037,-1
ELCAJNGT_7_N001,2026-07-03,24,test,4.375361063097761,0.6015043665913525,0.39849563340864746,0.20410946733330348,0.8935581520202768,12.437700000000003,1
ELCAJNGT_7_N001,2026-07-04,1,test,2.7393447389817904,0.5861973948092586,0.4138026051907414,0.17856520825715447,0.787467894228161,3.249600000000001,1
ELCAJNGT_7_N001,2026-07-04,2,test,2.8039223997742964,0.5653804510096838,0.4346195489903162,0.1455652137830586,0.7635119107696369,-4.425399999999996,-1
ELCAJNGT_7_N001,2026-07-04,3,test,2.447515383884887,0.5653804510096838,0.4346195489903162,0.14434546801099224,0.8602595204280845,2.838000000000001,1
ELCAJNGT_7_N001,2026-07-04,4,test,2.4543076648449786,0.588064737408355,0.41193526259164504,0.17479514527882256,0.9310148742806278,4.8323,1
ELCAJNGT_7_N001,2026-07-04,5,test,2.4925461963141498,0.5824435097141502,0.41755649028584985,0.1621027195507448,0.9569827415256055,8.1522,1
ELCAJNGT_7_N001,2026-07-04,6,test,2.4543076648449786,0.5784497665781195,0.42155023342188047,0.1465096587174503,0.8452205641321872,7.107399999999998,1
ELCAJNGT_7_N001,2026-07-04,7,test,2.4312568021432126,0.5700427283744073,0.4299572716255927,0.13677363466382508,0.96221808306948,1.216700000000003,1
ELCAJNGT_7_N001,2026-07-04,8,test,1.2441783318212118,0.6062988734550112,0.3937011265449888,0.15174254758342193,0.8182140081548848,-5.1038000000000014,-1
ELCAJNGT_7_N001,2026-07-04,9,test,1.4094610456958494,0.5919182331435187,0.40808176685648134,0.14254173979226265,0.8359132794443073,-43.993500000000004,-1
ELCAJNGT_7_N001,2026-07-04,10,test,0.6156142431463637,0.552061021567766,0.44793897843223396,0.07374223531329954,0.7221015993257485,-0.7586999999999993,-1
ELCAJNGT_7_N001,2026-07-04,11,test,-0.4478208916954193,0.5457881927620344,0.4542118072379656,0.0611340769430212,0.8097554142169707,-40.4132,-1
ELCAJNGT_7_N001,2026-07-04,12,test,-0.13986900396270993,0.5136735958231224,0.48632640417687756,0.018196454801599954,0.9506331475175439,2.3473999999999986,1
ELCAJNGT_7_N001,2026-07-04,13,test,-0.16789205176783584,0.5142803277836077,0.48571967221639234,0.01971449425841359,0.9253266078577139,4.9095,1
ELCAJNGT_7_N001,2026-07-04,14,test,0.1709980657131836,0.5171875246473558,0.48281247535264415,0.023398951092343724,0.9223668866918711,6.657,1
ELCAJNGT_7_N001,2026-07-04,15,test,0.33981836678288235,0.5338064492138924,0.4661935507861076,0.04728817660551529,0.822545831691048,4.834299999999999,1
ELCAJNGT_7_N001,2026-07-04,16,test,0.5282334836518381,0.5463146193360281,0.4536853806639719,0.06644510999341,0.8446063942930547,4.020699999999998,1
ELCAJNGT_7_N001,2026-07-04,17,test,1.4729039251925065,0.5698597329548847,0.4301402670451153,0.13084873106529413,0.6768031810274318,7.311999999999998,1
ELCAJNGT_7_N001,2026-07-04,18,test,3.7076435979219506,0.576728838215491,0.42327116178450896,0.20523028129172033,0.670557922682743,-95.33370000000001,-1
ELCAJNGT_7_N001,2026-07-04,19,test,2.59768786520676,0.5776863635809736,0.4223136364190264,0.15213496760776207,0.9369732481365625,-3.0749000000000066,-1
ELCAJNGT_7_N001,2026-07-04,20,test,3.9305421856435747,0.6284351553140213,0.3715648446859787,0.22317468607351032,0.9456621880197065,1.6011999999999986,1
ELCAJNGT_7_N001,2026-07-04,21,test,4.768191069027774,0.6240532366233671,0.3759467633766329,0.2635089573457965,0.8620385440628622,8.844600000000003,1
ELCAJNGT_7_N001,2026-07-04,22,test,3.979393547196636,0.6173603663476955,0.38263963365230447,0.21188403030637495,0.7477977170246803,6.303599999999999,1
ELCAJNGT_7_N001,2026-07-04,23,test,3.709044541298113,0.6169149583492439,0.3830850416507561,0.20780022189865793,0.7042319028943225,7.620100000000004,1
ELCAJNGT_7_N001,2026-07-04,24,test,3.514117638958065,0.6034915160552959,0.39650848394470406,0.23821832802378803,0.643365457330077,5.729700000000001,1
ELCAJNGT_7_N001,2026-07-05,1,test,2.55069883867679,0.5951268648630236,0.4048731351369764,0.17224139419375345,0.8977315028173559,0.09309999999999974,1
ELCAJNGT_7_N001,2026-07-05,2,test,2.71906312515539,0.5761095781652765,0.4238904218347235,0.15492482279593267,0.9142954100504577,2.6717000000000013,1
ELCAJNGT_7_N001,2026-07-05,3,test,2.71906312515539,0.5915398065631229,0.4084601934368771,0.17042961864520512,0.9356310436089665,5.114300000000004,1
ELCAJNGT_7_N001,2026-07-05,4,test,1.9940374141286374,0.5852082973814355,0.41479170261856446,0.15531038001975012,0.9368964374454505,4.331699999999998,1
ELCAJNGT_7_N001,2026-07-05,5,test,1.9984467239930848,0.5824435097141502,0.41755649028584985,0.14165042629073785,0.8229485780962678,4.574300000000001,1
ELCAJNGT_7_N001,2026-07-05,6,test,1.8012700968737223,0.5727926494961919,0.4272073505038081,0.10899809598316565,0.6705852862801247,6.197499999999998,1
ELCAJNGT_7_N001,2026-07-05,7,test,1.0223372632553345,0.5877113719180603,0.41228862808193967,0.11186947492237763,0.7773500680199669,-5.084600000000002,-1
ELCAJNGT_7_N001,2026-07-05,8,test,1.4215811442912816,0.5467040089158761,0.4532959910841239,0.08414058977139846,0.8172962086766019,-7.290900000000001,-1
ELCAJNGT_7_N001,2026-07-05,9,test,0.8295580753574706,0.5371988443814255,0.4628011556185745,0.06241191087796415,0.8867431214798426,-3.8941999999999997,-1
ELCAJNGT_7_N001,2026-07-05,10,test,-0.026085504922754462,0.5251519828614679,0.4748480171385321,0.025961590452132803,0.9974777765672452,3.6308000000000007,1
ELCAJNGT_7_N001,2026-07-05,11,test,0.3029284257613882,0.5179710863124506,0.4820289136875494,0.02723415961628648,0.8777705496936234,-3.0833999999999993,-1
ELCAJNGT_7_N001,2026-07-05,12,test,0.03431263607347531,0.5079596571076263,0.49204034289237375,0.00896001829257598,0.8014507735996218,-15.4725,-1
ELCAJNGT_7_N001,2026-07-05,13,test,-0.12763614856101987,0.5143988144333417,0.4856011855666583,0.017451086181028534,0.7381841254126639,-40.2153,-1
ELCAJNGT_7_N001,2026-07-05,14,test,-0.16757719721082812,0.515269917983827,0.48473008201617296,0.019321403487445085,0.7286865018046447,-46.7038,-1
ELCAJNGT_7_N001,2026-07-05,15,test,-0.21776609419488427,0.5052559730529205,0.49474402694707953,0.010571111003507116,0.7407779840001774,-55.83410000000001,-1
ELCAJNGT_7_N001,2026-07-05,16,test,-0.19877643069532377,0.5083087347936934,0.49169126520630657,0.013493204970323743,0.7786599973716581,-38.0779,-1
ELCAJNGT_7_N001,2026-07-05,17,test,0.8382966850675566,0.5388067473018657,0.46119325269813427,0.057084409529168226,0.7435278059637662,-55.742000000000004,-1
ELCAJNGT_7_N001,2026-07-05,18,test,1.6399863085892366,0.5710400431431043,0.4289599568568957,0.11259484518666651,0.8501623676273078,3.7387999999999977,1
ELCAJNGT_7_N001,2026-07-05,19,test,2.2465253417839284,0.5957086214814793,0.4042913785185207,0.1476234938094498,0.8121113295142953,-47.7562,-1
ELCAJNGT_7_N001,2026-07-05,20,test,2.5364331770323125,0.6054994287541503,0.3945005712458497,0.1753940586393485,0.9422756492252184,6.7094999999999985,1
ELCAJNGT_7_N001,2026-07-05,21,test,2.322280381632218,0.625446522711781,0.37455347728821897,0.2096323853903246,0.8395336635461809,-0.16170000000000329,-1
ELCAJNGT_7_N001,2026-07-05,22,test,2.2187282200252665,0.6046545751648187,0.3953454248351813,0.15550370840135658,0.8613633071173861,-0.2989000000000033,-1
ELCAJNGT_7_N001,2026-07-05,23,test,-0.10075675274280323,0.6222991213660662,0.37770087863393376,0.12526504482370182,0.7466301489841157,3.2080000000000055,1
ELCAJNGT_7_N001,2026-07-05,24,test,2.128041383833631,0.5937015845068634,0.4062984154931366,0.15777005215476625,0.8769281254121349,2.4423999999999992,1
ELCAJNGT_7_N001,2026-07-06,1,test,1.662743165008003,0.5940828408298406,0.40591715917015936,0.14038414898400492,0.9618779241119988,10.405899999999999,1
ELCAJNGT_7_N001,2026-07-06,2,test,2.263005172220758,0.5882125503248373,0.4117874496751627,0.13865012512759123,0.774803247427498,-32.4392,-1
ELCAJNGT_7_N001,2026-07-06,3,test,1.737476289902219,0.5869754527447171,0.4130245472552829,0.11956468007607968,0.7079714500310467,-17.178000000000004,-1
ELCAJNGT_7_N001,2026-07-06,4,test,1.5653583682501797,0.5799927963686804,0.4200072036313196,0.11036493841844638,0.699335956344795,7.818999999999999,1
ELCAJNGT_7_N001,2026-07-06,5,test,1.3959329148807844,0.5783943594685447,0.42160564053145533,0.10546253884352769,0.6972243302248797,-10.404000000000003,-1
ELCAJNGT_7_N001,2026-07-06,6,test,1.3790218338516345,0.5595536983523316,0.4404463016476684,0.08397195554040365,0.6724336450970977,7.936499999999999,1
ELCAJNGT_7_N001,2026-07-06,7,test,1.0974972795757207,0.5547193851046345,0.4452806148953655,0.07600276582304893,0.81766980472414,10.258399999999998,1
ELCAJNGT_7_N001,2026-07-06,8,test,0.41724597962986365,0.5566790807279515,0.44332091927204853,0.06309097204094626,0.8430209189168916,5.5291999999999994,1
ELCAJNGT_7_N001,2026-07-06,9,test,1.0746166831895492,0.5446000793745477,0.4553999206254523,0.059456469500654634,0.810111432639843,12.9104,1
ELCAJNGT_7_N001,2026-07-06,10,test,0.4198871767432579,0.5256816773354406,0.4743183226645594,0.031850490691437625,0.8476159773918783,12.9074,1
ELCAJNGT_7_N001,2026-07-06,11,test,-0.49184489077027427,0.5175938744368112,0.48240612556318885,0.02600056929524941,0.9167025449912988,15.9849,1
ELCAJNGT_7_N001,2026-07-06,12,test,0.12072212270029835,0.5032365805643866,0.4967634194356134,0.005201008737542385,0.8010766816615871,2.6118000000000023,1
ELCAJNGT_7_N001,2026-07-06,13,test,-0.26622428610972904,0.5208923880233755,0.47910761197662455,0.02464191574411965,0.7559972390442741,-61.5268,-1
ELCAJNGT_7_N001,2026-07-06,14,test,-0.3575494887384404,0.5108843388548505,0.4891156611451495,0.01634567242868457,0.7812467235048056,-0.6953999999999994,-1
ELCAJNGT_7_N001,2026-07-06,15,test,-0.15222329084033492,0.5009731005561783,0.4990268994438217,0.0033250577907411403,0.7678131309005468,-32.3162,-1
ELCAJNGT_7_N001,2026-07-06,16,test,-0.15222329084033492,0.49991201898941406,0.5000879810105859,0.002667511931123933,0.8360827385714221,-60.068599999999996,-1
ELCAJNGT_7_N001,2026-07-06,17,test,0.6180526004326292,0.5441646670026581,0.4558353329973419,0.05492714821009207,0.9804976060196819,-15.084200000000003,-1
ELCAJNGT_7_N001,2026-07-06,18,test,3.3495604270541097,0.5903615693263304,0.40963843067366956,0.13905377824040244,0.9225432218689498,-10.645300000000006,-1
ELCAJNGT_7_N001,2026-07-06,19,test,2.784957582903295,0.5958809300680216,0.40411906993197844,0.14093868347305166,0.9871321112658944,32.456300000000006,1
ELCAJNGT_7_N001,2026-07-06,20,test,2.839340246380265,0.6105949017820183,0.38940509821798175,0.15725077217863892,0.9673929661057314,11.723199999999999,1
ELCAJNGT_7_N001,2026-07-06,21,test,2.9743734599307365,0.612991888968448,0.38700811103155197,0.17487420821799818,0.9211534731891059,-13.589100000000002,-1
ELCAJNGT_7_N001,2026-07-06,22,test,2.716707789932671,0.6001377086370641,0.39986229136293594,0.15929246648463896,0.8163595881520057,-187.99280000000002,-1
ELCAJNGT_7_N001,2026-07-06,23,test,2.1141305823312586,0.6222621510816387,0.37773784891836126,0.16647891924187733,0.8769613206431481,10.134599999999999,1
ELCAJNGT_7_N001,2026-07-06,24,test,2.716707789932671,0.6141256185956244,0.3858743814043756,0.17951639482126935,0.9197952488497276,-234.08159999999998,-1
ELCAJNGT_7_N001,2026-07-07,1,test,2.31284844321753,0.582206182093898,0.41779381790610204,0.11667801756731422,0.7853473105241479,4.173499999999997,1
ELCAJNGT_7_N001,2026-07-07,2,test,2.195273993978373,0.5654061927577462,0.4345938072422538,0.10388974322671796,0.8703379919214183,8.037999999999997,1
ELCAJNGT_7_N001,2026-07-07,3,test,2.143726576788401,0.5765239039212009,0.4234760960787991,0.11737123050182838,0.7495022797757903,7.918299999999995,1
ELCAJNGT_7_N001,2026-07-07,4,test,1.786221429383061,0.5776168713598926,0.4223831286401074,0.1138107458968609,0.711945558628257,4.160299999999999,1
ELCAJNGT_7_N001,2026-07-07,5,test,1.786221429383061,0.5684969818241895,0.4315030181758105,0.10517246953571288,0.7078702233200458,5.539499999999997,1
ELCAJNGT_7_N001,2026-07-07,6,test,2.2515628959447813,0.5679372083961917,0.43206279160380834,0.10922721138277497,0.778581242486319,8.689900000000002,1
ELCAJNGT_7_N001,2026-07-07,7,test,0.8987917759470689,0.5384995771556605,0.46150042284433945,0.05490922582836298,0.7487072739959998,4.081800000000001,1
ELCAJNGT_7_N001,2026-07-07,8,test,1.0855126923691714,0.5336179746902754,0.4663820253097246,0.04814920835253598,0.892862977315394,-87.4359,-1
ELCAJNGT_7_N001,2026-07-07,9,test,0.859240107827469,0.5512176695960768,0.44878233040392324,0.0639740554861156,0.8117716973381349,4.027799999999999,1
ELCAJNGT_7_N001,2026-07-07,10,test,0.549151524809228,0.5145605748782566,0.48543942512174343,0.027314345918817023,0.8994183910164584,3.5604000000000013,1
ELCAJNGT_7_N001,2026-07-07,11,test,0.8001126072465989,0.5256395777560471,0.4743604222439529,0.03873157889875683,0.736025473395599,1.825599999999998,1
ELCAJNGT_7_N001,2026-07-07,12,test,0.8001126072465989,0.5220716992705751,0.47792830072942494,0.03574285954988945,0.7198067047999064,-2.2713,-1
ELCAJNGT_7_N001,2026-07-07,13,test,0.7688057507694837,0.5387418244966417,0.46125817550335835,0.05151618113225226,0.7158171114596774,-3.387900000000002,-1
ELCAJNGT_7_N001,2026-07-07,14,test,1.1733687699188984,0.5287693232763317,0.47123067672366825,0.04821116510994837,0.7144107914333542,-16.752400000000005,-1
ELCAJNGT_7_N001,2026-07-07,15,test,0.9446003028368314,0.5341054351120942,0.4658945648879058,0.047817074726059325,0.8251967281796688,-12.667899999999996,-1
ELCAJNGT_7_N001,2026-07-07,16,test,0.9411583106944348,0.5159675469139976,0.4840324530860024,0.029948572009401125,0.9204489683421405,-6.743199999999998,-1
ELCAJNGT_7_N001,2026-07-07,17,test,1.670940614294731,0.5566602778809424,0.4433397221190576,0.08367082452002503,0.8279185034394462,12.550700000000003,1
ELCAJNGT_7_N001,2026-07-07,18,test,2.2465707520374463,0.5944756740035969,0.4055243259964031,0.132181153228353,0.6598915485664101,22.475300000000004,1
ELCAJNGT_7_N001,2026-07-07,19,test,3.5831154472545426,0.5991290062716382,0.40087099372836177,0.14847024103246204,0.7564415701062666,16.9063,1
ELCAJNGT_7_N001,2026-07-07,20,test,3.38320132068011,0.5962263190372249,0.4037736809627751,0.14682777077843612,0.6918804731881334,1.4956999999999994,1
ELCAJNGT_7_N001,2026-07-07,21,test,3.0529626340768927,0.6179017624150004,0.3820982375849996,0.16761097620791954,0.6996314192447866,-5.082300000000004,-1
ELCAJNGT_7_N001,2026-07-07,22,test,2.57974382426472,0.5948672069040568,0.4051327930959432,0.13268419569036266,0.7594470114030003,-30.004599999999996,-1
ELCAJNGT_7_N001,2026-07-07,23,test,0.7372498062553554,0.5869022015280195,0.41309779847198047,0.09881465819342763,0.8449772653690628,-5.923499999999997,-1
ELCAJNGT_7_N001,2026-07-07,24,test,2.3742241167025964,0.5961103754065773,0.4038896245934227,0.13904217205411193,0.7540863887051482,-0.40500000000000114,-1
ELCAJNGT_7_N001,2026-07-08,1,test,1.702015717774723,0.6054847776278462,0.39451522237215375,0.13798205621117257,0.7168277343821869,21.795299999999997,1
ELCAJNGT_7_N001,2026-07-08,2,test,2.1350156232405064,0.5933432229923175,0.40665677700768255,0.12925013295568694,0.9628742004292183,7.437399999999997,1
ELCAJNGT_7_N001,2026-07-08,3,test,1.7536411803715295,0.5660079754491201,0.43399202455087993,0.1008621163533448,0.8029335385929176,10.227500000000003,1
ELCAJNGT_7_N001,2026-07-08,4,test,1.1327462684839094,0.6004149387604449,0.39958506123955506,0.12598992816087712,0.7565719964140015,11.479699999999998,1
ELCAJNGT_7_N001,2026-07-08,5,test,1.5341845791739022,0.5980847418536506,0.40191525814634943,0.12838562555005054,0.7876805880158911,11.643900000000002,1
ELCAJNGT_7_N001,2026-07-08,6,test,1.4856232141306178,0.5885400077309639,0.41145999226903607,0.12120234380342512,0.7460052696619336,15.561700000000002,1
ELCAJNGT_7_N001,2026-07-08,7,test,1.497024731314375,0.5268159711389183,0.4731840288610817,0.04753300300864299,0.823212277463745,11.4104,1
ELCAJNGT_7_N001,2026-07-08,8,test,0.048009497406822935,0.5143688011672498,0.4856311988327502,0.014923931295826165,0.7620966646236167,14.149099999999997,1
ELCAJNGT_7_N001,2026-07-08,9,test,1.0057099015126991,0.5441713902461408,0.4558286097538592,0.055600465224202485,0.8182363595262423,9.4653,1
ELCAJNGT_7_N001,2026-07-08,10,test,0.9212372764616085,0.5261878667563894,0.4738121332436106,0.038866682270555716,0.8527762109160917,-22.048099999999998,-1
ELCAJNGT_7_N001,2026-07-08,11,test,1.851282893938366,0.5348648149005797,0.4651351850994203,0.05810485105867526,0.8932966131688271,15.8403,1
ELCAJNGT_7_N001,2026-07-08,12,test,1.9690784635333187,0.5345921125013818,0.46540788749861817,0.06794470977511577,0.9165776622554811,-44.9968,-1
ELCAJNGT_7_N001,2026-07-08,13,test,2.9564286624636797,0.5486571341156317,0.45134286588436834,0.08575062890355717,0.9833556452583554,12.516300000000005,1
ELCAJNGT_7_N001,2026-07-08,14,test,1.8943424700629092,0.5295636549020695,0.47043634509793053,0.05649830310053336,0.9606974872499916,16.876799999999996,1
ELCAJNGT_7_N001,2026-07-08,15,test,2.5834616464200733,0.5580349101121506,0.44196508988784944,0.09081589459839512,0.9609244439439132,-41.8705,-1
ELCAJNGT_7_N001,2026-07-08,16,test,5.100537075255847,0.5357346670461853,0.46426533295381467,0.09678139656894869,0.9655693831014363,3.2905999999999977,1
ELCAJNGT_7_N001,2026-07-08,17,test,4.324921154961906,0.5749697940649314,0.4250302059350686,0.130300252066661,0.9833294694104311,33.8981,1
ELCAJNGT_7_N001,2026-07-08,18,test,4.1965075923351165,0.6318070158461074,0.36819298415389257,0.19444407398332786,0.6911628672471823,30.170899999999996,1
ELCAJNGT_7_N001,2026-07-08,19,test,3.832662451955398,0.6477155599017871,0.3522844400982129,0.2053162042738646,0.6931887556281453,27.633500000000005,1
ELCAJNGT_7_N001,2026-07-08,20,test,3.2809229866613703,0.6532092834789586,0.34679071652104143,0.2064293649808403,0.6749205303706423,51.6451,1
ELCAJNGT_7_N001,2026-07-08,21,test,3.459754954344038,0.6578834205188563,0.3421165794811437,0.23111823864018166,0.7010193192402422,31.496100000000006,1
ELCAJNGT_7_N001,2026-07-08,22,test,4.346165067889091,0.6540254986189643,0.3459745013810357,0.20603796032177626,0.787594134206831,38.5291,1
ELCAJNGT_7_N001,2026-07-08,23,test,1.8538422783873476,0.6414149396195424,0.35858506038045757,0.16858817636255585,0.9742467212198577,13.137499999999996,1
ELCAJNGT_7_N001,2026-07-08,24,test,3.4692915095176557,0.6330698004034254,0.3669301995965746,0.175264585606281,0.7483004238529746,10.811799999999998,1
ELCAJNGT_7_N001,2026-07-09,1,test,1.756039103395763,0.6130788687622731,0.38692113123772687,0.1425599336565,0.8198838283517607,6.524999999999999,1
ELCAJNGT_7_N001,2026-07-09,2,test,1.7454691313180506,0.5969901002591486,0.40300989974085144,0.11424252650550434,0.7317821023611877,6.224,1
ELCAJNGT_7_N001,2026-07-09,3,test,1.609310633648586,0.5736053678087583,0.42639463219124174,0.09824817372835117,0.8960737991000146,-26.1669,-1
ELCAJNGT_7_N001,2026-07-09,4,test,1.2841641635976107,0.5681065205320166,0.4318934794679834,0.08743042512180553,0.9500454708377343,-15.296099999999996,-1
ELCAJNGT_7_N001,2026-07-09,5,test,1.3635454830409919,0.5839214354108716,0.4160785645891284,0.10187439160609459,0.9489858924009008,1.8222999999999985,1
ELCAJNGT_7_N001,2026-07-09,6,test,1.4652660352969116,0.5970571044817562,0.4029428955182438,0.13691464784383942,0.8099692212979744,3.805399999999999,1
ELCAJNGT_7_N001,2026-07-09,7,test,1.3523959628188003,0.579001080448473,0.420998919551527,0.10636450431761535,0.6523188379665604,4.635399999999997,1
ELCAJNGT_7_N001,2026-07-09,8,test,3.658007445837933,0.570828343009741,0.42917165699025905,0.1062344185331899,0.722243379893859,15.675899999999999,1
ELCAJNGT_7_N001,2026-07-09,9,test,1.8250044810795718,0.5636531405809057,0.43634685941909435,0.0860579251037725,0.6105569638611428,9.500200000000003,1
ELCAJNGT_7_N001,2026-07-09,10,test,0.35869859497004886,0.5242151071960414,0.47578489280395864,0.030807847237998204,0.7274135602584122,9.844099999999997,1
ELCAJNGT_7_N001,2026-07-09,11,test,1.0812290668297233,0.5256379822399779,0.47436201776002207,0.03851517415298935,0.6398785999738789,12.111299999999996,1
ELCAJNGT_7_N001,2026-07-09,12,test,1.0812290668297233,0.5240024544135312,0.4759975455864688,0.04323546477866591,0.716435780235918,3.5337999999999994,1
ELCAJNGT_7_N001,2026-07-09,13,test,2.2390730790654234,0.5549237832515999,0.44507621674840014,0.07965305649970833,0.64807132910909,7.220399999999998,1
ELCAJNGT_7_N001,2026-07-09,14,test,1.4258970748909026,0.5172009801140435,0.4827990198859565,0.03285227850059309,0.6762399992595582,4.5327000000000055,1
ELCAJNGT_7_N001,2026-07-09,15,test,3.681412882052942,0.530347582352019,0.46965241764798105,0.06958859984961566,0.6499864040810435,-18.055099999999996,-1
ELCAJNGT_7_N001,2026-07-09,16,test,2.4272973744569906,0.5523654751868603,0.4476345248131397,0.07884653609908521,0.6115007622753726,0.5955999999999975,1
ELCAJNGT_7_N001,2026-07-09,17,test,1.758449776921515,0.5900585607660279,0.4099414392339721,0.1106880196426284,0.5790316025656056,-100.4113,-1
ELCAJNGT_7_N001,2026-07-09,18,test,2.814887828895422,0.587298841529156,0.412701158470844,0.11728874113226805,0.6376629496802853,-10.511500000000012,-1
ELCAJNGT_7_N001,2026-07-09,19,test,3.0597258680047204,0.6025845261896488,0.39741547381035125,0.13806464264180132,0.7915332894974241,13.851800000000004,1
ELCAJNGT_7_N001,2026-07-09,20,test,2.726729452490237,0.618716903149539,0.381283096850461,0.15230099781095988,0.741599753620089,20.021,1
ELCAJNGT_7_N001,2026-07-09,21,test,3.6252539838032845,0.6310618419999084,0.36893815800009155,0.20488460013571835,0.8966603522859545,13.903799999999997,1
ELCAJNGT_7_N001,2026-07-09,22,test,4.859318486400448,0.6705062198941818,0.3294937801058182,0.22336738857548782,0.7178319156544393,16.9551,1
ELCAJNGT_7_N001,2026-07-09,23,test,3.0046970846720034,0.6255332903237893,0.37446670967621065,0.1658254076272189,0.686710914709048,22.7365,1
ELCAJNGT_7_N001,2026-07-09,24,test,3.0669068824783894,0.6460412726452274,0.35395872735477263,0.1753891667673345,0.7428553995615714,7.699399999999997,1
ELCAJNGT_7_N001,2026-07-10,1,test,1.8070205076987562,0.6255859376637157,0.37441406233628427,0.19727981082468682,0.8167124919939208,-1.9009999999999962,-1
ELCAJNGT_7_N001,2026-07-10,2,test,2.289080171545374,0.6253338380910343,0.37466616190896573,0.1602992888727991,0.5721979346560794,1.7155000000000058,1
ELCAJNGT_7_N001,2026-07-10,3,test,1.7333517492728088,0.6218103737911047,0.3781896262088953,0.1944156111932306,0.7467848339153152,-9.113999999999997,-1
ELCAJNGT_7_N001,2026-07-10,4,test,0.5291898568057934,0.6092416425041968,0.39075835749580323,0.1271871107622556,0.8735067741408916,-4.700700000000005,-1
ELCAJNGT_7_N001,2026-07-10,5,test,0.5291898568057934,0.6129027827285038,0.38709721727149615,0.12805369620646187,0.802142831056039,-7.762900000000002,-1
ELCAJNGT_7_N001,2026-07-10,6,test,1.0714820890186156,0.627716445752876,0.372283554247124,0.16242864022663475,0.8882950717016782,1.1943999999999946,1
ELCAJNGT_7_N001,2026-07-10,7,test,0.5263545463663528,0.5985337448074239,0.40146625519257606,0.11209549171418495,0.7870390169967445,1.7413999999999987,1
ELCAJNGT_7_N001,2026-07-10,8,test,1.7394303869756953,0.5664927534543537,0.4335072465456463,0.09489000987347902,0.6760590159637715,1.8267999999999986,1
ELCAJNGT_7_N001,2026-07-10,9,test,-0.3968892784270996,0.5609175601720641,0.43908243982793593,0.06757628365980134,0.6900604185204807,7.450799999999997,1
ELCAJNGT_7_N001,2026-07-10,10,test,-0.7421310276982015,0.5251531195235215,0.4748468804764785,0.04754646835469435,0.9774372178361024,10.2257,1
ELCAJNGT_7_N001,2026-07-10,11,test,-0.112429148973081,0.5224822479957865,0.47751775200421354,0.02439073366274124,0.6885895716453325,9.264699999999998,1
ELCAJNGT_7_N001,2026-07-10,12,test,0.975323128316227,0.533266656337605,0.46673334366239505,0.05465333079522152,0.8237264233006704,1.845200000000002,1
ELCAJNGT_7_N001,2026-07-10,13,test,0.4816867482398257,0.5259850679767956,0.47401493202320444,0.03316832183308003,0.7572656302327945,0.34299999999999997,1
ELCAJNGT_7_N001,2026-07-10,14,test,-0.048318448548285875,0.5337228936045891,0.46627710639541087,0.03452476556298526,0.7042076374514478,-1.755199999999995,-1
ELCAJNGT_7_N001,2026-07-10,15,test,1.1842402438983899,0.5452924572297737,0.4547075427702263,0.0632518776346264,0.7054333802777947,-12.490100000000005,-1
ELCAJNGT_7_N001,2026-07-10,16,test,1.0107577868310744,0.5345851666888113,0.4654148333111887,0.049718302819986945,0.7104047301055679,-2.363500000000002,-1
ELCAJNGT_7_N001,2026-07-10,17,test,0.8532835992704001,0.5829179047453865,0.4170820952546135,0.09486158057060307,0.6418422739278898,16.907599999999995,1
ELCAJNGT_7_N001,2026-07-10,18,test,1.9087253191204432,0.6011085276636504,0.3988914723363496,0.12822367448544134,0.6207939611543333,0.9654000000000025,1
ELCAJNGT_7_N001,2026-07-10,19,test,3.0851581333502986,0.6159081164618334,0.3840918835381666,0.1606245339078301,0.5843051547052608,2.4558999999999997,1
ELCAJNGT_7_N001,2026-07-10,20,test,3.1576362558107824,0.641668918532374,0.35833108146762604,0.18210519724209026,0.6675502400011037,0.37809999999999633,1
ELCAJNGT_7_N001,2026-07-10,21,test,2.8485968168799545,0.6425917224352607,0.35740827756473925,0.18008471101762297,0.6587196500056649,-13.183300000000003,-1
ELCAJNGT_7_N001,2026-07-10,22,test,3.815981506638,0.6455439541792205,0.3544560458207795,0.18932833449853015,0.5673709953989922,0.0,0
ELCAJNGT_7_N001,2026-07-10,23,test,2.5061978018324935,0.6344745337639618,0.3655254662360382,0.17223082251793081,0.7249789280739636,2.0734000000000066,1
ELCAJNGT_7_N001,2026-07-10,24,test,2.289816945114547,0.6344828089120266,0.3655171910879734,0.17102863043553712,0.6313139657829245,5.285600000000002,1
ELCAJNGT_7_N001,2026-07-11,1,test,2.208656250678236,0.6149232137315118,0.3850767862684882,0.18508378121200855,0.9642923230988054,5.649800000000006,1
ELCAJNGT_7_N001,2026-07-11,2,test,2.0938383963297973,0.6112053133131978,0.38879468668680217,0.16269101863064525,0.9583427929289872,6.783900000000003,1
ELCAJNGT_7_N001,2026-07-11,3,test,2.8602683699616738,0.6040172502844189,0.3959827497155811,0.18932057953580694,0.9861642355389827,7.334600000000002,1
ELCAJNGT_7_N001,2026-07-11,4,test,2.1827519212219824,0.6123500786735162,0.3876499213264838,0.17911913496054954,0.9438386012984741,1.5396999999999963,1
ELCAJNGT_7_N001,2026-07-11,5,test,2.0938383963297973,0.6123500786735162,0.3876499213264838,0.1784637674794583,0.9331970695048428,-3.4894000000000034,-1
ELCAJNGT_7_N001,2026-07-11,6,test,2.3766384502914746,0.6189552896152811,0.3810447103847189,0.19589794400792498,0.9623420824817605,-9.168200000000006,-1
ELCAJNGT_7_N001,2026-07-11,7,test,2.1244858081479037,0.6030755566476328,0.3969244433523672,0.16616141254572953,0.9397950729674153,-5.808399999999999,-1
ELCAJNGT_7_N001,2026-07-11,8,test,1.6382936157791044,0.5870940153176917,0.4129059846823083,0.14101512262155988,0.751842223445695,-33.3099,-1
ELCAJNGT_7_N001,2026-07-11,9,test,1.0341702291602985,0.5544889392836991,0.44551106071630087,0.08310039819713709,0.9947477900388549,13.257200000000001,1
ELCAJNGT_7_N001,2026-07-11,10,test,0.37522454219928947,0.5194775542445884,0.4805224457554116,0.03046963002916158,0.9242413316546819,16.0944,1
ELCAJNGT_7_N001,2026-07-11,11,test,0.3996102182565996,0.5291852733855578,0.47081472661444224,0.04264847188340953,0.8520637842840497,15.774000000000004,1
ELCAJNGT_7_N001,2026-07-11,12,test,1.6268293405572052,0.5194775542445884,0.4805224457554116,0.05874160379387009,0.9352552027215476,15.982699999999998,1
ELCAJNGT_7_N001,2026-07-11,13,test,1.2507897395809462,0.5503746525697898,0.4496253474302102,0.0920114907848284,0.7574653462434169,6.4178999999999995,1
ELCAJNGT_7_N001,2026-07-11,14,test,0.23498137267199506,0.5596873214117463,0.44031267858825374,0.06800769038831621,0.8048056132172641,10.650299999999998,1
ELCAJNGT_7_N001,2026-07-11,15,test,3.061497282516661,0.5741416258066862,0.42585837419331385,0.1564713542315813,0.7925380658622753,10.636099999999999,1
ELCAJNGT_7_N001,2026-07-11,16,test,1.6440014894014705,0.5614253100946487,0.4385746899053513,0.11410855985952971,0.7122856283429431,22.523799999999998,1
ELCAJNGT_7_N001,2026-07-11,17,test,1.492899159400707,0.5963523666635469,0.40364763333645315,0.1414630810090426,0.8003713391365574,4.084599999999995,1
ELCAJNGT_7_N001,2026-07-11,18,test,2.416289952578337,0.5947815884526673,0.40521841154733274,0.15400048756311602,0.8041090416508716,15.720100000000002,1
ELCAJNGT_7_N001,2026-07-11,19,test,2.3867632996426313,0.6147025764666328,0.38529742353336716,0.16855703008326803,0.8570878847830437,1.169399999999996,1
ELCAJNGT_7_N001,2026-07-11,20,test,2.65791149827061,0.6364843615689361,0.36351563843106394,0.18970977313759985,0.9914000244643314,-14.2168,-1
ELCAJNGT_7_N001,2026-07-11,21,test,3.1379536579301845,0.6311651969195252,0.3688348030804748,0.197787389379029,0.9240363789434501,-8.197700000000005,-1
ELCAJNGT_7_N001,2026-07-11,22,test,3.0976265700028014,0.6441228723028859,0.3558771276971141,0.2050987590668745,0.74064431177889,-8.002200000000002,-1
ELCAJNGT_7_N001,2026-07-11,23,test,0.985971292954379,0.6254893755597969,0.3745106244402031,0.14906625057068487,0.875719958462521,-5.6997,-1
ELCAJNGT_7_N001,2026-07-11,24,test,2.953680504710334,0.6444443450142905,0.3555556549857095,0.22013269039071237,0.8063450971234001,0.877200000000002,1
ELCAJNGT_7_N001,2026-07-12,1,test,1.6917474827537295,0.6076927275689037,0.3923072724310963,0.17252070707622447,0.9338059293693193,-53.378499999999995,-1
ELCAJNGT_7_N001,2026-07-12,2,test,1.9058469432971419,0.593824244877204,0.406175755122796,0.15314589992463085,0.9132908172441672,-22.728500000000004,-1
ELCAJNGT_7_N001,2026-07-12,3,test,1.583570849939721,0.5792531628549994,0.4207468371450006,0.13024048397090615,0.9249312661310789,-3.3087000000000018,-1
ELCAJNGT_7_N001,2026-07-12,4,test,1.7113822111278758,0.5700421917110386,0.42995780828896135,0.1268339332647176,0.9403411930957265,5.2956,1
ELCAJNGT_7_N001,2026-07-12,5,test,1.583570849939721,0.5702769662603382,0.4297230337396618,0.1254500801002601,0.9591739815969375,4.433400000000006,1
ELCAJNGT_7_N001,2026-07-12,6,test,1.8305398241650532,0.5912957422934809,0.4087042577065191,0.15870354758671174,0.9609963473500597,4.840599999999995,1
ELCAJNGT_7_N001,2026-07-12,7,test,1.5783871820214828,0.5792001013872906,0.4207998986127094,0.12871818973700594,0.8876825303145731,-0.47879999999999967,-1
ELCAJNGT_7_N001,2026-07-12,8,test,1.5727471347519344,0.5936983673726904,0.40630163262730956,0.15033298505219309,0.8401295471911124,-34.63590000000001,-1
ELCAJNGT_7_N001,2026-07-12,9,test,1.0031458967591689,0.5692043704622689,0.4307956295377311,0.10741842559108113,0.8761622119777271,-2.211500000000001,-1
ELCAJNGT_7_N001,2026-07-12,10,test,0.19073947116721363,0.5090896615481987,0.4909103384518013,0.01399992658638971,0.7754800802374674,-37.7977,-1
ELCAJNGT_7_N001,2026-07-12,11,test,0.705415455002884,0.5095742259999867,0.4904257740000133,0.03080364808002317,0.8742156416128116,-34.49320000000001,-1
ELCAJNGT_7_N001,2026-07-12,12,test,-0.41477635648827516,0.49677207034637877,0.5032279296536213,0.014384279806733713,0.8377756719152711,-19.1126,-1
ELCAJNGT_7_N001,2026-07-12,13,test,0.7544168339547137,0.5276821270737628,0.47231787292623717,0.050457527871813346,0.9551466477839669,-0.5803000000000011,-1
ELCAJNGT_7_N001,2026-07-12,14,test,-0.12147097545304288,0.5276821270737628,0.47231787292623717,0.03161500102242248,0.9115882198755895,3.248100000000001,1
ELCAJNGT_7_N001,2026-07-12,15,test,1.3769094704052542,0.550298472934336,0.449701527065664,0.08882877185461135,0.9992051571023214,-0.027099999999997237,-1
ELCAJNGT_7_N001,2026-07-12,16,test,1.1896823873885412,0.5374437852357097,0.4625562147642903,0.07694523264394354,0.8403394630002513,-5.072500000000005,-1
ELCAJNGT_7_N001,2026-07-12,17,test,0.529495986665727,0.6011084196373739,0.39889158036262606,0.11679360422593574,0.9832018636219761,6.405200000000001,1
ELCAJNGT_7_N001,2026-07-12,18,test,1.2226611634888906,0.5910538857259081,0.4089461142740919,0.11782868831845877,0.9679644379849727,-77.58639999999998,-1
ELCAJNGT_7_N001,2026-07-12,19,test,2.1411651933198788,0.6033230876527845,0.39667691234721547,0.14742572330744352,0.8991619844241084,3.4953000000000003,1
ELCAJNGT_7_N001,2026-07-12,20,test,2.363529831098979,0.6235906896953091,0.37640931030469094,0.1829836247221528,0.8686084956898916,2.1409999999999982,1
ELCAJNGT_7_N001,2026-07-12,21,test,2.618538398683224,0.6183173473779127,0.38168265262208734,0.18978748357181066,0.7989534686113714,-10.463900000000002,-1
ELCAJNGT_7_N001,2026-07-12,22,test,2.4653431754494486,0.6345473757767327,0.3654526242232673,0.18831847034450908,0.6904535955846596,-9.4998,-1
ELCAJNGT_7_N001,2026-07-12,23,test,1.9925184403791436,0.615473095289191,0.38452690471080897,0.16360387943968357,0.8704144695112315,-56.380399999999995,-1
ELCAJNGT_7_N001,2026-07-12,24,test,2.593154536637604,0.6376111772529766,0.36238882274702344,0.22933982397458336,0.6420966504357482,-20.986599999999996,-1
ELCAJNGT_7_N001,2026-07-13,1,test,2.1251804601401316,0.6142270834047999,0.3857729165952001,0.1983201944584485,0.8413185503693926,-0.41740000000000066,-1
ELCAJNGT_7_N001,2026-07-13,2,test,1.645683011112513,0.6049139652581942,0.3950860347418058,0.1599822439946158,0.9085628974770716,2.8819000000000017,1
ELCAJNGT_7_N001,2026-07-13,3,test,1.4899321408791482,0.585761524155305,0.414238475844695,0.12696126072894687,0.8944848697174649,-2.5993999999999957,-1
ELCAJNGT_7_N001,2026-07-13,4,test,1.5871466089989237,0.5996008456474089,0.4003991543525911,0.1492373100502414,0.9801939679911427,-21.296099999999996,-1
ELCAJNGT_7_N001,2026-07-13,5,test,1.3483411780470027,0.576031122750225,0.42396887724977494,0.11784981854250576,0.961903273764817,-19.499399999999994,-1
ELCAJNGT_7_N001,2026-07-13,6,test,1.6521355479698452,0.6080890177989466,0.39191098220105336,0.1715266585986233,0.9243820796496438,-2.6126999999999967,-1
ELCAJNGT_7_N001,2026-07-13,7,test,1.737460487736499,0.5671764799548057,0.4328235200451943,0.11426385620894017,0.8800249977982665,4.342399999999998,1
ELCAJNGT_7_N001,2026-07-13,8,test,1.9826123842274297,0.5810583226062336,0.4189416773937664,0.15023599538362337,0.7123218394153141,3.4236000000000004,1
ELCAJNGT_7_N001,2026-07-13,9,test,0.6970233540148718,0.5696294182506435,0.4303705817493565,0.09440452992011539,0.8682200351074566,1.5409000000000006,1
ELCAJNGT_7_N001,2026-07-13,10,test,0.5971921169181174,0.542350108386783,0.457649891613217,0.06334863082644385,0.7830021407471371,5.410000000000004,1
ELCAJNGT_7_N001,2026-07-13,11,test,0.7207938519848026,0.5171650018530476,0.4828349981469524,0.04247563431477809,0.8277972018073503,2.080299999999994,1
ELCAJNGT_7_N001,2026-07-13,12,test,1.099031770565862,0.5186813903634979,0.4813186096365021,0.05362040173857897,0.8937429862580035,-30.385800000000003,-1
ELCAJNGT_7_N001,2026-07-13,13,test,2.260417735320947,0.5242259099317684,0.47577409006823157,0.09408016953798132,0.7998266829677774,4.076599999999999,1
ELCAJNGT_7_N001,2026-07-13,14,test,1.3730295218756197,0.5378105058612664,0.46218949413873356,0.07363368216671703,0.93642013717105,5.543199999999999,1
ELCAJNGT_7_N001,2026-07-13,15,test,1.781393684754207,0.5623458582984167,0.43765414170158334,0.10619570956092231,0.7834494660739459,11.150999999999996,1
ELCAJNGT_7_N001,2026-07-13,16,test,1.8561296782246164,0.5575010319621581,0.44249896803784194,0.09120178540323791,0.9265507594296987,17.713799999999992,1
ELCAJNGT_7_N001,2026-07-13,17,test,2.0226111512832756,0.5872362739438266,0.4127637260561734,0.12676626751111786,0.9343321648147767,15.934600000000003,1
ELCAJNGT_7_N001,2026-07-13,18,test,2.1175077605639885,0.5993406375600544,0.4006593624399456,0.15189401795139323,0.7223078639327275,18.576400000000007,1
ELCAJNGT_7_N001,2026-07-13,19,test,2.5093623605765165,0.6095885102495889,0.39041148975041107,0.17136515387143292,0.7870503350128168,18.347700000000003,1
ELCAJNGT_7_N001,2026-07-13,20,test,3.109138578793087,0.6190008428615137,0.3809991571384863,0.1936788266853397,0.8151731321117536,5.7420999999999935,1
ELCAJNGT_7_N001,2026-07-13,21,test,2.876728599837963,0.6290585134013412,0.3709414865986588,0.19536751377446432,0.9012215611571428,3.9688000000000017,1
ELCAJNGT_7_N001,2026-07-13,22,test,3.7719947839260737,0.6309296512145962,0.3690703487854038,0.21263251053870974,0.7265674981770113,-593.2896000000001,-1
ELCAJNGT_7_N001,2026-07-13,23,test,2.4480387879214383,0.6255479468563344,0.3744520531436656,0.18220896012376112,0.8482743347968683,25.036500000000004,1
ELCAJNGT_7_N001,2026-07-13,24,test,3.3328878162160356,0.6406133948616254,0.3593866051383746,0.19815155255642156,0.6117564313800907,-74.5881,-1
ELCAJNGT_7_N001,2026-07-14,1,test,2.90042173735478,0.6091818504409295,0.39081814955907046,0.15497558719662613,0.8211803809694332,13.799599999999998,1
ELCAJNGT_7_N001,2026-07-14,2,test,3.093018313205545,0.6211400401338973,0.37885995986610266,0.17850274203520297,0.7265330570465125,-42.8233,-1
ELCAJNGT_7_N001,2026-07-14,3,test,2.428767694785579,0.618921516058302,0.38107848394169797,0.16896303036348262,0.6487491736371152,-4.2524000000000015,-1
ELCAJNGT_7_N001,2026-07-14,4,test,0.9854150447642434,0.6035055828430557,0.39649441715694433,0.12122926813927569,0.8089238272887724,-27.593900000000005,-1
ELCAJNGT_7_N001,2026-07-14,5,test,2.125076991351878,0.6086177662047083,0.3913822337952917,0.1449649519690509,0.8177928601413762,-14.790199999999992,-1
ELCAJNGT_7_N001,2026-07-14,6,test,2.184729442062113,0.6178703587919994,0.38212964120800064,0.17420299459161717,0.8391188408844477,-2.4254000000000033,-1
ELCAJNGT_7_N001,2026-07-14,7,test,2.291032906048355,0.5690867448094048,0.4309132551905952,0.10980202143725298,0.7718733015952269,-36.217,-1
ELCAJNGT_7_N001,2026-07-14,8,test,4.779769598789918,0.5772877030087958,0.42271229699120416,0.14238442111132024,0.8366196662569398,18.2053,1
ELCAJNGT_7_N001,2026-07-14,9,test,1.2055926704518496,0.5684677473469716,0.4315322526530284,0.08932718981796992,0.8032725117113513,18.6485,1
ELCAJNGT_7_N001,2026-07-14,10,test,2.15137868622748,0.5653695538498774,0.4346304461501226,0.09401337602593612,0.9544818043978601,27.2293,1
ELCAJNGT_7_N001,2026-07-14,11,test,2.438590665774066,0.554808657490831,0.44519134250916903,0.09106452974583301,0.8409526235671164,27.580900000000003,1
ELCAJNGT_7_N001,2026-07-14,12,test,2.77488769347736,0.5451288010141381,0.4548711989858619,0.08925275062602366,0.7729481556200877,24.1524,1
ELCAJNGT_7_N001,2026-07-14,13,test,2.7205267528716086,0.526240604931709,0.473759395068291,0.08266794329220434,0.7822434337140528,18.424999999999997,1
ELCAJNGT_7_N001,2026-07-14,14,test,2.2683929903409594,0.528834479912817,0.47116552008718304,0.06282337800097962,0.7450430650736233,-24.189499999999995,-1
ELCAJNGT_7_N001,2026-07-14,15,test,3.23804002269743,0.5571568160706493,0.44284318392935074,0.09815645951171265,0.8180487922916971,-19.120999999999995,-1
ELCAJNGT_7_N001,2026-07-14,16,test,3.682841620880833,0.5726760699272645,0.4273239300727355,0.13482852924142405,0.8593403375150828,-13.424999999999997,-1
ELCAJNGT_7_N001,2026-07-14,17,test,3.789956541619389,0.5979739522816283,0.4020260477183717,0.1533833559606737,0.707738800850646,4.32459999999999,1
ELCAJNGT_7_N001,2026-07-14,18,test,4.596342922476482,0.5981198605089048,0.40188013949109525,0.15589667506744204,0.8153153752445228,17.900000000000006,1
ELCAJNGT_7_N001,2026-07-14,19,test,4.189011062063159,0.6049488298652124,0.39505117013478763,0.16190478030103747,0.7451541615380917,-99.2353,-1
ELCAJNGT_7_N001,2026-07-14,20,test,3.79052836929203,0.6224333277662318,0.37756667223376816,0.1758359115372125,0.7281777531524085,22.1635,1
ELCAJNGT_7_N001,2026-07-14,21,test,3.7695621113506235,0.6293690420344408,0.3706309579655592,0.1829198145053812,0.721906510479349,-140.55530000000002,-1
ELCAJNGT_7_N001,2026-07-14,22,test,4.853058797430246,0.6387959316124838,0.3612040683875162,0.20976302029503607,0.8803450406122779,-153.3131,-1
ELCAJNGT_7_N001,2026-07-14,23,test,2.1038377772100243,0.6240159505147025,0.3759840494852975,0.15072281835128912,0.840793315268217,-302.82300000000004,-1
ELCAJNGT_7_N001,2026-07-14,24,test,4.89289685684273,0.6387959316124838,0.3612040683875162,0.21961816364336512,0.7875288347460967,6.017899999999997,1
ELCAJNGT_7_N001,2026-07-15,1,test,3.746900595407153,0.6579069313373461,0.3420930686626539,0.22044996836698888,0.7173395074232324,6.8980999999999995,1
ELCAJNGT_7_N001,2026-07-15,2,test,3.746900595407153,0.6320989362398822,0.3679010637601178,0.19092026471972406,0.7140653213156869,6.095700000000001,1
ELCAJNGT_7_N001,2026-07-15,3,test,3.768376766738218,0.6342298174822163,0.3657701825177837,0.20916521077485078,0.8190793777189205,8.674199999999999,1
ELCAJNGT_7_N001,2026-07-15,4,test,3.337061511914205,0.6380423149272725,0.3619576850727275,0.2051209252845257,0.8500821685474632,-43.5957,-1
ELCAJNGT_7_N001,2026-07-15,5,test,3.337061511914205,0.6380423149272725,0.3619576850727275,0.2050537927066472,0.8510657401828772,-35.81190000000001,-1
ELCAJNGT_7_N001,2026-07-15,6,test,3.2244556128665627,0.6475472820263177,0.3524527179736823,0.20935364637108106,0.9206850704701411,-39.337900000000005,-1
ELCAJNGT_7_N001,2026-07-15,7,test,3.061645277985518,0.6220233436588691,0.37797665634113087,0.170685796676573,0.9939356875300797,5.8515000000000015,1
ELCAJNGT_7_N001,2026-07-15,8,test,4.673931392914452,0.605592480637849,0.394407519362151,0.16972682867974775,0.7435440525857531,-9.1404,-1
ELCAJNGT_7_N001,2026-07-15,9,test,4.620335391247291,0.6184918647585402,0.38150813524145977,0.19074095882724074,0.8860779731050233,-62.4709,-1
ELCAJNGT_7_N001,2026-07-15,10,test,5.048027141724615,0.5838934505965848,0.4161065494034152,0.1520338049807758,0.7619852712757388,-42.8212,-1
ELCAJNGT_7_N001,2026-07-15,11,test,5.6005715031725405,0.5734430662584696,0.42655693374153036,0.151184338041377,0.7245126954506178,6.675099999999993,1
ELCAJNGT_7_N001,2026-07-15,12,test,4.463078367581404,0.5643034799798322,0.4356965200201678,0.12307999173913386,0.7890210073393829,8.912300000000002,1
ELCAJNGT_7_N001,2026-07-15,13,test,4.700063053286972,0.5737111567996943,0.4262888432003057,0.13828357876438757,0.952402972823267,-24.078400000000002,-1
ELCAJNGT_7_N001,2026-07-15,14,test,5.020674855730204,0.593352537867534,0.40664746213246605,0.16345048291385111,0.8411195126656534,-28.475899999999996,-1
ELCAJNGT_7_N001,2026-07-15,15,test,5.020674855730204,0.6037082924067086,0.39629170759329135,0.16613717027714847,0.9010191027205378,-26.792299999999997,-1
ELCAJNGT_7_N001,2026-07-15,16,test,5.8176463970785015,0.5737111567996943,0.4262888432003057,0.13383848599398637,0.9250319001574375,-51.683499999999995,-1
ELCAJNGT_7_N001,2026-07-15,17,test,4.994172518374651,0.6172718665737601,0.3827281334262399,0.1642481057534026,0.8568269518572768,-64.71320000000001,-1
ELCAJNGT_7_N001,2026-07-15,18,test,5.273586350132536,0.62838479053689,0.37161520946311,0.17899506824389216,0.8219210604657603,-205.87740000000002,-1
ELCAJNGT_7_N001,2026-07-15,19,test,6.060296267538826,0.6408095638053686,0.3591904361946314,0.20911946311404084,0.8430326825790853,-323.9712,-1
ELCAJNGT_7_N001,2026-07-15,20,test,5.066015308566499,0.6496710628607311,0.35032893713926894,0.21578946720367384,0.7175965844962018,-317.9522,-1
ELCAJNGT_7_N001,2026-07-15,21,test,4.79540247462039,0.6563482120765856,0.34365178792341444,0.21663755887080866,0.7427317903985045,-349.8355,-1
ELCAJNGT_7_N001,2026-07-15,22,test,0.335140649245783,0.6667313884548509,0.3332686115451491,0.1694760535477821,0.8932364227383841,-325.1351,-1
ELCAJNGT_7_N001,2026-07-15,23,test,4.44146722279581,0.6605571138209742,0.33944288617902585,0.21030230278547946,0.740392887552783,-274.4972,-1
ELCAJNGT_7_N001,2026-07-15,24,test,5.756144013020749,0.6496161527683699,0.3503838472316301,0.2241596386299048,0.7411688654191433,-257.246,-1
ELCAJNGT_7_N001,2026-07-16,1,test,3.9441820481955,0.6384840850032538,0.3615159149967462,0.23321535491837558,0.9168645743970945,-206.51850000000002,-1
ELCAJNGT_7_N001,2026-07-16,2,test,3.145967866376766,0.6567165153916432,0.3432834846083568,0.2306237416648837,0.7648637199725883,-139.1349,-1
ELCAJNGT_7_N001,2026-07-16,3,test,2.5469814736681835,0.6365765219291868,0.3634234780708132,0.2175477008026178,0.7834920390888636,-70.0599,-1
ELCAJNGT_7_N001,2026-07-16,4,test,2.7174040235182066,0.6583509742064674,0.3416490257935326,0.2434003143636408,0.7449414260390091,14.534099999999995,1
ELCAJNGT_7_N001,2026-07-16,5,test,2.8634788741437576,0.6363548719294976,0.3636451280705024,0.22707365906640892,0.7681157937452057,-10.109200000000001,-1
ELCAJNGT_7_N001,2026-07-16,6,test,2.2702430675689236,0.6470925685869166,0.35290743141308345,0.21815557492201681,0.8017322919483023,-106.5599,-1
ELCAJNGT_7_N001,2026-07-16,7,test,2.7895608504873564,0.6603688058538528,0.3396311941461472,0.23654622036946654,0.7484815708444652,-94.4152,-1
ELCAJNGT_7_N001,2026-07-16,8,test,3.1620133516513174,0.6420390380028308,0.3579609619971692,0.22511418492048643,0.7917238657655608,-209.2803,-1
ELCAJNGT_7_N001,2026-07-16,9,test,2.0829528448997796,0.6394600468393934,0.3605399531606066,0.2077459167168279,0.7343006925877655,-47.645799999999994,-1
ELCAJNGT_7_N001,2026-07-16,10,test,2.8599601179321446,0.6160365388945678,0.3839634611054322,0.20399461079527592,0.6368795862588119,-25.4529,-1
ELCAJNGT_7_N001,2026-07-16,11,test,2.7138852673065927,0.6126349615917364,0.38736503840826364,0.17992035263513095,0.8296671640822422,-45.986599999999996,-1
ELCAJNGT_7_N001,2026-07-16,12,test,3.0276312558167136,0.615777239949654,0.38422276005034595,0.1895761517452167,0.7880321435238085,-35.531000000000006,-1
ELCAJNGT_7_N001,2026-07-16,13,test,2.9104477385600434,0.6126349615917364,0.38736503840826364,0.19152202548722772,0.892795639104199,-90.6666,-1
ELCAJNGT_7_N001,2026-07-16,14,test,3.1995101833340143,0.6061462553620459,0.3938537446379541,0.17599931963438176,0.9553724535682739,-46.06230000000001,-1
ELCAJNGT_7_N001,2026-07-16,15,test,3.6025118368039344,0.6241047327328564,0.3758952672671436,0.19704700486168308,0.762817749070191,-112.40890000000002,-1
ELCAJNGT_7_N001,2026-07-16,16,test,4.513877752910437,0.6175866194217781,0.38241338057822194,0.20298224096986847,0.8952909028629393,-18.418000000000006,-1
ELCAJNGT_7_N001,2026-07-16,17,test,4.86338973439529,0.6505698658338376,0.3494301341661624,0.2311258438711806,0.9520170630430028,-13.754299999999986,-1
ELCAJNGT_7_N001,2026-07-16,18,test,5.342846583516324,0.6539038802772763,0.3460961197227237,0.2410639763896995,0.951406460136143,-52.0411,-1
ELCAJNGT_7_N001,2026-07-16,19,test,5.504035976770456,0.6779250472272037,0.3220749527727963,0.26702825833875976,0.9542234390605657,-125.911,-1
ELCAJNGT_7_N001,2026-07-16,20,test,5.420204579401063,0.6636820593178635,0.3363179406821365,0.2521772504528091,0.9184567059923234,-339.1797,-1
ELCAJNGT_7_N001,2026-07-16,21,test,5.435733683811308,0.6886075708423833,0.31139242915761667,0.28219165905841403,0.8746473621767966,-285.105,-1
ELCAJNGT_7_N001,2026-07-16,22,test,1.6598321177091009,0.7172306116348661,0.2827693883651339,0.23111691524775713,0.8128395252676518,18.527299999999997,1
ELCAJNGT_7_N001,2026-07-16,23,test,3.6667181063838155,0.6929689394584935,0.30703106054150653,0.22929209482192892,0.6618393145514404,-73.91920000000002,-1
ELCAJNGT_7_N001,2026-07-16,24,test,3.994375021945966,0.6587436361243256,0.3412563638756744,0.25031873758367224,0.8339139354500442,-181.5879,-1
ELCAJNGT_7_N001,2026-07-17,1,test,2.1057772646995985,0.6130339741799787,0.38696602582002126,0.1439313884467487,0.9081219778292368,-131.636,-1
ELCAJNGT_7_N001,2026-07-17,2,test,1.7162749006102256,0.612806699150489,0.387193300849511,0.13527937822855202,0.981450474349923,-58.19999999999999,-1
ELCAJNGT_7_N001,2026-07-17,3,test,1.8160361244555685,0.6263231987650162,0.3736768012349838,0.14962700637664272,0.9452953684557883,-109.62379999999999,-1
ELCAJNGT_7_N001,2026-07-17,4,test,1.6680717449326432,0.6227377128413218,0.37726228715867816,0.14424927895192993,0.9355835338903878,-78.725,-1
ELCAJNGT_7_N001,2026-07-17,5,test,1.400639383202731,0.6113544745516107,0.38864552544838926,0.12961783324172907,0.9386361101236775,-78.72630000000001,-1
ELCAJNGT_7_N001,2026-07-17,6,test,1.334688797574082,0.6167840086658547,0.3832159913341453,0.13357897226103005,0.9952150817056412,13.6143,1
ELCAJNGT_7_N001,2026-07-17,7,test,1.13170100405994,0.6147544084234163,0.38524559157658367,0.12799751620743985,0.9430407123672695,-3.647999999999996,-1
ELCAJNGT_7_N001,2026-07-17,8,test,1.5517797407273235,0.6205748968604445,0.37942510313955546,0.14207307730722793,0.9359810687934558,3.1219000000000108,1
ELCAJNGT_7_N001,2026-07-17,9,test,1.178476898529163,0.6094735839115988,0.3905264160884012,0.12472550987657491,0.8973230925344539,-77.04159999999999,-1
ELCAJNGT_7_N001,2026-07-17,10,test,3.3822041922060007,0.5747620848252147,0.42523791517478526,0.11457940747927858,0.8684730815170312,-82.1625,-1
ELCAJNGT_7_N001,2026-07-17,11,test,2.901793539417017,0.5681133908652503,0.43188660913474974,0.10246856426271683,0.864566409883635,-79.9417,-1
ELCAJNGT_7_N001,2026-07-17,12,test,3.1527076661536255,0.5641448247344518,0.4358551752655482,0.10687820363012321,0.9834985897812438,-26.115099999999998,-1
ELCAJNGT_7_N001,2026-07-17,13,test,3.399145256037912,0.5657567259301419,0.4342432740698581,0.11119909865973526,0.8995840354667975,-13.828499999999991,-1
ELCAJNGT_7_N001,2026-07-17,14,test,3.399145256037912,0.5853410745397105,0.4146589254602895,0.12268345628892607,0.9862803539763196,0.12409999999999854,1
ELCAJNGT_7_N001,2026-07-17,15,test,3.9871894202110556,0.5919389777933945,0.40806102220660545,0.13984991205944142,0.86321087016668,-5.393899999999988,-1
ELCAJNGT_7_N001,2026-07-17,16,test,4.082812653039609,0.5853410745397105,0.4146589254602895,0.12902610986503463,0.8812062467793624,46.81660000000001,1
ELCAJNGT_7_N001,2026-07-17,17,test,4.516978675938484,0.6285708578787946,0.37142914212120537,0.16386102362747879,0.6714967511306902,45.05630000000001,1
ELCAJNGT_7_N001,2026-07-17,18,test,5.020438157534018,0.6383617740256579,0.36163822597434214,0.17764601738668379,0.6962046519808505,-11.875900000000001,-1
ELCAJNGT_7_N001,2026-07-17,19,test,5.684542825086287,0.6743343166692845,0.32566568333071555,0.21238739768609755,0.8086922890927707,1.9380000000000024,1
ELCAJNGT_7_N001,2026-07-17,20,test,4.368855332860968,0.6462200193881362,0.3537799806118638,0.178648481662865,0.7291001743350843,-32.2843,-1
ELCAJNGT_7_N001,2026-07-17,21,test,4.12293943866388,0.6743797479409178,0.3256202520590822,0.20326144938329135,0.7881332762659429,-30.35690000000001,-1
ELCAJNGT_7_N001,2026-07-17,22,test,0.1959671809748028,0.6677061875841617,0.33229381241583833,0.16896366974345395,0.909413163057325,-57.05899999999998,-1
ELCAJNGT_7_N001,2026-07-17,23,test,0.20403967135638246,0.6743797479409178,0.3256202520590822,0.17581326420244098,0.8634021666330787,-7.658000000000001,-1
ELCAJNGT_7_N001,2026-07-17,24,test,3.113663717566427,0.6482446045173668,0.35175539548263324,0.17692537610688563,0.7482226888398049,-61.53710000000001,-1
ELCAJNGT_7_N001,2026-07-18,1,test,3.161332689472338,0.6641048987562186,0.3358951012437814,0.2034024978584774,0.923340858706036,-125.96340000000001,-1
ELCAJNGT_7_N001,2026-07-18,2,test,3.161332689472338,0.6500576556576425,0.3499423443423575,0.19355774024328534,0.976198226100376,15.0612,1
ELCAJNGT_7_N001,2026-07-18,3,test,2.543505678878963,0.6435503724703614,0.3564496275296386,0.18211785612371928,0.9439812094830379,-29.14280000000001,-1
ELCAJNGT_7_N001,2026-07-18,4,test,2.00856742513217,0.6416084015946739,0.3583915984053261,0.1717869015997509,0.9432222181242801,-19.208699999999993,-1
ELCAJNGT_7_N001,2026-07-18,5,test,2.2228938764357324,0.6400989484293881,0.3599010515706119,0.17610578683746037,0.9587876330617311,44.09889999999999,1
ELCAJNGT_7_N001,2026-07-18,6,test,2.2228938764357324,0.6514308228120649,0.3485691771879351,0.18399144569812867,0.9718467092626296,-43.717600000000004,-1
ELCAJNGT_7_N001,2026-07-18,7,test,2.2228938764357324,0.6473822858448807,0.35261771415511933,0.17967278343660875,0.9653981247881329,-51.5415,-1
ELCAJNGT_7_N001,2026-07-18,8,test,3.010570641295748,0.6583265803954634,0.34167341960453657,0.19847990150537295,0.9938191763933134,43.56850000000001,1
ELCAJNGT_7_N001,2026-07-18,9,test,2.180529284557696,0.6472859608615198,0.3527140391384802,0.17221064980102185,0.8435701717156885,28.744400000000006,1
ELCAJNGT_7_N001,2026-07-18,10,test,4.015054037575264,0.5942055218185145,0.4057944781814855,0.13442484543551464,0.785688840603462,38.78869999999999,1
ELCAJNGT_7_N001,2026-07-18,11,test,3.5838071855638334,0.5826092640449501,0.41739073595504994,0.12144991845934089,0.8107369777007012,53.9082,1
ELCAJNGT_7_N001,2026-07-18,12,test,3.7514783234484024,0.5720929544341602,0.4279070455658398,0.12010851519308754,0.929067125621328,41.0087,1
ELCAJNGT_7_N001,2026-07-18,13,test,4.222369590947789,0.5969215610502537,0.40307843894974626,0.14823220763707884,0.9042313732362178,47.1418,1
ELCAJNGT_7_N001,2026-07-18,14,test,4.222369590947789,0.6034328343155438,0.39656716568445616,0.15351590240869126,0.918597997147637,40.60029999999999,1
ELCAJNGT_7_N001,2026-07-18,15,test,4.371231084187997,0.6338315042448036,0.3661684957551964,0.18680807708130284,0.9508577947388966,25.103799999999993,1
ELCAJNGT_7_N001,2026-07-18,16,test,4.130946648314458,0.6050143464381583,0.3949856535618417,0.15536110036150425,0.9310048983761822,-12.924999999999997,-1
ELCAJNGT_7_N001,2026-07-18,17,test,3.950321226847202,0.6256257840257746,0.3743742159742254,0.1680972193510285,0.8141692038599301,-10.164200000000008,-1
ELCAJNGT_7_N001,2026-07-18,18,test,5.163946206088979,0.6828925140887013,0.31710748591129867,0.23901242451614854,0.9463031762345531,-101.74899999999998,-1
ELCAJNGT_7_N001,2026-07-18,19,test,5.0699824706241285,0.6921012019247835,0.3078987980752165,0.24281640451936717,0.9515330210598993,11.280600000000007,1
ELCAJNGT_7_N001,2026-07-18,20,test,1.924288628377632,0.6902526429745302,0.30974735702546985,0.20952881428925382,0.9017589936490392,9.269800000000004,1
ELCAJNGT_7_N001,2026-07-18,21,test,3.8879982729890923,0.6921452861928689,0.30785471380713114,0.23148426852079299,0.9426995981885926,1.0216999999999956,1
ELCAJNGT_7_N001,2026-07-18,22,test,1.1039793095930879,0.6855708367925578,0.3144291632074422,0.1955967788105733,0.8282100498882808,-171.5901,-1
ELCAJNGT_7_N001,2026-07-18,23,test,1.1301851096062814,0.6921452861928689,0.30785471380713114,0.20406927861356752,0.8073450766531084,-512.5383,-1
ELCAJNGT_7_N001,2026-07-18,24,test,5.096422266662551,0.6921452861928689,0.30785471380713114,0.24934796298980982,0.8667281163736688,-21.2667,-1
ELCAJNGT_7_N001,2026-07-19,1,test,5.075876950671678,0.6694280443843684,0.3305719556156316,0.287850153359025,0.809884370937719,44.524100000000004,1
ELCAJNGT_7_N001,2026-07-19,2,test,5.074893036317046,0.6626724455469655,0.33732755445303453,0.26753606544970465,0.8598499601789344,14.739500000000007,1
ELCAJNGT_7_N001,2026-07-19,3,test,5.074893036317046,0.6610934801878877,0.3389065198121123,0.26664137250259307,0.8475828339991531,4.509399999999999,1
ELCAJNGT_7_N001,2026-07-19,4,test,4.960075181968607,0.6355448156822249,0.3644551843177751,0.24628487129984017,0.8598227553307379,21.360999999999997,1
ELCAJNGT_7_N001,2026-07-19,5,test,4.960075181968607,0.6355448156822249,0.3644551843177751,0.22912697826330358,0.8859002652577792,20.837500000000006,1
ELCAJNGT_7_N001,2026-07-19,6,test,4.388763732764524,0.6701383993398395,0.32986160066016046,0.2700407949964672,0.7785790938534268,35.3824,1
ELCAJNGT_7_N001,2026-07-19,7,test,4.741278957759809,0.6421167661177372,0.35788323388226284,0.24143710937475749,0.8186408123485579,28.977200000000003,1
ELCAJNGT_7_N001,2026-07-19,8,test,5.244742790583685,0.6519152845069288,0.3480847154930712,0.25644730535073634,0.7675484704160034,0.8674999999999997,1
ELCAJNGT_7_N001,2026-07-19,9,test,5.009578029796112,0.6325610568334108,0.3674389431665892,0.21388402385167288,0.9976695237856421,10.893900000000002,1
ELCAJNGT_7_N001,2026-07-19,10,test,5.070617449408733,0.5954913621423095,0.40450863785769053,0.18059616405520573,0.9562354223887871,5.367000000000004,1
ELCAJNGT_7_N001,2026-07-19,11,test,5.193451629031038,0.5851252935663777,0.41487470643362234,0.1672416353161696,0.7661570809156405,16.2074,1
ELCAJNGT_7_N001,2026-07-19,12,test,4.868635212157205,0.5689867567608774,0.4310132432391226,0.15877305836880035,0.9170536063152411,11.515700000000002,1
ELCAJNGT_7_N001,2026-07-19,13,test,5.193451629031038,0.6020385600732036,0.39796143992679645,0.19732970752119072,0.6394140470913319,15.981900000000003,1
ELCAJNGT_7_N001,2026-07-19,14,test,5.193451629031038,0.567377677016458,0.432622322983542,0.1499098648054551,0.938919978271326,16.109299999999998,1
ELCAJNGT_7_N001,2026-07-19,15,test,5.34888126196593,0.625926290805,0.37407370919500005,0.20257823062884486,0.8488837102473448,-55.31490000000001,-1
ELCAJNGT_7_N001,2026-07-19,16,test,3.912617007876134,0.5786758557676105,0.4213241442323895,0.1444305628869959,0.9135508737762239,-5.223200000000006,-1
ELCAJNGT_7_N001,2026-07-19,17,test,4.763382591336349,0.6212737353185811,0.3787262646814189,0.2064691587192795,0.6973743965379334,-3.6373999999999995,-1
ELCAJNGT_7_N001,2026-07-19,18,test,5.340861631936751,0.6429454845449112,0.3570545154550888,0.20803228118087902,0.9093346763871643,-15.519400000000005,-1
ELCAJNGT_7_N001,2026-07-19,19,test,5.428335080152032,0.6789004393729439,0.32109956062705614,0.2544508904049732,0.783432546133216,1.5356000000000023,1
ELCAJNGT_7_N001,2026-07-19,20,test,3.0018531494362595,0.6771062656686384,0.3228937343313616,0.21549753461158366,0.7869462604460996,-4.884100000000004,-1
ELCAJNGT_7_N001,2026-07-19,21,test,5.438664270054111,0.6790418854846749,0.3209581145153251,0.2580262657648024,0.7788626619565521,-2.398300000000006,-1
ELCAJNGT_7_N001,2026-07-19,22,test,-0.7172376042347303,0.6530884455080241,0.34691155449197586,0.16313436115060842,0.9594509327890223,4.914699999999996,1
ELCAJNGT_7_N001,2026-07-19,23,test,5.438664270054111,0.6789455369308409,0.3210544630691591,0.2623444226065236,0.9153014792488703,30.1391,1
ELCAJNGT_7_N001,2026-07-19,24,test,5.438664270054111,0.6790418854846749,0.3209581145153251,0.273455513312851,0.9741411785549312,18.234899999999996,1
ELCAJNGT_7_N001,2026-07-20,1,test,5.7499902755492,0.6896258466360585,0.3103741533639415,0.25492438690211805,0.6615680598307553,27.64070000000001,1
ELCAJNGT_7_N001,2026-07-20,2,test,5.7499902755492,0.6829919051697481,0.31700809483025194,0.24999610806155473,0.6442249111790193,25.39240000000001,1
ELCAJNGT_7_N001,2026-07-20,3,test,5.6050719358187155,0.681558280002845,0.318441719997155,0.24775583754088482,0.6368248267510962,24.384800000000006,1
ELCAJNGT_7_N001,2026-07-20,4,test,5.169642279027045,0.6768756250787782,0.3231243749212218,0.25892931441126166,0.9941480245573889,-6.617699999999999,-1
ELCAJNGT_7_N001,2026-07-20,5,test,4.730143665851302,0.6788641534446519,0.3211358465553481,0.264650158005933,0.9368585121645263,-49.54570000000001,-1
ELCAJNGT_7_N001,2026-07-20,6,test,5.101339986067897,0.6577580887074147,0.3422419112925853,0.21501276840429323,0.6977304987868789,-45.025400000000005,-1
ELCAJNGT_7_N001,2026-07-20,7,test,4.912715476182677,0.6546711628952477,0.34532883710475226,0.20187471558673867,0.7721932200211185,16.0835,1
ELCAJNGT_7_N001,2026-07-20,8,test,4.955824967093679,0.6669527400553559,0.3330472599446441,0.22521063580475117,0.6118665244369729,30.397000000000006,1
ELCAJNGT_7_N001,2026-07-20,9,test,4.6964858369403455,0.6797015151741612,0.3202984848258388,0.23586841001652076,0.5968762852714469,-39.071,-1
ELCAJNGT_7_N001,2026-07-20,10,test,4.918544140100748,0.6639861315966138,0.3360138684033862,0.22200498021952125,0.6026195894223357,-44.9427,-1
ELCAJNGT_7_N001,2026-07-20,11,test,4.775894860557908,0.6307734485371435,0.36922655146285654,0.1879826967538541,0.6067191071179344,-28.682699999999997,-1
ELCAJNGT_7_N001,2026-07-20,12,test,4.772607261097342,0.6050143464381583,0.3949856535618417,0.20289158159970042,0.7646847870396508,-14.6781,-1
ELCAJNGT_7_N001,2026-07-20,13,test,4.928036894032233,0.6195018090587213,0.3804981909412787,0.1784391029749799,0.605319564220571,-15.423000000000002,-1
ELCAJNGT_7_N001,2026-07-20,14,test,4.7950857357467065,0.6052762528598803,0.3947237471401197,0.1882625155095219,0.9242548010218896,-32.60329999999999,-1
ELCAJNGT_7_N001,2026-07-20,15,test,5.999155431724571,0.6339832895605312,0.3660167104394688,0.19648424579790447,0.6677053310542526,-33.677800000000005,-1
ELCAJNGT_7_N001,2026-07-20,16,test,5.5189093819158455,0.615287017979351,0.38471298202064896,0.21243164944215986,0.745504747357361,-13.209099999999992,-1
ELCAJNGT_7_N001,2026-07-20,17,test,5.421826046740647,0.6356913720318925,0.3643086279681075,0.19112601195311102,0.6619107174123576,-23.370999999999995,-1
ELCAJNGT_7_N001,2026-07-20,18,test,6.371956083443371,0.6568773254071122,0.3431226745928878,0.21805308507429577,0.6829372713479138,-13.46990000000001,-1
ELCAJNGT_7_N001,2026-07-20,19,test,6.588265731364241,0.6665871809264925,0.3334128190735075,0.22708887590830598,0.7490146474499394,-118.30669999999999,-1
ELCAJNGT_7_N001,2026-07-20,20,test,4.259192414385732,0.6644461104523208,0.3355538895476792,0.21609707441539644,0.7882280388071025,2.1670000000000016,1
ELCAJNGT_7_N001,2026-07-20,21,test,6.792079546787425,0.66642023400549,0.33357976599451,0.24715240609938777,0.7520288034755161,21.1794,1
ELCAJNGT_7_N001,2026-07-20,22,test,0.03865093230483024,0.6856661176011698,0.3143338823988302,0.18609857247616401,0.9519194555982307,20.803600000000003,1
ELCAJNGT_7_N001,2026-07-20,23,test,0.43143360015537957,0.6667313884548509,0.3332686115451491,0.17133156584395334,0.9233443362119097,27.147400000000005,1
ELCAJNGT_7_N001,2026-07-20,24,test,6.120675244616109,0.6920510872854414,0.3079489127145586,0.27531185419154725,0.8222565086119112,48.974599999999995,1
ELCAJNGT_7_N001,2026-07-21,1,test,3.354442653284531,0.6271480097895095,0.37285199021049054,0.1780099333320033,0.6199038234978077,-31.880199999999988,-1
ELCAJNGT_7_N001,2026-07-21,2,test,3.588378435545738,0.6304957094780499,0.3695042905219501,0.1781378060130988,0.7130277056660496,54.87670000000001,1
ELCAJNGT_7_N001,2026-07-21,3,test,3.720602736117259,0.6302725048328768,0.3697274951671232,0.18348091688662344,0.6513327969695394,48.3163,1
ELCAJNGT_7_N001,2026-07-21,4,test,3.5282965726191073,0.622800331885464,0.377199668114536,0.21737533729930192,0.8963144876024925,48.07580000000001,1
ELCAJNGT_7_N001,2026-07-21,5,test,2.8243063983774896,0.6282066604536515,0.3717933395463485,0.209803829088803,0.8582079316631338,49.6836,1
ELCAJNGT_7_N001,2026-07-21,6,test,3.0406653499965675,0.632392072857071,0.367607927142929,0.20934287269762736,0.9832979894701486,41.836499999999994,1
ELCAJNGT_7_N001,2026-07-21,7,test,2.918645423053233,0.6288060119049078,0.3711939880950922,0.20556181704834475,0.9326725459810349,36.83710000000001,1
ELCAJNGT_7_N001,2026-07-21,8,test,3.4720838865542207,0.6375432448823026,0.36245675511769737,0.19270064345298218,0.6001069884600885,30.518699999999995,1
ELCAJNGT_7_N001,2026-07-21,9,test,3.336342560120525,0.6248614700371384,0.37513852996286157,0.17652919072292694,0.6502283794456735,65.2554,1
ELCAJNGT_7_N001,2026-07-21,10,test,2.170864475689577,0.5971586340454705,0.40284136595452946,0.1312214522295809,0.590688383481587,58.4562,1
ELCAJNGT_7_N001,2026-07-21,11,test,1.566347384995911,0.5923936670493806,0.40760633295061943,0.11914786289173979,0.5602749395232607,46.0661,1
ELCAJNGT_7_N001,2026-07-21,12,test,1.41091775206102,0.5824636695395968,0.41753633046040317,0.1212633887636736,0.696436301969001,-19.66680000000001,-1
ELCAJNGT_7_N001,2026-07-21,13,test,1.664994098882954,0.5868056451393887,0.4131943548606113,0.11371653610903634,0.5853161622628777,-12.815200000000004,-1
ELCAJNGT_7_N001,2026-07-21,14,test,1.509564465948063,0.5824636695395968,0.41753633046040317,0.12367722047792874,0.6737242810607714,2.675300000000007,1
ELCAJNGT_7_N001,2026-07-21,15,test,2.3070997503187582,0.5914062652746234,0.40859373472537663,0.11638027908008096,0.675473156733415,-5.550700000000006,-1
ELCAJNGT_7_N001,2026-07-21,16,test,1.2020116488672978,0.5821970748414179,0.4178029251585821,0.1022370196974321,0.7946659141770148,-88.83340000000001,-1
ELCAJNGT_7_N001,2026-07-21,17,test,1.3381004066106592,0.5963849656912902,0.4036150343087098,0.11083728721010494,0.7298279911191493,-88.5423,-1
ELCAJNGT_7_N001,2026-07-21,18,test,2.7294342224789334,0.6047281984894515,0.3952718015105485,0.13342475102242946,0.6777720322909503,-201.08079999999998,-1
ELCAJNGT_7_N001,2026-07-21,19,test,3.9173193737900727,0.625459284076573,0.37454071592342697,0.16468837509287648,0.7339258499845099,-67.20729999999999,-1
ELCAJNGT_7_N001,2026-07-21,20,test,4.022660589810589,0.6361500316089539,0.3638499683910461,0.17480294174227665,0.7549972779300207,-288.9707,-1
ELCAJNGT_7_N001,2026-07-21,21,test,4.495268502643131,0.640264924740203,0.359735075259797,0.18465587951340806,0.7255041406978884,-285.5544,-1
ELCAJNGT_7_N001,2026-07-21,22,test,0.8983594746738663,0.6299024343533104,0.3700975656466896,0.13880788570602637,0.7803812582525254,-67.1267,-1
ELCAJNGT_7_N001,2026-07-21,23,test,0.8983594746738663,0.6299024343533104,0.3700975656466896,0.13866131943343035,0.8026756731453851,28.4315,1
ELCAJNGT_7_N001,2026-07-21,24,test,4.625200620189559,0.6400442522641661,0.35995574773583394,0.19766881420485893,0.6897924408751068,0.0,0
ELCAJNGT_7_N001,2026-07-22,1,test,5.332497395047628,0.6358863957616988,0.3641136042383012,0.1838222779319662,0.7058916859914356,-147.9394,-1
ELCAJNGT_7_N001,2026-07-22,2,test,4.582414340594006,0.6288254005922572,0.3711745994077428,0.18876237594324147,0.6932586281225059,-578.8443,-1
ELCAJNGT_7_N001,2026-07-22,3,test,4.188974851924803,0.6288254005922572,0.3711745994077428,0.18902671868167314,0.6305747088160515,-251.5625,-1
ELCAJNGT_7_N001,2026-07-22,4,test,4.756372405016251,0.6266677832233716,0.3733322167766284,0.19074412726918732,0.6904759504657151,-2.9506000000000085,-1
ELCAJNGT_7_N001,2026-07-22,5,test,4.499445602171883,0.6274598969270471,0.37254010307295293,0.18633331847329562,0.6758524604329341,-0.5931000000000068,-1
ELCAJNGT_7_N001,2026-07-22,6,test,4.120672558965655,0.6325141385548715,0.3674858614451285,0.1880766048478461,0.6551140752279083,-48.24669999999999,-1
ELCAJNGT_7_N001,2026-07-22,7,test,4.975197008444557,0.6273565614669464,0.3726434385330536,0.1957493862882589,0.630131340209117,-140.0545,-1
ELCAJNGT_7_N001,2026-07-22,8,test,4.975197008444557,0.6358863957616988,0.3641136042383012,0.1856506564335959,0.8830192543921892,-113.1328,-1
ELCAJNGT_7_N001,2026-07-22,9,test,4.299398872198746,0.6327264798740012,0.3672735201259988,0.1764222921717981,0.8839222218616449,-53.15660000000001,-1
ELCAJNGT_7_N001,2026-07-22,10,test,5.419621121686772,0.5924310880545698,0.4075689119454302,0.14502080778575244,0.9045061213947667,-89.38179999999998,-1
ELCAJNGT_7_N001,2026-07-22,11,test,3.0064896582119047,0.5739626582485332,0.4260373417514668,0.11163942552360889,0.7471042651633142,-104.0803,-1
ELCAJNGT_7_N001,2026-07-22,12,test,2.60163815329512,0.5643646014637563,0.43563539853624367,0.09350402017618484,0.874943012417384,-2.1746000000000123,-1
ELCAJNGT_7_N001,2026-07-22,13,test,3.737706734778292,0.5747758173326595,0.4252241826673405,0.11734276672876445,0.7859037103617031,-30.874200000000002,-1
ELCAJNGT_7_N001,2026-07-22,14,test,3.5822771018434008,0.5705082924445463,0.42949170755545374,0.11235272643607377,0.6995076370383669,-84.13959999999999,-1
ELCAJNGT_7_N001,2026-07-22,15,test,4.3597536661704845,0.6175613720061228,0.3824386279938772,0.15824058616932818,0.6195526546979161,-85.44770000000001,-1
ELCAJNGT_7_N001,2026-07-22,16,test,3.5822771018434008,0.5633947264713265,0.4366052735286735,0.1021204859347058,0.7609856195715033,-10.261099999999999,-1
ELCAJNGT_7_N001,2026-07-22,17,test,3.499434379943974,0.5844365250977345,0.41556347490226553,0.11971186603802439,0.8098364673675611,-110.53120000000001,-1
ELCAJNGT_7_N001,2026-07-22,18,test,4.4495644166467,0.6066538176251596,0.3933461823748404,0.1421643715602668,0.7325016852871211,-190.51229999999998,-1
ELCAJNGT_7_N001,2026-07-22,19,test,5.735533806181557,0.6235543226767059,0.37644567732329415,0.16775080264887549,0.7131752564989596,-420.0399,-1
ELCAJNGT_7_N001,2026-07-22,20,test,5.16678268931927,0.6341651015488254,0.36583489845117456,0.1618854127229742,0.7411668952050934,-681.9432,-1
ELCAJNGT_7_N001,2026-07-22,21,test,5.633370335808008,0.6386134646390803,0.3613865353609197,0.17211948835869673,0.6603681229009365,-515.7788999999999,-1
ELCAJNGT_7_N001,2026-07-22,22,test,3.2476537025243695,0.6316073071266257,0.3683926928733743,0.14966602214701002,0.7297458783186145,-334.3633,-1
ELCAJNGT_7_N001,2026-07-22,23,test,3.1516571591716396,0.6386134646390803,0.3613865353609197,0.15597862606327353,0.7121111410842386,-133.8525,-1
ELCAJNGT_7_N001,2026-07-22,24,test,5.639937849012572,0.6386134646390803,0.3613865353609197,0.17717965867077284,0.5921503980318705,-27.477599999999995,-1
ELCAJNGT_7_N001,2026-07-23,1,test,5.560314261665723,0.6641048987562186,0.3358951012437814,0.2597024145876236,0.8436400379577057,5.8851999999999975,1
ELCAJNGT_7_N001,2026-07-23,2,test,5.089061007517793,0.6482635926638504,0.35173640733614964,0.2544845195056978,0.9518131022157722,23.397899999999993,1
ELCAJNGT_7_N001,2026-07-23,3,test,5.08807709316316,0.6571966252158136,0.34280337478418643,0.2535181634096891,0.907953863721862,-139.6783,-1
ELCAJNGT_7_N001,2026-07-23,4,test,4.416672790991844,0.6482635926638504,0.35173640733614964,0.23324863101971166,0.8751267615758581,-50.52090000000001,-1
ELCAJNGT_7_N001,2026-07-23,5,test,3.864246782029603,0.6515483215130045,0.34845167848699554,0.23154602361225496,0.918620890206695,-49.55160000000001,-1
ELCAJNGT_7_N001,2026-07-23,6,test,4.819623752180626,0.659030062131632,0.34096993786836804,0.2534754521850081,0.9647971856371944,-57.8865,-1
ELCAJNGT_7_N001,2026-07-23,7,test,4.603713113103637,0.6482635926638504,0.35173640733614964,0.24533348443788222,0.9012462589899359,-8.040499999999994,-1
ELCAJNGT_7_N001,2026-07-23,8,test,4.887926045139774,0.660637615813594,0.33936238418640596,0.26304222397239063,0.8451560021823853,28.5343,1
ELCAJNGT_7_N001,2026-07-23,9,test,3.9803732915144523,0.6535573486389055,0.34644265136109453,0.23516120618265524,0.8790219079187174,14.496099999999998,1
ELCAJNGT_7_N001,2026-07-23,10,test,4.949701780571966,0.6295527418562311,0.3704472581437689,0.22950505612166439,0.8532903904814688,68.4887,1
ELCAJNGT_7_N001,2026-07-23,11,test,5.3216571274388516,0.6195018090587213,0.3804981909412787,0.23221044832702462,0.843761033860571,32.267700000000005,1
ELCAJNGT_7_N001,2026-07-23,12,test,4.897725403643223,0.6050143464381583,0.3949856535618417,0.1851514166639168,0.890795642134789,-8.838800000000006,-1
ELCAJNGT_7_N001,2026-07-23,13,test,5.751966433465487,0.6195018090587213,0.3804981909412787,0.23162164000477098,0.8306902524665642,-49.15660000000001,-1
ELCAJNGT_7_N001,2026-07-23,14,test,5.27172038365676,0.6050143464381583,0.3949856535618417,0.19610262389055588,0.8191515056891767,-49.10380000000001,-1
ELCAJNGT_7_N001,2026-07-23,15,test,5.751966433465487,0.6337289044731365,0.36627109552686354,0.2227939346436778,0.9172405956084559,12.333399999999997,1
ELCAJNGT_7_N001,2026-07-23,16,test,5.751966433465487,0.6206873813856512,0.37931261861434884,0.2065787400945031,0.9722600390439032,-16.19750000000002,-1
ELCAJNGT_7_N001,2026-07-23,17,test,5.3362316692697735,0.6407697900753503,0.3592302099246497,0.22152389928102031,0.9712703531771588,-14.498999999999995,-1
ELCAJNGT_7_N001,2026-07-23,18,test,5.841777183941701,0.6504179806607868,0.3495820193392132,0.2321212963521797,0.8369381162255807,45.63689999999998,1
ELCAJNGT_7_N001,2026-07-23,19,test,6.284188765881142,0.6918022111824985,0.3081977888175015,0.2704844006516906,0.880188895183104,53.47909999999999,1
ELCAJNGT_7_N001,2026-07-23,20,test,3.909613135007239,0.6644455106054244,0.33555448939457555,0.21036713763861084,0.9734039229620582,47.44730000000001,1
ELCAJNGT_7_N001,2026-07-23,21,test,3.909613135007239,0.6664196359158879,0.33358036408411207,0.21207813374649992,0.9676268330248868,-23.4495,-1
ELCAJNGT_7_N001,2026-07-23,22,test,1.455999278419041,0.6596652654231537,0.34033473457684627,0.17606015694288446,0.8328148435672412,42.95559999999999,1
ELCAJNGT_7_N001,2026-07-23,23,test,3.312829610680334,0.6663213602225385,0.3336786397774615,0.2035106371962928,0.8566136127760775,-21.965300000000013,-1
ELCAJNGT_7_N001,2026-07-23,24,test,6.398618352942112,0.6663213602225385,0.3336786397774615,0.24981138895376284,0.9825175695514256,-82.9335,-1
ELCAJNGT_7_N001,2026-07-24,1,test,5.613270716826577,0.6380434062880675,0.36195659371193245,0.17997325048822532,0.6632353830032263,9.580699999999993,1
ELCAJNGT_7_N001,2026-07-24,2,test,1.6364823983609815,0.6382646121355368,0.36173538786446324,0.14982189856639147,0.7669502103271512,2.0460000000000065,1
ELCAJNGT_7_N001,2026-07-24,3,test,5.447001213682104,0.6382646121355368,0.36173538786446324,0.18141908408713736,0.6825151374904224,-21.725200000000015,-1
ELCAJNGT_7_N001,2026-07-24,4,test,5.261350359362551,0.6192636212762124,0.3807363787237876,0.1586455006666565,0.743255245179403,-19.870899999999992,-1
ELCAJNGT_7_N001,2026-07-24,5,test,5.460480428133314,0.6256150679966997,0.37438493200330025,0.16760600902934097,0.6926625377861904,-21.51299999999999,-1
ELCAJNGT_7_N001,2026-07-24,6,test,5.025940024051007,0.631222989658728,0.36877701034127197,0.1721507977906563,0.6656879499160832,-15.79849999999999,-1
ELCAJNGT_7_N001,2026-07-24,7,test,5.025940024051007,0.6385884075147843,0.3614115924852157,0.17878827479963855,0.6621881154845517,-21.791299999999993,-1
ELCAJNGT_7_N001,2026-07-24,8,test,5.528782721092462,0.6385884075147843,0.3614115924852157,0.1808334599597803,0.6294631490244424,36.3659,1
ELCAJNGT_7_N001,2026-07-24,9,test,4.658137961675747,0.6280159206292012,0.3719840793707988,0.16959201420771108,0.6460690390506832,-31.50829999999999,-1
ELCAJNGT_7_N001,2026-07-24,10,test,5.999712737920558,0.6178072550119577,0.38219274498804234,0.16147472986867606,0.6177896462840581,-12.31280000000001,-1
ELCAJNGT_7_N001,2026-07-24,11,test,5.488500857469943,0.6010151381956045,0.3989848618043955,0.14068703828339624,0.6240974794651227,7.320599999999999,1
ELCAJNGT_7_N001,2026-07-24,12,test,4.744759865122167,0.5779701651035465,0.4220298348964535,0.1260635156668505,0.7424012445102353,-32.6323,-1
ELCAJNGT_7_N001,2026-07-24,13,test,5.225005914930891,0.5927819204921817,0.4072180795078183,0.1284637128066657,0.6613622787818059,-28.857,-1
ELCAJNGT_7_N001,2026-07-24,14,test,5.225005914930891,0.586142580701403,0.413857419298597,0.12229667727724647,0.6281586393739341,-1.4634999999999962,-1
ELCAJNGT_7_N001,2026-07-24,15,test,5.3094939106650045,0.6008132656379127,0.3991867343620873,0.1355464251409999,0.6617403645734846,43.40939999999999,1
ELCAJNGT_7_N001,2026-07-24,16,test,5.3094939106650045,0.5929342050391307,0.40706579496086925,0.12918631822386256,0.6343644660933841,43.602999999999994,1
ELCAJNGT_7_N001,2026-07-24,17,test,4.977596367044688,0.6419863025930808,0.35801369740691924,0.17610809087740692,0.6347422355798356,43.182599999999994,1
ELCAJNGT_7_N001,2026-07-24,18,test,5.4810558486402225,0.651619584156319,0.34838041584368096,0.18638777144535743,0.6056821211982556,67.57520000000001,1
ELCAJNGT_7_N001,2026-07-24,19,test,3.7498550114948546,0.6673358040147898,0.33266419598521024,0.1903818191860527,0.6426975371024721,-174.7513,-1
ELCAJNGT_7_N001,2026-07-24,20,test,1.6663756577030782,0.6586461018341885,0.3413538981658115,0.16805196748907217,0.6792259516660966,-914.1627,-1
ELCAJNGT_7_N001,2026-07-24,21,test,1.6663756577030782,0.6606369199569851,0.33936308004301485,0.17001931870708914,0.6809573773223431,33.672799999999995,1
ELCAJNGT_7_N001,2026-07-24,22,test,1.6663756577030782,0.6606369199569851,0.33936308004301485,0.1697243280646423,0.7455015898476731,47.56150000000001,1
ELCAJNGT_7_N001,2026-07-24,23,test,2.0302435575107145,0.6409839255551502,0.35901607444484984,0.15403076611693503,0.7343579963275155,42.02239999999999,1
ELCAJNGT_7_N001,2026-07-24,24,test,6.090641532871221,0.6409839255551502,0.35901607444484984,0.18190413140301087,0.6196964697718299,17.238,1
ELCAJNGT_7_N001,2026-07-25,1,test,5.669685518572766,0.6760614649037255,0.32393853509627446,0.24790842112179048,0.6924787057938697,8.940399999999997,1
ELCAJNGT_7_N001,2026-07-25,2,test,3.4960800649679418,0.6760614649037255,0.32393853509627446,0.2169488513099844,0.7423201840826377,18.839799999999997,1
ELCAJNGT_7_N001,2026-07-25,3,test,5.669685518572766,0.6761582661392999,0.32384173386070014,0.25001415606247784,0.670481989101169,35.881299999999996,1
ELCAJNGT_7_N001,2026-07-25,4,test,5.669685518572766,0.6355142348426636,0.36448576515733644,0.21270429236289107,0.6800208623166072,4.916699999999992,1
ELCAJNGT_7_N001,2026-07-25,5,test,5.669685518572766,0.6342038527151369,0.3657961472848631,0.211420298950377,0.6723126448927331,45.7869,1
ELCAJNGT_7_N001,2026-07-25,6,test,5.668701604218134,0.6339815876775338,0.36601841232246624,0.2019512122237564,0.7633573295836344,41.5819,1
ELCAJNGT_7_N001,2026-07-25,7,test,5.668701604218134,0.668122254033725,0.33187774596627495,0.24229406152133115,0.6746194318589699,23.696299999999994,1
ELCAJNGT_7_N001,2026-07-25,8,test,5.668701604218134,0.6449688243390451,0.3550311756609549,0.2217956400520989,0.6762752213362537,47.0124,1
ELCAJNGT_7_N001,2026-07-25,9,test,5.6426129386672415,0.6414909346748401,0.3585090653251599,0.21931189022435377,0.6562482190727316,43.306999999999995,1
ELCAJNGT_7_N001,2026-07-25,10,test,5.229529902070609,0.6249352830265369,0.3750647169734631,0.20432791454218002,0.6091862732281484,46.3175,1
ELCAJNGT_7_N001,2026-07-25,11,test,4.073910943948797,0.6148357171697757,0.3851642828302243,0.17770579352836136,0.5967842241992695,47.3522,1
ELCAJNGT_7_N001,2026-07-25,12,test,3.9184813110139065,0.5906620880137858,0.40933791198621416,0.14765392957822407,0.6414273231393436,47.738899999999994,1
ELCAJNGT_7_N001,2026-07-25,13,test,3.9184813110139065,0.6006421636551653,0.3993578363448347,0.1584003436216335,0.6321255474292117,59.65059999999999,1
ELCAJNGT_7_N001,2026-07-25,14,test,4.69595787534099,0.6231342883751284,0.3768657116248716,0.18699465548774075,0.6488237409812646,37.59160000000001,1
ELCAJNGT_7_N001,2026-07-25,15,test,4.540528242406098,0.6424928241217951,0.3575071758782049,0.20388061572510105,0.6563167442757586,41.84089999999999,1
ELCAJNGT_7_N001,2026-07-25,16,test,4.540528242406098,0.5856779708726573,0.41432202912734273,0.13329845637161886,0.8095147474266852,13.977199999999996,1
ELCAJNGT_7_N001,2026-07-25,17,test,4.280223111145276,0.6600885214940047,0.33991147850599535,0.20523577286459657,0.7859559804405576,36.052899999999994,1
ELCAJNGT_7_N001,2026-07-25,18,test,4.785768625817205,0.66948548365742,0.33051451634258,0.22196039478265864,0.6938397581621398,44.15289999999999,1
ELCAJNGT_7_N001,2026-07-25,19,test,3.5267034571117297,0.6789004393729439,0.32109956062705614,0.21414288392248584,0.795211919761092,66.5975,1
ELCAJNGT_7_N001,2026-07-25,20,test,1.3646175702498837,0.6703636052154902,0.3296363947845098,0.18377345263727424,0.846650057129059,48.06729999999999,1
ELCAJNGT_7_N001,2026-07-25,21,test,1.363633655895251,0.6723200838906251,0.32767991610937486,0.18635001234588536,0.8076166861407036,60.71939999999999,1
ELCAJNGT_7_N001,2026-07-25,22,test,1.363633655895251,0.6723200838906251,0.32767991610937486,0.18592905162540113,0.8333195877176,73.17779999999999,1
ELCAJNGT_7_N001,2026-07-25,23,test,1.363633655895251,0.6789455369308409,0.3210544630691591,0.19317392080139395,0.8104386229614803,60.708000000000006,1
ELCAJNGT_7_N001,2026-07-25,24,test,5.968590630623881,0.6459563687720513,0.3540436312279487,0.21647865179205955,0.7062818324659872,60.4293,1
ELCAJNGT_7_N001,2026-07-26,1,test,6.087208447749831,0.6640062849407006,0.3359937150592994,0.23797024234967554,0.7970429180564494,38.08819999999999,1
ELCAJNGT_7_N001,2026-07-26,2,test,3.754525737750034,0.6640062849407006,0.3359937150592994,0.2068950850307236,0.9734846363285246,26.800600000000003,1
ELCAJNGT_7_N001,2026-07-26,3,test,6.087208447749831,0.6895312226178029,0.31046877738219714,0.25935364688176504,0.8380132209255264,21.624699999999997,1
ELCAJNGT_7_N001,2026-07-26,4,test,6.087208447749831,0.6452118034005812,0.35478819659941885,0.21640668818957504,0.8514235214055274,22.742400000000004,1
ELCAJNGT_7_N001,2026-07-26,5,test,6.087208447749831,0.647870076364972,0.35212992363502804,0.21223070060250512,0.9568444834126267,15.824999999999996,1
ELCAJNGT_7_N001,2026-07-26,6,test,6.087208447749831,0.6814623324905492,0.3185376675094508,0.2502344348722124,0.7900850588203329,24.063699999999997,1
ELCAJNGT_7_N001,2026-07-26,7,test,6.087208447749831,0.6556053493082762,0.3443946506917238,0.22153217537508435,0.8296216557363761,14.741,1
ELCAJNGT_7_N001,2026-07-26,8,test,5.867751846552204,0.6406435212627054,0.3593564787372946,0.21005218370309,0.794419939760943,25.1167,1
ELCAJNGT_7_N001,2026-07-26,9,test,5.697251882391302,0.6461646699807064,0.35383533001929357,0.20950195900079058,0.8571934440384971,21.647600000000004,1
ELCAJNGT_7_N001,2026-07-26,10,test,6.172055411277998,0.6068235927848804,0.3931764072151196,0.18215097319611892,0.9314129039003085,30.730000000000004,1
ELCAJNGT_7_N001,2026-07-26,11,test,5.608426520973252,0.5965511776323812,0.4034488223676188,0.15958232078615806,0.7851253782736303,31.7425,1
ELCAJNGT_7_N001,2026-07-26,12,test,5.45299688803836,0.5842032086649803,0.4157967913350197,0.13589419306253103,0.9351952932083047,26.4555,1
ELCAJNGT_7_N001,2026-07-26,13,test,5.45299688803836,0.5984985154315068,0.4015014845684932,0.15391244762649336,0.861904515480166,35.871399999999994,1
ELCAJNGT_7_N001,2026-07-26,14,test,6.079317788472637,0.6337289044731365,0.36627109552686354,0.19601670992871273,0.8684222153660615,38.96430000000001,1
ELCAJNGT_7_N001,2026-07-26,15,test,6.079317788472637,0.6262636320506386,0.3737363679493614,0.1977969124242007,0.7518535269695413,22.064299999999996,1
ELCAJNGT_7_N001,2026-07-26,16,test,5.923888155537747,0.6150275291800879,0.38497247081991215,0.18472971887255574,0.7496455605141675,12.702599999999997,1
ELCAJNGT_7_N001,2026-07-26,17,test,5.689562604645507,0.6406680322519342,0.35933196774806575,0.20474226638805912,0.7297068696942296,43.443599999999996,1
ELCAJNGT_7_N001,2026-07-26,18,test,5.725272672574479,0.6505352775530974,0.34946472244690263,0.21591277379166945,0.7725643539824913,-21.406700000000015,-1
ELCAJNGT_7_N001,2026-07-26,19,test,3.6991696028993624,0.6703318545629717,0.32966814543702827,0.20555398780575132,0.9976754891088714,45.254000000000005,1
ELCAJNGT_7_N001,2026-07-26,20,test,1.3119794311738513,0.6576717008962849,0.3423282991037151,0.16938976633857672,0.9049434948858928,70.0245,1
ELCAJNGT_7_N001,2026-07-26,21,test,1.2857736311606578,0.6596658694383836,0.34033413056161643,0.17218489286075472,0.9924960094969912,57.7095,1
ELCAJNGT_7_N001,2026-07-26,22,test,1.2857736311606578,0.6598809050609317,0.34011909493906833,0.17159667211061716,0.9545645946571328,48.274,1
ELCAJNGT_7_N001,2026-07-26,23,test,1.2857736311606578,0.66642023400549,0.33357976599451,0.17870249428761287,0.9521219324951653,35.316900000000004,1
ELCAJNGT_7_N001,2026-07-26,24,test,6.09682985012791,0.6629894423274537,0.3370105576725463,0.23624293655399925,0.879726544345673,-11.843599999999995,-1
ELCAJNGT_7_N001,2026-07-27,1,test,4.498311867552514,0.6326193176435952,0.36738068235640475,0.2173315619463958,0.8211644974745979,16.92370000000001,1
ELCAJNGT_7_N001,2026-07-27,2,test,2.3256201185880663,0.6375432448823026,0.36245675511769737,0.15658880567876796,0.6321286215911125,21.90720000000001,1
ELCAJNGT_7_N001,2026-07-27,3,test,4.498311867552514,0.6373218485680968,0.3626781514319032,0.2030086736419372,0.5779887412341168,-18.235500000000002,-1
ELCAJNGT_7_N001,2026-07-27,4,test,4.498311867552514,0.6258529392707879,0.3741470607292121,0.22510181220199682,0.6967265349619178,-16.404299999999992,-1
ELCAJNGT_7_N001,2026-07-27,5,test,4.585850316064476,0.6271035146344935,0.37289648536550646,0.2422661878515427,0.640367366445664,17.189999999999998,1
ELCAJNGT_7_N001,2026-07-27,6,test,4.585850316064476,0.6323966478754608,0.3676033521245392,0.2408749654265421,0.628245420990253,12.460099999999997,1
ELCAJNGT_7_N001,2026-07-27,7,test,4.366393714866849,0.6323966478754608,0.3676033521245392,0.229042914755765,0.6307243005803783,27.937399999999997,1
ELCAJNGT_7_N001,2026-07-27,8,test,2.685337885174443,0.6310370164835897,0.3689629835164103,0.2197677821195419,0.6666771921636468,12.762300000000003,1
ELCAJNGT_7_N001,2026-07-27,9,test,3.071542780459631,0.6267742358751532,0.37322576412484676,0.21902459415421416,0.7201637963862328,22.335,1
ELCAJNGT_7_N001,2026-07-27,10,test,2.347109614318247,0.5968949285574848,0.4031050714425152,0.171506432094987,0.7098433398022952,17.323800000000006,1
ELCAJNGT_7_N001,2026-07-27,11,test,1.4444451152357898,0.5868056451393887,0.4131943548606113,0.135182364547936,0.7222800453307292,23.8059,1
ELCAJNGT_7_N001,2026-07-27,12,test,1.3862299504206739,0.5821970748414179,0.4178029251585821,0.12941202148950326,0.795414516602434,17.636700000000005,1
ELCAJNGT_7_N001,2026-07-27,13,test,1.488324798643513,0.5819395404317261,0.41806045956827387,0.13157343105485286,0.6865159851094738,20.8508,1
ELCAJNGT_7_N001,2026-07-27,14,test,2.036058028452342,0.5912994431834575,0.4087005568165425,0.1538121174090614,0.5992847991196789,-16.9679,-1
ELCAJNGT_7_N001,2026-07-27,15,test,2.9642849244961322,0.5935030832518133,0.40649691674818667,0.14880310479303835,0.682936645377932,-13.556399999999996,-1
ELCAJNGT_7_N001,2026-07-27,16,test,2.5120571807798227,0.5822061815339344,0.41779381846606556,0.12954783573545742,0.7273512893214709,22.4966,1
ELCAJNGT_7_N001,2026-07-27,17,test,2.937300827619089,0.6053365442718994,0.3946634557281006,0.16020771694599814,0.6776734055108826,-24.165999999999997,-1
ELCAJNGT_7_N001,2026-07-27,18,test,4.018277098531478,0.6153651438245128,0.3846348561754872,0.15330109547753884,0.5890778375477839,-75.76769999999999,-1
ELCAJNGT_7_N001,2026-07-27,19,test,2.715925061722052,0.6145946066349767,0.38540539336502333,0.13732966845500316,0.5778584261929103,-25.719300000000004,-1
ELCAJNGT_7_N001,2026-07-27,20,test,0.9212100603884157,0.6183006030287718,0.38169939697122823,0.12515724136957726,0.6722817231671995,-27.429699999999997,-1
ELCAJNGT_7_N001,2026-07-27,21,test,0.9212100603884157,0.6332723981289595,0.3667276018710405,0.14003185673511628,0.6813116291260156,14.078400000000002,1
ELCAJNGT_7_N001,2026-07-27,22,test,0.9212100603884157,0.6332723981289595,0.3667276018710405,0.1410958893552313,0.6847331306223623,3.6681000000000097,1
ELCAJNGT_7_N001,2026-07-27,23,test,0.7327181359009131,0.635356824059169,0.36464317594083095,0.14211724744337642,0.7250989860347119,6.075399999999988,1
ELCAJNGT_7_N001,2026-07-27,24,test,4.895064307665859,0.635356824059169,0.36464317594083095,0.19352904343355012,0.5599349638245694,50.46939999999999,1
ELCAJNGT_7_N001,2026-07-28,1,test,3.2470016993744917,0.6326193176435952,0.36738068235640475,0.2014857542629146,0.7924534135161128,5.0216000000000065,1
ELCAJNGT_7_N001,2026-07-28,2,test,-0.2907369000934909,0.6375432448823026,0.36245675511769737,0.14151726386152036,0.8453789499186987,19.8127,1
ELCAJNGT_7_N001,2026-07-28,3,test,3.2470016993744917,0.6375432448823026,0.36245675511769737,0.20235016174086734,0.7439217267467116,29.405899999999995,1
ELCAJNGT_7_N001,2026-07-28,4,test,3.2305333988065863,0.626077229105429,0.37392277089457104,0.1978955060809407,0.7745586513550812,28.590399999999995,1
ELCAJNGT_7_N001,2026-07-28,5,test,3.192031388296341,0.6246040070278059,0.37539599297219406,0.20044926129288937,0.7893066364220659,-25.853900000000003,-1
ELCAJNGT_7_N001,2026-07-28,6,test,2.8934805588311447,0.6326193176435952,0.36738068235640475,0.19821033658546622,0.7437734743181492,20.444900000000004,1
ELCAJNGT_7_N001,2026-07-28,7,test,3.1062536860529026,0.6326193176435952,0.36738068235640475,0.20328222796688816,0.7114493342383152,25.393299999999996,1
ELCAJNGT_7_N001,2026-07-28,8,test,3.3226606247688992,0.6310370164835897,0.3689629835164103,0.20964722692851723,0.7556981065029957,9.499000000000002,1
ELCAJNGT_7_N001,2026-07-28,9,test,2.998959207372527,0.6269983025789964,0.37300169742100364,0.1978409591549965,0.7744728532664762,13.798700000000004,1
ELCAJNGT_7_N001,2026-07-28,10,test,2.496412197952153,0.5994655299020683,0.40053447009793175,0.1653627343937234,0.7010610175999533,20.3523,1
ELCAJNGT_7_N001,2026-07-28,11,test,1.867793008682721,0.5868056451393887,0.4131943548606113,0.1382584764529023,0.6804009206453245,23.655299999999997,1
ELCAJNGT_7_N001,2026-07-28,12,test,1.7123633757478292,0.5822061815339344,0.41779381846606556,0.12900432773532405,0.6738822164425242,2.6636999999999986,1
ELCAJNGT_7_N001,2026-07-28,13,test,1.6151489076280536,0.5822061815339344,0.41779381846606556,0.1250071923322912,0.7176043527290722,27.752600000000005,1
ELCAJNGT_7_N001,2026-07-28,14,test,2.222806284279255,0.5868056451393887,0.4131943548606113,0.1437483225907578,0.6791442070214694,34.8595,1
ELCAJNGT_7_N001,2026-07-28,15,test,1.8292909981724756,0.5935030832518133,0.40649691674818667,0.1319874305372291,0.6854672099248806,11.761200000000002,1
ELCAJNGT_7_N001,2026-07-28,16,test,1.2167086712603763,0.5868056451393887,0.4131943548606113,0.11410372113192274,0.6897297872627526,1.821300000000008,1
ELCAJNGT_7_N001,2026-07-28,17,test,1.6419523180996425,0.596988051596811,0.403011948403189,0.12909877718802065,0.7832322459004926,-9.333399999999997,-1
ELCAJNGT_7_N001,2026-07-28,18,test,2.58870161193712,0.6153651438245128,0.3846348561754872,0.14924346183673629,0.7580743864487766,1.0640999999999963,1
ELCAJNGT_7_N001,2026-07-28,19,test,1.2863495751276939,0.625459284076573,0.37454071592342697,0.1451897671504502,0.9379233032019941,30.174900000000008,1
ELCAJNGT_7_N001,2026-07-28,20,test,0.29612743173516176,0.6291238515401629,0.3708761484598371,0.13312436701270142,0.9168210701909651,51.07879999999999,1
ELCAJNGT_7_N001,2026-07-28,21,test,0.1076355072476593,0.6332723981289595,0.3667276018710405,0.13469505959548222,0.8968760443034696,51.8557,1
ELCAJNGT_7_N001,2026-07-28,22,test,0.1076355072476593,0.6332723981289595,0.3667276018710405,0.13470045213447449,0.8539146448672046,3.0187000000000097,1
ELCAJNGT_7_N001,2026-07-28,23,test,0.1076355072476593,0.6423642348104616,0.35763576518953843,0.1438529472270809,0.8672619177317901,69.65370000000001,1
ELCAJNGT_7_N001,2026-07-28,24,test,4.198344552570989,0.635356824059169,0.36464317594083095,0.20955704949818754,0.9589406657434166,67.68180000000001,1
ELCAJNGT_7_N001,2026-07-29,1,test,4.102321830786943,0.6234430074808949,0.3765569925191051,0.22069657583930397,0.7915369150992172,15.532400000000003,1
ELCAJNGT_7_N001,2026-07-29,2,test,1.436346954590582,0.6382285344229086,0.3617714655770914,0.15152480847151803,0.6316297399209582,14.785800000000002,1
ELCAJNGT_7_N001,2026-07-29,3,test,4.102321830786943,0.6382285344229086,0.3617714655770914,0.198615732450557,0.66474450729988,9.975000000000001,1
ELCAJNGT_7_N001,2026-07-29,4,test,4.102321830786943,0.61904581824607,0.38095418175393003,0.21860382779062038,0.8895906190735772,6.739199999999997,1
ELCAJNGT_7_N001,2026-07-29,5,test,4.102321830786943,0.6239791201609036,0.3760208798390964,0.2464706542015901,0.6816279812650534,10.8731,1
ELCAJNGT_7_N001,2026-07-29,6,test,4.102321830786943,0.6207082891610909,0.3792917108389091,0.22879069940770783,0.6625085859158855,16.0828,1
ELCAJNGT_7_N001,2026-07-29,7,test,3.8828652295893162,0.6234430074808949,0.3765569925191051,0.2347400120477328,0.5813764571856612,21.794200000000004,1
ELCAJNGT_7_N001,2026-07-29,8,test,4.102321830786943,0.6283535523489693,0.3716464476510307,0.2486567932489608,0.6373668506422668,-43.6741,-1
ELCAJNGT_7_N001,2026-07-29,9,test,2.967269129318497,0.6256330817975619,0.37436691820243806,0.21396827258404727,0.6761367980146225,-24.957300000000004,-1
ELCAJNGT_7_N001,2026-07-29,10,test,3.682136012551693,0.6013968692198876,0.39860313078011245,0.20742686939446126,0.6734950337833089,-46.710800000000006,-1
ELCAJNGT_7_N001,2026-07-29,11,test,3.259159399489463,0.6069197451367443,0.3930802548632557,0.2048147653232839,0.6545639684257197,-8.8951,-1
ELCAJNGT_7_N001,2026-07-29,12,test,3.259159399489463,0.5964229844450047,0.40357701555499526,0.1974177991106014,0.660853324440804,-31.530399999999993,-1
ELCAJNGT_7_N001,2026-07-29,13,test,3.259159399489463,0.5902719489365748,0.40972805106342525,0.1930214530544987,0.6194823191367098,-48.13269999999999,-1
ELCAJNGT_7_N001,2026-07-29,14,test,3.4786160006870905,0.5948444095779066,0.40515559042209337,0.17812646344707184,0.8262579332165343,-47.8753,-1
ELCAJNGT_7_N001,2026-07-29,15,test,3.4786160006870905,0.6015000345516703,0.39849996544832966,0.17150724727796762,0.7634195545131054,-47.8512,-1
ELCAJNGT_7_N001,2026-07-29,16,test,3.4786160006870905,0.5948444095779066,0.40515559042209337,0.1662650544115012,0.8075715589532327,-45.601800000000004,-1
ELCAJNGT_7_N001,2026-07-29,17,test,4.102321830786943,0.6311866154628681,0.36881338453713186,0.20399997402225234,0.8379589080349836,-0.8024000000000058,-1
ELCAJNGT_7_N001,2026-07-29,18,test,4.784134982768379,0.6658408155616877,0.3341591844383123,0.22028535950614367,0.643845567156033,-162.9512,-1
ELCAJNGT_7_N001,2026-07-29,19,test,4.207277497989625,0.6442857972664638,0.35571420273353616,0.17780101112045565,0.6548354690459204,-177.82880000000003,-1
ELCAJNGT_7_N001,2026-07-29,20,test,2.195739842931238,0.6769041937424038,0.32309580625759615,0.19172616741796036,0.743750922292598,-69.7833,-1
ELCAJNGT_7_N001,2026-07-29,21,test,2.195739842931238,0.6554774943752902,0.34452250562470976,0.17068293610693333,0.7244211584239941,-91.9296,-1
ELCAJNGT_7_N001,2026-07-29,22,test,2.195739842931238,0.6554774943752902,0.34452250562470976,0.17482140543609356,0.815564847701655,-80.4655,-1
ELCAJNGT_7_N001,2026-07-29,23,test,2.195739842931238,0.6296041585403614,0.37039584145963855,0.14991740734880996,0.7823690479490256,-6.25,-1
ELCAJNGT_7_N001,2026-07-29,24,test,4.9453243760225085,0.6293807319147628,0.37061926808523715,0.18965322518416156,0.6146649206310487,-26.823299999999996,-1
ELCAJNGT_7_N001,2026-07-30,1,test,4.053123031922404,0.6326193176435952,0.36738068235640475,0.21778267164447415,0.9511535009317753,-46.5107,-1
ELCAJNGT_7_N001,2026-07-30,2,test,1.335461073434006,0.6375432448823026,0.36245675511769737,0.1498011602080363,0.6934827884003244,-0.859099999999998,-1
ELCAJNGT_7_N001,2026-07-30,3,test,3.599730648463569,0.6373218485680968,0.3626781514319032,0.2061048530795646,0.7588989374866473,10.8795,1
ELCAJNGT_7_N001,2026-07-30,4,test,3.262677808488128,0.6282208879533513,0.3717791120466487,0.21898114436061383,0.9163723120747627,-58.83709999999999,-1
ELCAJNGT_7_N001,2026-07-30,5,test,3.8200496779911344,0.6246040070278059,0.37539599297219406,0.22278827342741825,0.9484881227346783,-57.76929999999999,-1
ELCAJNGT_7_N001,2026-07-30,6,test,3.946725640770115,0.6299116814124655,0.37008831858753455,0.23599800736440057,0.798308179897565,-18.877200000000002,-1
ELCAJNGT_7_N001,2026-07-30,7,test,3.946725640770115,0.6311566857386484,0.36884331426135164,0.24177057056240212,0.7892171314893011,33.131800000000005,1
ELCAJNGT_7_N001,2026-07-30,8,test,3.4745526177713,0.6310370164835897,0.3689629835164103,0.23660872050636117,0.7734193208029689,34.3993,1
ELCAJNGT_7_N001,2026-07-30,9,test,3.4562275605430717,0.6242738435261233,0.37572615647387675,0.22260116298870833,0.841193708716828,35.9938,1
ELCAJNGT_7_N001,2026-07-30,10,test,2.331999567998605,0.5994655299020683,0.40053447009793175,0.18348302769146668,0.6879064437979469,15.999400000000001,1
ELCAJNGT_7_N001,2026-07-30,11,test,1.3407225338916842,0.5947093302203156,0.4052906697796844,0.15043417736549825,0.6193823355724658,-5.2864000000000075,-1
ELCAJNGT_7_N001,2026-07-30,12,test,1.1813886333908308,0.5847962064794097,0.41520379352059034,0.13193128910820187,0.6328883435988711,-26.321599999999997,-1
ELCAJNGT_7_N001,2026-07-30,13,test,1.4393692477787265,0.5822061815339344,0.41779381846606556,0.13400832127851245,0.7216241632919745,-13.083700000000007,-1
ELCAJNGT_7_N001,2026-07-30,14,test,1.4107321388584353,0.5865398548402361,0.4134601451597639,0.13125821868516105,0.817792364262832,-25.6918,-1
ELCAJNGT_7_N001,2026-07-30,15,test,1.8329325628885043,0.5932386147913297,0.40676138520867033,0.13905512263339664,0.7212466063063522,-16.105799999999988,-1
ELCAJNGT_7_N001,2026-07-30,16,test,1.9114387122148204,0.5845391308998796,0.41546086910012037,0.12260810668289002,0.9940027918421224,8.724099999999993,1
ELCAJNGT_7_N001,2026-07-30,17,test,1.9690213206318652,0.6072862963589103,0.3927137036410897,0.14974300715408018,0.8422949519017445,8.3296,1
ELCAJNGT_7_N001,2026-07-30,18,test,3.075657538101109,0.6047281984894515,0.3952718015105485,0.14602820158906432,0.7714041828932754,6.110600000000005,1
ELCAJNGT_7_N001,2026-07-30,19,test,3.2855397627743517,0.6252348454556241,0.37476515454437587,0.15372698518783198,0.6694203257518927,-6.203400000000016,-1
ELCAJNGT_7_N001,2026-07-30,20,test,1.7086528880315361,0.6285728792987322,0.3714271207012678,0.1421179122092469,0.7555178306892355,31.562499999999986,1
ELCAJNGT_7_N001,2026-07-30,21,test,1.9425886702927428,0.6332723981289595,0.3667276018710405,0.14819865434027785,0.7772594712738555,-24.435500000000005,-1
ELCAJNGT_7_N001,2026-07-30,22,test,2.3064565701003796,0.6332723981289595,0.3667276018710405,0.15049781532469678,0.8183953608805027,27.2063,1
ELCAJNGT_7_N001,2026-07-30,23,test,2.3064565701003796,0.6422461406880531,0.3577538593119469,0.16235352912937778,0.7733680845323884,31.6682,1
ELCAJNGT_7_N001,2026-07-30,24,test,4.813743371843384,0.6352377299687714,0.36476227003122863,0.20105667432931773,0.639114547161948,25.554500000000004,1
ELCAJNGT_7_N001,2026-07-31,1,test,5.13234828218107,0.6329193252048948,0.3670806747951052,0.2464760918471905,0.9813684708169836,55.657300000000006,1
ELCAJNGT_7_N001,2026-07-31,2,test,2.545321314528327,0.6329193252048948,0.3670806747951052,0.16003085291272315,0.8628836223859613,40.892599999999995,1
ELCAJNGT_7_N001,2026-07-31,3,test,4.157672493756126,0.6357367269606392,0.3642632730393608,0.2347329542085672,0.8198337773190124,41.47559999999999,1
ELCAJNGT_7_N001,2026-07-31,4,test,4.157672493756126,0.6315768044245288,0.3684231955754712,0.2310524172396451,0.8327701885153935,51.1032,1
ELCAJNGT_7_N001,2026-07-31,5,test,4.157672493756126,0.6313538709966175,0.36864612900338245,0.22138953883146034,0.7871506432986015,63.011399999999995,1
ELCAJNGT_7_N001,2026-07-31,6,test,4.687634462467182,0.6314571918838457,0.36854280811615425,0.2466264847538025,0.7667106179436141,36.47599999999999,1
ELCAJNGT_7_N001,2026-07-31,7,test,4.854431125297852,0.6314571918838457,0.36854280811615425,0.24146665083409186,0.7285760504930767,30.088499999999996,1
ELCAJNGT_7_N001,2026-07-31,8,test,4.7724892392487615,0.631560058042372,0.36843994195762797,0.2074621246581508,0.91888988311608,28.2609,1
ELCAJNGT_7_N001,2026-07-31,9,test,4.746400573697869,0.6293912243578107,0.3706087756421893,0.20382785292460298,0.9057530377427423,-8.380199999999995,-1
ELCAJNGT_7_N001,2026-07-31,10,test,4.410355443015462,0.6134175419119529,0.38658245808804714,0.18664593503765964,0.948655190427614,-6.86160000000001,-1
ELCAJNGT_7_N001,2026-07-31,11,test,4.077705914321707,0.6030989465823828,0.39690105341761717,0.1763194218793316,0.9864656744819963,21.60739999999999,1
ELCAJNGT_7_N001,2026-07-31,12,test,4.552547260828112,0.6009050567987094,0.3990949432012906,0.1933451269013512,0.7831968325101066,-3.460400000000007,-1
ELCAJNGT_7_N001,2026-07-31,13,test,4.7079768937630035,0.6054381737000464,0.3945618262999536,0.1984646754811503,0.8309889377247293,-2.8166999999999973,-1
ELCAJNGT_7_N001,2026-07-31,14,test,4.552547260828112,0.6009050567987094,0.3990949432012906,0.18705495964911464,0.8716250268582185,-53.3493,-1
ELCAJNGT_7_N001,2026-07-31,15,test,4.552547260828112,0.609813127678771,0.39018687232122895,0.17244860163673842,0.9640958469881443,-46.72540000000001,-1
ELCAJNGT_7_N001,2026-07-31,16,test,4.552547260828112,0.6009050567987094,0.3990949432012906,0.17221940668213942,0.8941726167347182,38.75959999999999,1
ELCAJNGT_7_N001,2026-07-31,17,test,4.869232655952055,0.6237544409747122,0.3762455590252878,0.19807360083314934,0.8841616215127315,-15.730800000000002,-1
ELCAJNGT_7_N001,2026-07-31,18,test,5.819362692654781,0.628997008751782,0.371002991248218,0.20525149348068614,0.8599509100928684,-0.4380000000000166,-1
ELCAJNGT_7_N001,2026-07-31,19,test,3.9611863837226546,0.6567604245788228,0.3432395754211772,0.19043485837899776,0.8786990878408578,68.032,1
ELCAJNGT_7_N001,2026-07-31,20,test,1.607434187327538,0.6441775719696926,0.3558224280303074,0.15748199886518605,0.9419338392653255,82.8876,1
ELCAJNGT_7_N001,2026-07-31,21,test,1.607434187327538,0.6302389431807196,0.3697610568192804,0.14395932697925556,0.9169831635498825,27.7179,1
ELCAJNGT_7_N001,2026-07-31,22,test,1.6064502729729062,0.6302389431807196,0.3697610568192804,0.1428221650715346,0.9984281434755565,58.3511,1
ELCAJNGT_7_N001,2026-07-31,23,test,3.4632806052341985,0.6356558836187824,0.36434411638121755,0.16828307329504472,0.8442715201504581,62.249500000000005,1
ELCAJNGT_7_N001,2026-07-31,24,test,6.13300479700387,0.6383456225897044,0.3616543774102956,0.20659392882310745,0.681588823405665,47.764399999999995,1
ELCAJNGT_7_N001,2026-08-01,1,test,4.71914186107023,0.6183035711914288,0.38169642880857124,0.22015306614146996,0.9825261861648129,-64.43180000000001,-1
ELCAJNGT_7_N001,2026-08-01,2,test,2.0014799025818313,0.6181992413692994,0.3818007586307006,0.1613423716633611,0.9448049330544461,21.213900000000002,1
ELCAJNGT_7_N001,2026-08-01,3,test,4.71914186107023,0.6181992413692994,0.3818007586307006,0.25442762920366324,0.6954502183310574,15.203399999999995,1
ELCAJNGT_7_N001,2026-08-01,4,test,4.71914186107023,0.6169399482061088,0.38306005179389124,0.2514293556336595,0.8025469700490832,-27.541400000000003,-1
ELCAJNGT_7_N001,2026-08-01,5,test,4.398530058626998,0.6169399482061088,0.38306005179389124,0.23981550071662722,0.8012308781983567,6.700900000000004,1
ELCAJNGT_7_N001,2026-08-01,6,test,4.398530058626998,0.6167139826132021,0.3832860173867979,0.23732052260596595,0.8511310597966333,13.437800000000003,1
ELCAJNGT_7_N001,2026-08-01,7,test,4.612744469917942,0.6150448621512087,0.3849551378487913,0.2528766482417595,0.7077909019717432,13.410600000000002,1
ELCAJNGT_7_N001,2026-08-01,8,test,4.920388105063026,0.6233222500290359,0.37667774997096415,0.2492382682748577,0.8481200303487462,23.435900000000004,1
ELCAJNGT_7_N001,2026-08-01,9,test,5.008263151556959,0.6160659108504194,0.3839340891495806,0.2557292392682532,0.7582140642111024,23.645999999999994,1
ELCAJNGT_7_N001,2026-08-01,10,test,4.0648512456322745,0.5882862893136123,0.41171371068638773,0.20915309288748532,0.748183374508222,26.5004,1
ELCAJNGT_7_N001,2026-08-01,11,test,2.8273866338148284,0.578133824665183,0.42186617533481696,0.15180696064279636,0.928210625333449,26.178400000000003,1
ELCAJNGT_7_N001,2026-08-01,12,test,2.4109999439925294,0.570131362911948,0.429868637088052,0.1434447590917982,0.7760746717642261,21.350499999999997,1
ELCAJNGT_7_N001,2026-08-01,13,test,2.648309765422771,0.5722231040711336,0.42777689592886636,0.1597100604317384,0.7129238052233265,21.109,1
ELCAJNGT_7_N001,2026-08-01,14,test,2.968921567866002,0.5698718858847461,0.43012811411525387,0.15422938215050258,0.8208682936232977,-53.28229999999999,-1
ELCAJNGT_7_N001,2026-08-01,15,test,2.968921567866002,0.5722231040711336,0.42777689592886636,0.14722932055967097,0.933828308657504,-42.619699999999995,-1
ELCAJNGT_7_N001,2026-08-01,16,test,2.968921567866002,0.5722231040711336,0.42777689592886636,0.1454952282409236,0.9598291795363176,-36.008200000000016,-1
ELCAJNGT_7_N001,2026-08-01,17,test,2.8860788459665754,0.5936665718245498,0.40633342817545015,0.15960063180693485,0.9591515973614663,-33.599599999999995,-1
ELCAJNGT_7_N001,2026-08-01,18,test,3.572713940130249,0.6409495655492332,0.3590504344507668,0.21197887437865737,0.9966997833149216,57.460800000000006,1
ELCAJNGT_7_N001,2026-08-01,19,test,4.253796587456815,0.6548008762917354,0.34519912370826455,0.22056652878864744,0.9336932527211592,54.673800000000014,1
ELCAJNGT_7_N001,2026-08-01,20,test,2.3579235886156993,0.6543072143707207,0.3456927856292793,0.18662107786326607,0.8940219013034088,17.65549999999999,1
ELCAJNGT_7_N001,2026-08-01,21,test,2.3569396742610675,0.626468170199536,0.37353182980046395,0.1592050175989209,0.7466499098686808,58.27410000000002,1
ELCAJNGT_7_N001,2026-08-01,22,test,2.3569396742610675,0.626468170199536,0.37353182980046395,0.1601791234647758,0.7585898480492955,51.5707,1
ELCAJNGT_7_N001,2026-08-01,23,test,2.720807574068703,0.6209798214385855,0.37902017856141446,0.16253168084048975,0.7747884328797382,64.4785,1
ELCAJNGT_7_N001,2026-08-01,24,test,5.52207918945201,0.6247026434475695,0.37529735655243046,0.24999591870166102,0.8537019563709864,48.841,1
ELCAJNGT_7_N001,2026-08-02,1,test,3.9254296091809713,0.6281008274423254,0.3718991725576746,0.1835243528992622,0.7207299481359918,48.5392,1
ELCAJNGT_7_N001,2026-08-02,2,test,0.5464078330656706,0.6297918451525115,0.3702081548474885,0.13782268118483348,0.8766734203600761,24.038100000000007,1
ELCAJNGT_7_N001,2026-08-02,3,test,3.5679303973816583,0.6297918451525115,0.3702081548474885,0.18437870655903546,0.6352804088188737,26.0497,1
ELCAJNGT_7_N001,2026-08-02,4,test,3.5679303973816583,0.6147602814063574,0.3852397185936426,0.17198727043292655,0.6318728024533872,26.6943,1
ELCAJNGT_7_N001,2026-08-02,5,test,3.5679303973816583,0.6163411993995549,0.3836588006004451,0.16630821122347744,0.7229115329231028,22.7583,1
ELCAJNGT_7_N001,2026-08-02,6,test,3.9254296091809713,0.6242588045954393,0.37574119540456075,0.17731068788471183,0.7522211363097802,19.219900000000003,1
ELCAJNGT_7_N001,2026-08-02,7,test,3.9254296091809713,0.6298833364806027,0.3701166635193973,0.23674253779040622,0.9760277877287041,24.867999999999995,1
ELCAJNGT_7_N001,2026-08-02,8,test,3.5679303973816583,0.6329017191431654,0.3670982808568346,0.18513811579710973,0.683778619213228,13.6528,1
ELCAJNGT_7_N001,2026-08-02,9,test,3.680700516277439,0.6287514375499714,0.3712485624500286,0.1820430744510213,0.6897934569519445,-1.8132999999999981,-1
ELCAJNGT_7_N001,2026-08-02,10,test,2.7865443388425803,0.6022079218278195,0.39779207817218054,0.1442534847885083,0.6785652616192949,16.6202,1
ELCAJNGT_7_N001,2026-08-02,11,test,2.508654792920359,0.5918960156672927,0.40810398433270734,0.1250478202115164,0.7815573584332676,22.032600000000002,1
ELCAJNGT_7_N001,2026-08-02,12,test,2.5343768427574136,0.5762042980698102,0.4237957019301898,0.1093506700124432,0.7799521942817366,17.0471,1
ELCAJNGT_7_N001,2026-08-02,13,test,2.5343768427574136,0.5833573208139983,0.41664267918600173,0.11854580986960674,0.740625888332631,21.3063,1
ELCAJNGT_7_N001,2026-08-02,14,test,2.6898064756923046,0.582047079713919,0.417952920286081,0.12024562243641097,0.7145930131617305,25.501099999999994,1
ELCAJNGT_7_N001,2026-08-02,15,test,2.5343768427574136,0.582047079713919,0.417952920286081,0.11651597546426645,0.7378257579796144,48.49099999999999,1
ELCAJNGT_7_N001,2026-08-02,16,test,2.5343768427574136,0.5845391308998796,0.41546086910012037,0.12161793593765116,0.6953152495829633,-21.490400000000008,-1
ELCAJNGT_7_N001,2026-08-02,17,test,2.392024531431105,0.6047376798488171,0.3952623201511829,0.1363161419386485,0.6692154911745142,9.404499999999999,1
ELCAJNGT_7_N001,2026-08-02,18,test,3.195015994614607,0.6153651438245128,0.3846348561754872,0.15315681402460904,0.6758258905005585,-4.902999999999992,-1
ELCAJNGT_7_N001,2026-08-02,19,test,0.5932960984827275,0.6275947408439797,0.3724052591560203,0.13314349977107076,0.8294431487264217,37.53880000000001,1
ELCAJNGT_7_N001,2026-08-02,20,test,0.6343884608623497,0.6228214587835698,0.37717854121643024,0.12862030434207652,0.8482131582114383,22.379099999999994,1
ELCAJNGT_7_N001,2026-08-02,21,test,0.6343884608623497,0.6267746389193812,0.37322536108061877,0.1321794090051727,0.9107842070885758,54.75959999999999,1
ELCAJNGT_7_N001,2026-08-02,22,test,0.6343884608623497,0.6269987055252545,0.3730012944747455,0.13331309635617955,0.8610822954170317,14.705200000000005,1
ELCAJNGT_7_N001,2026-08-02,23,test,0.6343884608623497,0.6325381823403257,0.36746181765967434,0.13882640358193318,0.8647116825092749,23.225400000000008,1
ELCAJNGT_7_N001,2026-08-02,24,test,4.210983605917388,0.6394312059962155,0.3605687940037845,0.18896953450571846,0.6866716698197501,47.942800000000005,1
ELCAJNGT_7_N001,2026-08-03,1,test,4.58451626161192,0.6312595867936718,0.3687404132063282,0.18525704459181128,0.7248663078214411,34.199999999999996,1
ELCAJNGT_7_N001,2026-08-03,2,test,0.23974262495564905,0.6297918451525115,0.3702081548474885,0.13202759874636558,0.7310761135386166,23.262100000000004,1
ELCAJNGT_7_N001,2026-08-03,3,test,4.365059660414293,0.6297918451525115,0.3702081548474885,0.18664914173333388,0.6256333986210282,-67.645,-1
ELCAJNGT_7_N001,2026-08-03,4,test,4.672054710123882,0.628547813395843,0.371452186604157,0.1830179647817775,0.7315205293849644,-59.497800000000005,-1
ELCAJNGT_7_N001,2026-08-03,5,test,4.033686449493717,0.6338209004093035,0.3661790995906965,0.18741595962982244,0.6431418191115876,-5.485300000000002,-1
ELCAJNGT_7_N001,2026-08-03,6,test,3.8142298482960912,0.6337015938865652,0.3662984061134348,0.18479466368891048,0.6381406385298674,19.052800000000005,1
ELCAJNGT_7_N001,2026-08-03,7,test,3.257759131713093,0.6367067974775855,0.3632932025224145,0.22389508924367005,0.8826490616195256,15.652199999999993,1
ELCAJNGT_7_N001,2026-08-03,8,test,4.367389406893901,0.6367067974775855,0.3632932025224145,0.19225108008727737,0.6445427959221114,20.387,1
ELCAJNGT_7_N001,2026-08-03,9,test,3.707044852266419,0.6325745605260936,0.3674254394739064,0.17336479183410985,0.7671936754624361,10.510399999999997,1
ELCAJNGT_7_N001,2026-08-03,10,test,3.786192475086794,0.607032418913916,0.392967581086084,0.14838860345681074,0.7707279227123442,-2.7539000000000016,-1
ELCAJNGT_7_N001,2026-08-03,11,test,2.769184919966935,0.5975964427724013,0.4024035572275987,0.1331430605207416,0.6715110362747811,7.301100000000005,1
ELCAJNGT_7_N001,2026-08-03,12,test,2.7577163736103367,0.5824636695395968,0.41753633046040317,0.11454709633361784,0.7434723734309373,4.299599999999991,1
ELCAJNGT_7_N001,2026-08-03,13,test,2.7577163736103367,0.5836237046498308,0.4163762953501692,0.11521070841571338,0.7441769540851209,18.627200000000002,1
ELCAJNGT_7_N001,2026-08-03,14,test,3.2955408135651796,0.5749852595758344,0.42501474042416565,0.10919384626149387,0.7653913466969657,51.3769,1
ELCAJNGT_7_N001,2026-08-03,15,test,3.1401111806302877,0.5865561672963092,0.4134438327036908,0.12196998999293883,0.7093769191575126,0.5275999999999925,1
ELCAJNGT_7_N001,2026-08-03,16,test,2.4243884943749254,0.5823137014567574,0.4176862985432426,0.10822519299806686,0.7337117381363769,9.943600000000004,1
ELCAJNGT_7_N001,2026-08-03,17,test,2.2820361830486173,0.5977735973428016,0.40222640265719845,0.12161019264900905,0.6744490466371548,-16.897499999999994,-1
ELCAJNGT_7_N001,2026-08-03,18,test,3.5548630929750753,0.6085899778120739,0.3914100221879261,0.1317006792538234,0.5690005383967118,69.1028,1
ELCAJNGT_7_N001,2026-08-03,19,test,0.5091577278885241,0.627266844978597,0.37273315502140303,0.13101293488569096,0.7101282889985217,56.20760000000001,1
ELCAJNGT_7_N001,2026-08-03,20,test,0.8138908789508555,0.6224918881742657,0.3775081118257343,0.12819927702608233,0.7421156086365104,26.082099999999997,1
ELCAJNGT_7_N001,2026-08-03,21,test,0.8138908789508555,0.6266705970418885,0.37332940295811146,0.13152401346365344,0.7617055586604424,70.5879,1
ELCAJNGT_7_N001,2026-08-03,22,test,0.8138908789508555,0.6251983132447657,0.3748016867552343,0.13102195034388767,0.7864387699417459,28.794399999999996,1
ELCAJNGT_7_N001,2026-08-03,23,test,0.8138908789508555,0.6391077389700791,0.3608922610299209,0.14536241146489973,0.7316033325923801,50.9353,1
ELCAJNGT_7_N001,2026-08-03,24,test,4.759322628765358,0.6391077389700791,0.3608922610299209,0.1833545026902606,0.5589274937742225,34.53190000000001,1
ELCAJNGT_7_N001,2026-08-04,1,test,3.171301973238105,0.6136861956734473,0.3863138043265527,0.18250314949848895,0.8728140546239599,32.566599999999994,1
ELCAJNGT_7_N001,2026-08-04,2,test,1.4547364355655477,0.6271495173531281,0.37285048264687193,0.14080374411005828,0.7241928295270897,-80.04369999999999,-1
ELCAJNGT_7_N001,2026-08-04,3,test,3.480240773550861,0.6271495173531281,0.37285048264687193,0.2044280558504546,0.7644035917444818,35.930899999999994,1
ELCAJNGT_7_N001,2026-08-04,4,test,3.229836690721748,0.6255740137202217,0.3744259862797783,0.2170635268963794,0.6334762809236267,31.9818,1
ELCAJNGT_7_N001,2026-08-04,5,test,3.567779222062823,0.6311904893650447,0.36880951063495526,0.23112749600885296,0.6043258681647867,29.0024,1
ELCAJNGT_7_N001,2026-08-04,6,test,3.25002276387589,0.6310708246666294,0.36892917533337055,0.22442336348919262,0.6144270955264085,22.778999999999996,1
ELCAJNGT_7_N001,2026-08-04,7,test,3.6434381474572306,0.6340851489098602,0.36591485109013977,0.25644578610765423,0.7694884982940592,22.508399999999995,1
ELCAJNGT_7_N001,2026-08-04,8,test,2.9726998640406213,0.6340851489098602,0.36591485109013977,0.21807985608223884,0.6157920387887633,30.535399999999996,1
ELCAJNGT_7_N001,2026-08-04,9,test,2.1800957125259486,0.6299404237540719,0.3700595762459281,0.19682116298092156,0.8390240415064089,30.407099999999993,1
ELCAJNGT_7_N001,2026-08-04,10,test,2.5804119211904974,0.5973280633499035,0.4026719366500965,0.16893175893897414,0.6457068423917549,0.1512000000000029,1
ELCAJNGT_7_N001,2026-08-04,11,test,1.977854490557839,0.5878172901209027,0.41218270987909733,0.14466471015862026,0.6588051796340586,-3.7080999999999875,-1
ELCAJNGT_7_N001,2026-08-04,12,test,1.7963630989861734,0.5725797922553901,0.42742020774460987,0.12349191912190718,0.6351391163656773,17.0822,1
ELCAJNGT_7_N001,2026-08-04,13,test,1.7963630989861734,0.5723206844985843,0.4276793155014157,0.12033982565827109,0.6934600453799975,44.057300000000005,1
ELCAJNGT_7_N001,2026-08-04,14,test,2.695069363465698,0.5658738470182388,0.43412615298176116,0.12364270696748547,0.7382780824753272,62.868300000000005,1
ELCAJNGT_7_N001,2026-08-04,15,test,1.9384921368905537,0.5650535212882689,0.4349464787117311,0.11061739397505964,0.7491930599239812,12.238,1
ELCAJNGT_7_N001,2026-08-04,16,test,1.5917572823270438,0.5650535212882689,0.4349464787117311,0.09526168333005608,0.8234231921369874,69.25400000000002,1
ELCAJNGT_7_N001,2026-08-04,17,test,1.4494049710007353,0.5949431611899373,0.4050568388100627,0.12846137883100023,0.73258690535524,6.647100000000023,1
ELCAJNGT_7_N001,2026-08-04,18,test,2.8797983263203033,0.6046097313026253,0.3953902686973747,0.13863985314097083,0.6734024156926904,109.5725,1
ELCAJNGT_7_N001,2026-08-04,19,test,1.9339056587070829,0.6233589836551351,0.3766410163448649,0.14267003019382277,0.7465988850209242,120.8695,1
ELCAJNGT_7_N001,2026-08-04,20,test,2.1807811695626014,0.6185644070169428,0.3814355929830572,0.13587357833721964,0.7746539833972279,60.44669999999999,1
ELCAJNGT_7_N001,2026-08-04,21,test,2.1807811695626014,0.6227602439783406,0.3772397560216594,0.14218691673707562,0.8366947584313459,111.6009,1
ELCAJNGT_7_N001,2026-08-04,22,test,2.1807811695626014,0.6212818585718026,0.3787181414281974,0.1415291380042985,0.8873333470591219,83.73289999999999,1
ELCAJNGT_7_N001,2026-08-04,23,test,2.1807811695626014,0.6364935247094998,0.3635064752905002,0.15906082641763136,0.7922615110693003,78.0998,1
ELCAJNGT_7_N001,2026-08-04,24,test,4.0264002219037724,0.6364935247094998,0.3635064752905002,0.18905329971841206,0.5874796011035618,62.3661,1
ELCAJNGT_7_N001,2026-08-05,1,test,4.003933185285986,0.6310370164835897,0.3689629835164103,0.18808870347972534,0.5954806559313466,3.982600000000005,1
ELCAJNGT_7_N001,2026-08-05,2,test,1.4727874003457426,0.6297918451525115,0.3702081548474885,0.14772748854187484,0.9449716295231678,27.824500000000008,1
ELCAJNGT_7_N001,2026-08-05,3,test,3.9806363463482297,0.6298949036960887,0.3701050963039113,0.1717163076696776,0.8025004668429235,20.975499999999997,1
ELCAJNGT_7_N001,2026-08-05,4,test,3.9806363463482297,0.6312595867936718,0.3687404132063282,0.1752907767417708,0.7896297334091219,18.939899999999994,1
ELCAJNGT_7_N001,2026-08-05,5,test,3.9806363463482297,0.6338209004093035,0.3661790995906965,0.1886949271782576,0.6185358623826039,25.6314,1
ELCAJNGT_7_N001,2026-08-05,6,test,4.078936203337535,0.6367067974775855,0.3632932025224145,0.1882363884633248,0.676446704308152,15.927500000000002,1
ELCAJNGT_7_N001,2026-08-05,7,test,3.761179745150602,0.6367067974775855,0.3632932025224145,0.2181351225651167,0.7884344382812908,17.3568,1
ELCAJNGT_7_N001,2026-08-05,8,test,1.9972190979544844,0.6367067974775855,0.3632932025224145,0.165933091049439,0.6818067692563811,35.141000000000005,1
ELCAJNGT_7_N001,2026-08-05,9,test,2.798368005667983,0.6325745605260936,0.3674254394739064,0.16793701973260455,0.7792446075153268,30.322900000000004,1
ELCAJNGT_7_N001,2026-08-05,10,test,2.2402216597300515,0.6047403690596134,0.39525963094038663,0.13773204891634278,0.6720604257260817,52.9389,1
ELCAJNGT_7_N001,2026-08-05,11,test,0.9515662258271197,0.5966899364489333,0.4033100635510667,0.12040228656529603,0.9311839260601734,29.724400000000003,1
ELCAJNGT_7_N001,2026-08-05,12,test,1.3319749924511044,0.5824636695395968,0.41753633046040317,0.10713825242426657,0.5560318784742297,25.350199999999994,1
ELCAJNGT_7_N001,2026-08-05,13,test,1.3627309835188017,0.5868994026904429,0.41310059730955706,0.10635637558391842,0.7132869500468912,43.3705,1
ELCAJNGT_7_N001,2026-08-05,14,test,2.8433130698488687,0.5858916749725576,0.41410832502744244,0.1175952801221546,0.7537561198236885,66.5538,1
ELCAJNGT_7_N001,2026-08-05,15,test,2.876616238091236,0.5822061815339344,0.41779381846606556,0.11306369458197849,0.7771555042527839,58.833400000000005,1
ELCAJNGT_7_N001,2026-08-05,16,test,2.4243884943749254,0.5749822514994062,0.4250177485005938,0.10478673279934972,0.6330106826467209,50.9315,1
ELCAJNGT_7_N001,2026-08-05,17,test,2.2820361830486173,0.5978976379773171,0.4021023620226829,0.1249230702174429,0.6898634065570859,52.112300000000005,1
ELCAJNGT_7_N001,2026-08-05,18,test,3.2657082038791696,0.610761759821055,0.38923824017894504,0.1417656264484791,0.6879895882405149,41.87129999999999,1
ELCAJNGT_7_N001,2026-08-05,19,test,2.0283259603553754,0.6295082957066336,0.3704917042933664,0.145732051312101,0.8253710360704505,69.0489,1
ELCAJNGT_7_N001,2026-08-05,20,test,2.333059111417707,0.6224918881742657,0.3775081118257343,0.1395547162317549,0.9024935653313279,27.8151,1
ELCAJNGT_7_N001,2026-08-05,21,test,2.333059111417707,0.6266705970418885,0.37332940295811146,0.14599313972542635,0.9795238759159978,53.705000000000005,1
ELCAJNGT_7_N001,2026-08-05,22,test,2.333059111417707,0.6251983132447657,0.3748016867552343,0.14515938210844434,0.850042924919917,36.675599999999996,1
ELCAJNGT_7_N001,2026-08-05,23,test,2.6969270112253434,0.6394312059962155,0.3605687940037845,0.16257907189843956,0.8402961722376008,35.9423,1
ELCAJNGT_7_N001,2026-08-05,24,test,5.303686435777343,0.6394312059962155,0.3605687940037845,0.20228933387048292,0.7081009436882305,25.437800000000003,1
SNLNDRO_1_N001,2026-06-02,1,test,-2.544629348413675,0.5161677551307426,0.48383224486925736,0.06826320114940866,0.7805875661698696,3.0183,1
SNLNDRO_1_N001,2026-06-02,2,test,-2.822209154976923,0.5159601556217273,0.48403984437827274,0.07846703820612387,0.829988727891768,-3.3000000000000007,-1
SNLNDRO_1_N001,2026-06-02,3,test,-2.589513920956241,0.5160564908497078,0.48394350915029216,0.056691282770954886,0.6833173851837991,1.3657000000000004,1
SNLNDRO_1_N001,2026-06-02,4,test,-2.544629348413675,0.5159601556217273,0.48403984437827274,0.07579134754432755,0.8242142048896887,1.2425999999999995,1
SNLNDRO_1_N001,2026-06-02,5,test,-2.822209154976923,0.504401686560867,0.49559831343913296,0.07160230114878904,0.8803944960874392,2.8653000000000013,1
SNLNDRO_1_N001,2026-06-02,6,test,-2.544629348413675,0.4995261576307869,0.5004738423692131,0.061736357232799965,0.8912088369466805,6.840300000000003,1
SNLNDRO_1_N001,2026-06-02,7,test,-2.544629348413675,0.4965028930659612,0.5034971069340388,0.05957669287952562,0.888652138526549,8.738200000000003,1
SNLNDRO_1_N001,2026-06-02,8,test,-2.4555383384380938,0.517018777048485,0.482981222951515,0.06127398417323407,0.7823372382022775,-8.4788,-1
SNLNDRO_1_N001,2026-06-02,9,test,-2.5966655511529098,0.48506625085548716,0.5149337491445128,0.05569210063513439,0.7453233914571331,-10.3229,-1
SNLNDRO_1_N001,2026-06-02,10,test,-4.053611000469541,0.46527078599702076,0.5347292140029792,0.11355821391519139,0.95444377564102,1.2909000000000006,1
SNLNDRO_1_N001,2026-06-02,11,test,-5.087399778789378,0.46475575510029876,0.5352442448997012,0.12926278969772131,0.9885526799758944,-2.4448000000000008,-1
SNLNDRO_1_N001,2026-06-02,12,test,-4.673920086573521,0.46475575510029876,0.5352442448997012,0.11904485362919007,0.9043180288068762,2.8606999999999996,1
SNLNDRO_1_N001,2026-06-02,13,test,-4.748656080043931,0.46475575510029876,0.5352442448997012,0.11314486868709779,0.9922698082529885,4.3551,1
SNLNDRO_1_N001,2026-06-02,14,test,-4.748656080043931,0.46475575510029876,0.5352442448997012,0.11139559278925737,0.9815591435699946,1.854899999999997,1
SNLNDRO_1_N001,2026-06-02,15,test,-4.859351084507127,0.46475575510029876,0.5352442448997012,0.11286175288585282,0.9832252998109289,0.6541999999999994,1
SNLNDRO_1_N001,2026-06-02,16,test,-4.859351084507127,0.46475575510029876,0.5352442448997012,0.11596153854874057,0.9238491189080427,-2.884599999999999,-1
SNLNDRO_1_N001,2026-06-02,17,test,-5.298479803044968,0.45461244085984903,0.5453875591401509,0.12424748317794149,0.9750360507015134,-0.5443999999999996,-1
SNLNDRO_1_N001,2026-06-02,18,test,-3.6376938020897667,0.45508330405549297,0.5449166959445071,0.09883840182200435,0.9226677804416403,-4.540499999999998,-1
SNLNDRO_1_N001,2026-06-02,19,test,-3.3828441293677747,0.437475426300256,0.562524573699744,0.12397701884360485,0.867969541751309,7.0425,1
SNLNDRO_1_N001,2026-06-02,20,test,-1.7954974479883221,0.5106339425312721,0.48936605746872786,0.0430209592958923,0.7855624084080784,1.0116000000000014,1
SNLNDRO_1_N001,2026-06-02,21,test,-1.493810832055471,0.5315167139210145,0.4684832860789855,0.06069275883110961,0.7809659257786746,3.8271999999999977,1
SNLNDRO_1_N001,2026-06-02,22,test,-2.428088836999202,0.4752633333729696,0.5247366666270303,0.06921553713034459,0.7814230086798741,3.7272000000000034,1
SNLNDRO_1_N001,2026-06-02,23,test,-2.428088836999202,0.48367395136906743,0.5163260486309326,0.06092807993397217,0.7668099968126346,-3.7538999999999945,-1
SNLNDRO_1_N001,2026-06-02,24,test,-2.5689189214403934,0.5058009911743092,0.4941990088256908,0.048563977707535615,0.7101607768158253,-0.7276999999999987,-1
SNLNDRO_1_N001,2026-06-03,1,test,-0.08531078522673788,0.5739569343149827,0.42604306568501726,0.07626781281997214,0.7508689390598591,7.309599999999996,1
SNLNDRO_1_N001,2026-06-03,2,test,-0.15777510396412542,0.5662841894245676,0.4337158105754324,0.07075487351034773,0.7873414415147383,1.0752999999999986,1
SNLNDRO_1_N001,2026-06-03,3,test,-0.3809096833670437,0.5625736960548705,0.4374263039451295,0.07229166907415062,0.748621771558366,2.9299,1
SNLNDRO_1_N001,2026-06-03,4,test,-0.3809096833670437,0.5662841894245676,0.4337158105754324,0.07637233256075177,0.7503092684207445,2.3408999999999978,1
SNLNDRO_1_N001,2026-06-03,5,test,-0.3809096833670437,0.554422029309207,0.44557797069079297,0.06547134660513637,0.8046762019691722,1.8999999999999986,1
SNLNDRO_1_N001,2026-06-03,6,test,-0.31391396355382944,0.5533115453374788,0.44668845466252116,0.0624697033805655,0.8084738872770458,4.584,1
SNLNDRO_1_N001,2026-06-03,7,test,-0.2184112179719977,0.5522515775985208,0.44774842240147916,0.0593201745693461,0.838823532634851,5.667999999999999,1
SNLNDRO_1_N001,2026-06-03,8,test,-1.2039852215971623,0.5572508133084169,0.44274918669158314,0.09453284055478328,0.8622562582642666,2.9449000000000005,1
SNLNDRO_1_N001,2026-06-03,9,test,-1.9968159735129136,0.5201285977637752,0.4798714022362248,0.07718539308210375,0.8714053510395162,5.008099999999999,1
SNLNDRO_1_N001,2026-06-03,10,test,-4.666249873946442,0.4559460924540129,0.5440539075459871,0.1611178943377975,0.8648102008569329,-2.8385,-1
SNLNDRO_1_N001,2026-06-03,11,test,-4.545050214289902,0.46199991817037667,0.5380000818296233,0.13948967404326665,0.7693890218254784,3.7089999999999996,1
SNLNDRO_1_N001,2026-06-03,12,test,-4.348899157504172,0.46199991817037667,0.5380000818296233,0.15042029813019123,0.8698972776698128,-3.296999999999999,-1
SNLNDRO_1_N001,2026-06-03,13,test,-5.171282883181629,0.46199991817037667,0.5380000818296233,0.15813632691028456,0.8195424433467866,-1.8597000000000001,-1
SNLNDRO_1_N001,2026-06-03,14,test,-5.10700901078952,0.4559460924540129,0.5440539075459871,0.15370641493307904,0.9315395960219381,0.8968999999999987,1
SNLNDRO_1_N001,2026-06-03,15,test,-5.10700901078952,0.46199991817037667,0.5380000818296233,0.1552225732111534,0.8169848309483135,0.6869999999999994,1
SNLNDRO_1_N001,2026-06-03,16,test,-5.501154083986692,0.47039518982699025,0.5296048101730098,0.1592539542202124,0.8499725296600384,0.09280000000000044,1
SNLNDRO_1_N001,2026-06-03,17,test,-4.273096370373934,0.5067753611017799,0.4932246388982201,0.10425619498969965,0.9507853250909328,2.375399999999999,1
SNLNDRO_1_N001,2026-06-03,18,test,-4.215481224112299,0.5060128595306411,0.4939871404693589,0.11223776163012712,0.9168971161616769,-8.5896,-1
SNLNDRO_1_N001,2026-06-03,19,test,-2.3054855648081785,0.533280731483383,0.46671926851661705,0.08928434017579823,0.7811318610203591,-8.6417,-1
SNLNDRO_1_N001,2026-06-03,20,test,0.6579445679793525,0.5673275517230741,0.43267244827692586,0.0826064304285071,0.7443287412741411,-0.052199999999999136,-1
SNLNDRO_1_N001,2026-06-03,21,test,0.5562515095661564,0.5624808302796671,0.4375191697203329,0.07523181228325958,0.7378386200011006,2.1000000000000014,1
SNLNDRO_1_N001,2026-06-03,22,test,0.5676522244147513,0.5503005876503173,0.4496994123496827,0.06394965914160686,0.7561358599313909,5.3237999999999985,1
SNLNDRO_1_N001,2026-06-03,23,test,-0.24279884404607388,0.5633802983986423,0.43661970160135766,0.06946911597871608,0.7386665300699514,-0.19410000000000593,-1
SNLNDRO_1_N001,2026-06-03,24,test,-0.11514421623378265,0.5774810434778592,0.4225189565221408,0.08083758123530449,0.7688993490240066,-1.953400000000002,-1
SNLNDRO_1_N001,2026-06-04,1,test,-0.0017597571211861148,0.5786354738124703,0.42136452618752973,0.07872066812388678,0.8670992171563178,0.5785000000000018,1
SNLNDRO_1_N001,2026-06-04,2,test,0.5873988581621534,0.5714527204361258,0.4285472795638742,0.09608790398349872,0.9046661908446533,-4.1756999999999955,-1
SNLNDRO_1_N001,2026-06-04,3,test,-0.2656358874968282,0.5602287061343629,0.43977129386563707,0.07179266935851225,0.8955127521399321,0.3567,1
SNLNDRO_1_N001,2026-06-04,4,test,-0.15937478206586278,0.5639436729116953,0.43605632708830466,0.07059699771292709,0.9761124852355855,0.13230000000000075,1
SNLNDRO_1_N001,2026-06-04,5,test,-0.020572669713785265,0.5658870664231197,0.4341129335768803,0.06670840437279436,0.9979500550028952,-0.7631000000000014,-1
SNLNDRO_1_N001,2026-06-04,6,test,0.0565590364700129,0.5731202168661594,0.42687978313384056,0.07545944205132894,0.9447797939242151,11.743499999999997,1
SNLNDRO_1_N001,2026-06-04,7,test,0.09332081577274154,0.559861812737128,0.440138187262872,0.06361805311001131,0.9561306431900767,10.899899999999999,1
SNLNDRO_1_N001,2026-06-04,8,test,-0.35699093450929414,0.5624848543286608,0.4375151456713392,0.07637250966788962,0.9570985047590183,3.1966,1
SNLNDRO_1_N001,2026-06-04,9,test,-1.21793636205874,0.5254277499463224,0.47457225005367765,0.06374209313575918,0.8798437174378704,3.3206000000000007,1
SNLNDRO_1_N001,2026-06-04,10,test,-4.565267369875483,0.4801820666551047,0.5198179333448953,0.14833005964181759,0.9092583236573017,4.820499999999999,1
SNLNDRO_1_N001,2026-06-04,11,test,-3.9187722462179715,0.46435135058190374,0.5356486494180963,0.12354281262261449,0.7294502002171799,7.88,1
SNLNDRO_1_N001,2026-06-04,12,test,-4.058973675464494,0.46435135058190374,0.5356486494180963,0.1335306876904654,0.7742285224595381,6.813700000000001,1
SNLNDRO_1_N001,2026-06-04,13,test,-5.966391021849362,0.46435135058190374,0.5356486494180963,0.16780626316130784,0.7759817575633925,6.9824,1
SNLNDRO_1_N001,2026-06-04,14,test,-5.449348571028389,0.46435135058190374,0.5356486494180963,0.1569095484722443,0.7760799849538228,9.5463,1
SNLNDRO_1_N001,2026-06-04,15,test,-5.2042299079598076,0.45943597720158674,0.5405640227984132,0.16527891855256605,0.800185636825185,6.6225000000000005,1
SNLNDRO_1_N001,2026-06-04,16,test,-5.31095712079311,0.46843573730329924,0.5315642626967008,0.1533037284223274,0.8261695997857224,11.2088,1
SNLNDRO_1_N001,2026-06-04,17,test,-3.7862406788887846,0.5216401632475094,0.4783598367524906,0.11267582875733276,0.8202647914507724,4.5158999999999985,1
SNLNDRO_1_N001,2026-06-04,18,test,-4.186024114099115,0.5083766265221825,0.4916233734778175,0.1024048989264124,0.7830472316246371,5.530799999999999,1
SNLNDRO_1_N001,2026-06-04,19,test,-0.3465708876639579,0.5583703344803734,0.44162966551962657,0.07053297367184112,0.9822313902984732,13.414699999999996,1
SNLNDRO_1_N001,2026-06-04,20,test,3.3468976314777557,0.601776443777874,0.398223556222126,0.17953283063783626,0.8322569284420805,12.377399999999998,1
SNLNDRO_1_N001,2026-06-04,21,test,2.9411488764160363,0.6036102313721821,0.39638976862781794,0.17648670941930408,0.863443456878935,8.088600000000003,1
SNLNDRO_1_N001,2026-06-04,22,test,2.4027780602921034,0.5945236721675138,0.4054763278324862,0.15843475538671106,0.8756151152585654,7.354999999999997,1
SNLNDRO_1_N001,2026-06-04,23,test,0.9857985127179216,0.5753695507182545,0.42463044928174554,0.09862718288634907,0.7310412653122442,2.602999999999998,1
SNLNDRO_1_N001,2026-06-04,24,test,0.7871744543872518,0.5734811172243,0.42651888277570005,0.09975682664661588,0.8695480125309075,1.4108000000000018,1
SNLNDRO_1_N001,2026-06-05,1,test,0.4551237550393876,0.5777828087004543,0.4222171912995457,0.0966208064530327,0.976150424167806,-6.988799999999998,-1
SNLNDRO_1_N001,2026-06-05,2,test,0.1385832774412851,0.5786474074665506,0.42135259253344937,0.08402176486925536,0.9561583855994051,-2.6345999999999954,-1
SNLNDRO_1_N001,2026-06-05,3,test,0.32645506010713465,0.5692280938902531,0.4307719061097469,0.0815426402270434,0.9445621524486881,-1.1952999999999996,-1
SNLNDRO_1_N001,2026-06-05,4,test,0.17012570778376493,0.5701384702646213,0.4298615297353787,0.07797062352564572,0.9777196083761512,-3.0359000000000016,-1
SNLNDRO_1_N001,2026-06-05,5,test,0.0010962089322012931,0.5582995016386826,0.4417004983613174,0.058343032415958285,0.9951695872211649,-4.549800000000001,-1
SNLNDRO_1_N001,2026-06-05,6,test,-0.3918627890123892,0.5726805071045471,0.4273194928954529,0.088223039869889,0.9992165601474235,-7.797400000000003,-1
SNLNDRO_1_N001,2026-06-05,7,test,0.0010962089322012931,0.566435704970365,0.433564295029635,0.06647891680723808,0.9933026164571117,-7.838299999999997,-1
SNLNDRO_1_N001,2026-06-05,8,test,-0.5616372932654466,0.5700619008204287,0.42993809917957126,0.09046530015550172,0.9009160612739168,-2.966199999999997,-1
SNLNDRO_1_N001,2026-06-05,9,test,-1.467209309508752,0.5418715635225168,0.45812843647748325,0.07793145780437895,0.7423056386316137,-2.2647000000000013,-1
SNLNDRO_1_N001,2026-06-05,10,test,-4.678957004885101,0.4757223135552574,0.5242776864447426,0.1392779002907123,0.8054098362705235,-9.005199999999999,-1
SNLNDRO_1_N001,2026-06-05,11,test,-4.80015666454164,0.4612198288866813,0.5387801711133187,0.14292465930189588,0.7356470301356266,-9.7665,-1
SNLNDRO_1_N001,2026-06-05,12,test,-5.750806854996978,0.46236391536206684,0.5376360846379331,0.15808045894497458,0.7417364058494773,-8.725900000000001,-1
SNLNDRO_1_N001,2026-06-05,13,test,-5.965668241855908,0.46549649363624646,0.5345035063637535,0.15173049254683385,0.7210245618196967,-6.8271000000000015,-1
SNLNDRO_1_N001,2026-06-05,14,test,-5.982579322885058,0.45943597720158674,0.5405640227984132,0.1506715755676299,0.6962516699527419,2.7072000000000003,1
SNLNDRO_1_N001,2026-06-05,15,test,-6.104407637736265,0.46549649363624646,0.5345035063637535,0.15339654442000586,0.7179358244671538,2.7894000000000005,1
SNLNDRO_1_N001,2026-06-05,16,test,-5.409001954574346,0.4716777492339279,0.5283222507660721,0.133871057422085,0.709619543985312,5.7048000000000005,1
SNLNDRO_1_N001,2026-06-05,17,test,-4.644314122981726,0.5216058707942051,0.47839412920579494,0.11514937764480158,0.7195641973718432,5.228400000000001,1
SNLNDRO_1_N001,2026-06-05,18,test,-4.336783409347086,0.5226708043415749,0.47732919565842513,0.11420383039125202,0.7433701102205602,2.1472999999999978,1
SNLNDRO_1_N001,2026-06-05,19,test,-1.2369808864056473,0.5698391932898329,0.4301608067101671,0.11948303150875447,0.8748285912999868,14.204999999999998,1
SNLNDRO_1_N001,2026-06-05,20,test,2.735611698961732,0.6040601562735084,0.3959398437264916,0.18532236490427367,0.993010410784631,8.433999999999997,1
SNLNDRO_1_N001,2026-06-05,21,test,2.354402654731,0.6078247415949778,0.3921752584050222,0.18255537169322406,0.9681316757230498,4.880000000000003,1
SNLNDRO_1_N001,2026-06-05,22,test,1.2104527139826928,0.6044683512511506,0.3955316487488494,0.14422624458819533,0.977270017748761,6.287599999999998,1
SNLNDRO_1_N001,2026-06-05,23,test,0.21400178545259646,0.5753695507182545,0.42463044928174554,0.08283011999421427,0.8974810616994381,3.5903000000000063,1
SNLNDRO_1_N001,2026-06-05,24,test,0.0024449998383012095,0.5777035558801649,0.42229644411983513,0.07780009061508711,0.9373153853582934,-0.6828999999999965,-1
SNLNDRO_1_N001,2026-06-06,1,test,0.5604296263635051,0.5895967383371132,0.41040326166288676,0.11806470411859978,0.796074345750492,-0.8977999999999966,-1
SNLNDRO_1_N001,2026-06-06,2,test,0.49805770079776085,0.5680753266462986,0.43192467335370144,0.08830346336624531,0.9706928309536886,0.8804000000000016,1
SNLNDRO_1_N001,2026-06-06,3,test,-0.20075937895921014,0.5741141762014446,0.42588582379855544,0.08255967341005173,0.9601643299226224,2.282600000000002,1
SNLNDRO_1_N001,2026-06-06,4,test,0.23369896855169967,0.5674182860456746,0.43258171395432543,0.0783363435016946,0.957426332924116,1.0060000000000002,1
SNLNDRO_1_N001,2026-06-06,5,test,0.5180597042200709,0.5693580191908121,0.4306419808091879,0.08967535160840152,0.9762278275235985,1.1003000000000007,1
SNLNDRO_1_N001,2026-06-06,6,test,-0.06264920146739486,0.5704989589313658,0.4295010410686342,0.07337677043302822,0.9522836535084093,4.904999999999998,1
SNLNDRO_1_N001,2026-06-06,7,test,-0.14080645079658022,0.5676869121568417,0.43231308784315825,0.07237791893662511,0.8580018933943587,7.213800000000001,1
SNLNDRO_1_N001,2026-06-06,8,test,-0.5806478558089346,0.5512475705447225,0.4487524294552775,0.0689848800869194,0.796337976369281,4.2562,1
SNLNDRO_1_N001,2026-06-06,9,test,-0.6952574820219531,0.5305436666178522,0.46945633338214776,0.0504563923927176,0.7836227034068394,2.3825999999999996,1
SNLNDRO_1_N001,2026-06-06,10,test,-1.146414861811459,0.49321128701504496,0.5067887129849551,0.03543164491008394,0.7225802283746033,2.7381,1
SNLNDRO_1_N001,2026-06-06,11,test,-1.1064738131616505,0.49412466862951004,0.50587533137049,0.032304504705219825,0.6993825672278419,2.8917,1
SNLNDRO_1_N001,2026-06-06,12,test,-1.760420585769565,0.47373403236606393,0.5262659676339361,0.0643785350833057,0.6859097951641905,-1.0888,-1
SNLNDRO_1_N001,2026-06-06,13,test,-1.760420585769565,0.47373403236606393,0.5262659676339361,0.06711942213226879,0.7010776185585448,0.603,1
SNLNDRO_1_N001,2026-06-06,14,test,-1.760420585769565,0.47373403236606393,0.5262659676339361,0.06811541522194463,0.7086602708940731,-0.2310000000000001,-1
SNLNDRO_1_N001,2026-06-06,15,test,-3.5946048000083057,0.46314427629690635,0.5368557237030936,0.11541690273163203,0.7084950366696261,0.32909999999999995,1
SNLNDRO_1_N001,2026-06-06,16,test,-3.745483753991914,0.47039518982699025,0.5296048101730098,0.11415711424759764,0.7283348824424857,2.6234,1
SNLNDRO_1_N001,2026-06-06,17,test,-3.1958366452340345,0.5111050244793314,0.48889497552066863,0.07839742029404846,0.6951730175365111,8.259599999999999,1
SNLNDRO_1_N001,2026-06-06,18,test,-2.928534794227047,0.524076604328412,0.47592339567158803,0.08780894412896618,0.7238380972223302,9.3345,1
SNLNDRO_1_N001,2026-06-06,19,test,0.11508136122033735,0.5534849048514784,0.4465150951485216,0.057175330621186446,0.8877358960979587,3.193900000000001,1
SNLNDRO_1_N001,2026-06-06,20,test,1.8752497946417195,0.5853408485693855,0.4146591514306145,0.14258538511592053,0.9746737177343289,12.333200000000001,1
SNLNDRO_1_N001,2026-06-06,21,test,1.8257011868784414,0.5937321608860547,0.40626783911394526,0.16504300458581667,0.8470456738670038,9.598299999999998,1
SNLNDRO_1_N001,2026-06-06,22,test,1.2959517723419312,0.5880128663492472,0.4119871336507528,0.13112565200929124,0.9236832860931741,11.904900000000001,1
SNLNDRO_1_N001,2026-06-06,23,test,0.21879606624345177,0.5717177891730083,0.4282822108269917,0.07904937336489966,0.8168793344663496,11.4643,1
SNLNDRO_1_N001,2026-06-06,24,test,-0.17406747559457136,0.5708847463496391,0.42911525365036085,0.07695078530168656,0.8149513897235992,10.9201,1
SNLNDRO_1_N001,2026-06-07,1,test,-0.2136410149423506,0.5695238532864115,0.43047614671358847,0.07712027241232043,0.8826896502815834,5.158099999999999,1
SNLNDRO_1_N001,2026-06-07,2,test,-0.4424576463757674,0.5650260369781799,0.4349739630218201,0.08007092085696219,0.8717952246987932,6.098900000000002,1
SNLNDRO_1_N001,2026-06-07,3,test,-0.5267227386112298,0.5631896818959619,0.43681031810403814,0.0802084919144352,0.8430320827073469,8.122599999999998,1
SNLNDRO_1_N001,2026-06-07,4,test,-0.5267227386112298,0.5665277605237706,0.43347223947622937,0.0859098991310982,0.8541207517880604,11.1808,1
SNLNDRO_1_N001,2026-06-07,5,test,-0.7882296680837094,0.5656966031292289,0.43430339687077113,0.08969597441531466,0.8387470093169711,10.511199999999999,1
SNLNDRO_1_N001,2026-06-07,6,test,-0.6538177204657231,0.5655164733693749,0.43448352663062506,0.08364240609664841,0.7599789367483202,9.7512,1
SNLNDRO_1_N001,2026-06-07,7,test,-0.20408085221851802,0.5667965174396926,0.4332034825603074,0.07440469314090323,0.9525404401134517,6.2411,1
SNLNDRO_1_N001,2026-06-07,8,test,-1.309580027129076,0.5616243816690586,0.4383756183309414,0.10059860690052357,0.7785767436087682,2.6105,1
SNLNDRO_1_N001,2026-06-07,9,test,-1.190407728826883,0.5509319205454599,0.4490680794545401,0.08479832142666471,0.7694106481242726,3.4334000000000007,1
SNLNDRO_1_N001,2026-06-07,10,test,-3.305949329512336,0.4669218078166461,0.5330781921833538,0.11821492006836375,0.7764645921970316,0.5538999999999987,1
SNLNDRO_1_N001,2026-06-07,11,test,0.2655131279811383,0.49484559399291805,0.505154406007082,0.01152662110213418,0.6888163517122089,-0.16440000000000055,-1
SNLNDRO_1_N001,2026-06-07,12,test,-0.8771182936895189,0.4801810552736164,0.5198189447263837,0.049332028271903326,0.8409869921095448,-0.19340000000000046,-1
SNLNDRO_1_N001,2026-06-07,13,test,-0.9518542871599286,0.4801810552736164,0.5198189447263837,0.04900169563993101,0.8008112859559223,-0.2666000000000004,-1
SNLNDRO_1_N001,2026-06-07,14,test,-1.0730539468164675,0.49443655803163233,0.5055634419683677,0.03981465615903129,0.8269016233067659,-0.3244000000000007,-1
SNLNDRO_1_N001,2026-06-07,15,test,-3.4614493538119278,0.5092248630766623,0.49077513692333774,0.08988264174579012,0.7358768933220131,-0.6989999999999998,-1
SNLNDRO_1_N001,2026-06-07,16,test,-3.313461942687933,0.5092248630766623,0.49077513692333774,0.0761255319919635,0.6839187573975929,-3.3714999999999993,-1
SNLNDRO_1_N001,2026-06-07,17,test,-1.829359794614785,0.5248475831619551,0.4751524168380449,0.07042774035703424,0.731299914965963,-0.5586000000000002,-1
SNLNDRO_1_N001,2026-06-07,18,test,-2.883164421768536,0.5234856531090388,0.47651434689096117,0.09549720124597824,0.7630309694568683,2.2338999999999998,1
SNLNDRO_1_N001,2026-06-07,19,test,0.1665567450368831,0.5525554863341227,0.44744451366587734,0.059361192808919494,0.9625117574389948,3.773200000000001,1
SNLNDRO_1_N001,2026-06-07,20,test,1.799986123629543,0.595517006435581,0.40448299356441897,0.15410149051870697,0.9688592226136208,-0.11029999999999873,-1
SNLNDRO_1_N001,2026-06-07,21,test,1.991531729858041,0.6055179759190984,0.3944820240809016,0.18108949117861664,0.8996694392688661,-2.8328999999999986,-1
SNLNDRO_1_N001,2026-06-07,22,test,1.488605349908373,0.6055179759190984,0.3944820240809016,0.1669477309183412,0.8590712632886531,-5.8023000000000025,-1
SNLNDRO_1_N001,2026-06-07,23,test,0.9429239607465274,0.5757365233305278,0.4242634766694722,0.10841838434730258,0.8540528923347169,-4.7391000000000005,-1
SNLNDRO_1_N001,2026-06-07,24,test,-0.13952878370350807,0.5694373370434965,0.4305626629565035,0.07434043074593716,0.807357243403972,-3.978200000000001,-1
SNLNDRO_1_N001,2026-06-08,1,test,0.030154448001816367,0.5695201564842983,0.4304798435157017,0.07046076428229986,0.7855365891644549,-1.6265,-1
SNLNDRO_1_N001,2026-06-08,2,test,1.1215030369938648,0.5721171352522464,0.4278828647477536,0.10341130369522036,0.7880488586549717,-0.34460000000000335,-1
SNLNDRO_1_N001,2026-06-08,3,test,1.2053680705798469,0.5649950091942503,0.4350049908057497,0.09871104764901568,0.7915309739171512,9.346400000000001,1
SNLNDRO_1_N001,2026-06-08,4,test,0.809381972769025,0.5687007098847181,0.4312992901152819,0.09448745916154758,0.7823761222880233,9.714200000000002,1
SNLNDRO_1_N001,2026-06-08,5,test,0.7811435972050421,0.5568529213166098,0.4431470786833902,0.07956852966443352,0.8130476242379823,7.4543,1
SNLNDRO_1_N001,2026-06-08,6,test,0.5351120918401018,0.5706221805586861,0.4293778194413139,0.08702949852990613,0.815103382204229,6.987500000000001,1
SNLNDRO_1_N001,2026-06-08,7,test,0.15746500316718876,0.5566739152610737,0.4433260847389263,0.0614974859576762,0.8135727050068601,0.058099999999999596,1
SNLNDRO_1_N001,2026-06-08,8,test,0.3105510773225097,0.5641150952158925,0.43588490478410746,0.07217149887649844,0.7065610366101439,-10.242700000000001,-1
SNLNDRO_1_N001,2026-06-08,9,test,0.1702185880015188,0.5588390348506698,0.44116096514933023,0.0626408002382466,0.6723047293742183,-5.536899999999999,-1
SNLNDRO_1_N001,2026-06-08,10,test,-1.1186108095881901,0.5038046543463025,0.4961953456536975,0.0267269352083652,0.6593797754813712,3.0517000000000003,1
SNLNDRO_1_N001,2026-06-08,11,test,-2.015255152243276,0.4909580248874188,0.5090419751125812,0.05323358357272304,0.6799531028862004,6.8239,1
SNLNDRO_1_N001,2026-06-08,12,test,-1.049095567078221,0.5038046543463025,0.4961953456536975,0.025319600839699297,0.6554156269202096,7.3929,1
SNLNDRO_1_N001,2026-06-08,13,test,-1.3594059544451216,0.5146675080156411,0.4853324919843589,0.04215489466275835,0.6587520308733329,1.3010000000000002,1
SNLNDRO_1_N001,2026-06-08,14,test,-1.6789961978530725,0.5146675080156411,0.4853324919843589,0.047977701400938745,0.661372219346524,-4.385,-1
SNLNDRO_1_N001,2026-06-08,15,test,-1.4360743811050503,0.532218189917269,0.467781810082731,0.06468235907002731,0.6914514285559537,-1.2649000000000008,-1
SNLNDRO_1_N001,2026-06-08,16,test,-1.3473351718436446,0.5189565586215437,0.48104344137845634,0.04632253863628833,0.663209579167823,-10.121500000000001,-1
SNLNDRO_1_N001,2026-06-08,17,test,-1.5841464738086999,0.5396589685439472,0.46034103145605276,0.07205171994645126,0.667033401315345,-10.0079,-1
SNLNDRO_1_N001,2026-06-08,18,test,-2.4196920151090535,0.5217810184173693,0.47821898158263065,0.06979848754858563,0.6872865211400059,-20.35,-1
SNLNDRO_1_N001,2026-06-08,19,test,-1.5940078342977038,0.5472704124451201,0.4527295875548799,0.09466335546752941,0.8964189297055243,-4.2712,-1
SNLNDRO_1_N001,2026-06-08,20,test,1.4843468356531484,0.5981392953979405,0.40186070460205947,0.1435403413790024,0.9660829859425539,1.244099999999996,1
SNLNDRO_1_N001,2026-06-08,21,test,1.8108874211235855,0.6075542791686823,0.3924457208313177,0.1676411674995138,0.9509415269575221,-0.755900000000004,-1
SNLNDRO_1_N001,2026-06-08,22,test,1.5279317177547553,0.604610738610463,0.395389261389537,0.15766373841616213,0.9728538541943983,3.5523000000000025,1
SNLNDRO_1_N001,2026-06-08,23,test,0.5809095499010912,0.5870796842773477,0.4129203157226523,0.10688945481815385,0.8360823125192755,-9.2318,-1
SNLNDRO_1_N001,2026-06-08,24,test,0.31116946418203173,0.5771409911483382,0.42285900885166183,0.08982463791735397,0.9228034796284793,-7.360199999999999,-1
SNLNDRO_1_N001,2026-06-09,1,test,-0.3491060331457051,0.578578098739561,0.421421901260439,0.08763370755188016,0.71693404608049,4.265599999999999,1
SNLNDRO_1_N001,2026-06-09,2,test,-0.3491060331457051,0.578578098739561,0.421421901260439,0.08997901507132422,0.8188671288408064,3.3811,1
SNLNDRO_1_N001,2026-06-09,3,test,-0.25083438098001715,0.5888857442610977,0.41111425573890226,0.09703590716468785,0.8128353642133941,2.913499999999999,1
SNLNDRO_1_N001,2026-06-09,4,test,-0.3525549332359368,0.5872187674681378,0.41278123253186216,0.09865490229987288,0.8154079394139201,6.079800000000002,1
SNLNDRO_1_N001,2026-06-09,5,test,-0.3855486985207476,0.5838862937775307,0.41611370622246935,0.09640831667139722,0.8380752927806538,7.438300000000002,1
SNLNDRO_1_N001,2026-06-09,6,test,-0.3525549332359368,0.5801237779115345,0.41987622208846553,0.0917637082665598,0.8796233137633975,8.2944,1
SNLNDRO_1_N001,2026-06-09,7,test,-0.4354522825968869,0.5959895490339799,0.40401045096602006,0.10767453747332895,0.7821328507764872,5.590399999999999,1
SNLNDRO_1_N001,2026-06-09,8,test,-1.7408940588780477,0.5814939897320307,0.4185060102679693,0.12039356081401803,0.7165545383201268,-13.0942,-1
SNLNDRO_1_N001,2026-06-09,9,test,-1.6712876792810936,0.5660018140304762,0.4339981859695238,0.10151773544494536,0.6942695413349146,-3.190999999999999,-1
SNLNDRO_1_N001,2026-06-09,10,test,-3.9537175517541647,0.5092561568561167,0.4907438431438833,0.09159799013604537,0.7307130093981136,-4.5815,-1
SNLNDRO_1_N001,2026-06-09,11,test,-4.0755458666053705,0.5101693402604666,0.48983065973953344,0.09360791440483252,0.7244084724056901,-1.4741,-1
SNLNDRO_1_N001,2026-06-09,12,test,-3.9537175517541647,0.5101693402604666,0.48983065973953344,0.0974173261598073,0.7522901864581659,-1.8990999999999998,-1
SNLNDRO_1_N001,2026-06-09,13,test,-4.028453545224575,0.5092561568561167,0.4907438431438833,0.09751032020754752,0.7564524593648673,-3.7097,-1
SNLNDRO_1_N001,2026-06-09,14,test,-4.028453545224575,0.5092561568561167,0.4907438431438833,0.10709861862107684,0.7930297588392199,-2.8578,-1
SNLNDRO_1_N001,2026-06-09,15,test,-4.028453545224575,0.5092561568561167,0.4907438431438833,0.09398731573919535,0.741533753801974,-2.9226,-1
SNLNDRO_1_N001,2026-06-09,16,test,-2.869307148011728,0.5201133446095197,0.47988665539048025,0.08360857619068776,0.7400510793446956,-1.9176000000000002,-1
SNLNDRO_1_N001,2026-06-09,17,test,-2.4454410838096843,0.551653229978161,0.448346770021839,0.11393349272485075,0.7989385736001838,-0.7796000000000003,-1
SNLNDRO_1_N001,2026-06-09,18,test,-3.1565594303646236,0.5326255743074982,0.46737442569250176,0.09978125181562925,0.718009930286572,-3.1243999999999996,-1
SNLNDRO_1_N001,2026-06-09,19,test,-3.239623226293368,0.5431851190653083,0.4568148809346917,0.1106515283770617,0.7320661949983156,-25.9896,-1
SNLNDRO_1_N001,2026-06-09,20,test,0.20504915544673824,0.5644153823206175,0.4355846176793825,0.07010237580253989,0.7767764551600955,-15.372399999999999,-1
SNLNDRO_1_N001,2026-06-09,21,test,-0.3545986289726682,0.5696537809863805,0.43034621901361947,0.07836010841316801,0.7324622222484722,-23.9441,-1
SNLNDRO_1_N001,2026-06-09,22,test,-0.3837255061892549,0.5696537809863805,0.43034621901361947,0.07931736344848243,0.7502131174111489,-13.077000000000005,-1
SNLNDRO_1_N001,2026-06-09,23,test,-0.5245555906304459,0.5957743820135966,0.40422561798640344,0.110665437082553,0.7554297356079547,-21.954,-1
SNLNDRO_1_N001,2026-06-09,24,test,-0.8062434448898597,0.596654083338927,0.403345916661073,0.11949114432182391,0.7478952969461753,-6.507600000000004,-1
SNLNDRO_1_N001,2026-06-10,1,test,0.7955916708537899,0.5825451707047669,0.41745482929523314,0.11519582239785481,0.9510173679044218,5.810599999999997,1
SNLNDRO_1_N001,2026-06-10,2,test,0.654761586412599,0.5779567108922538,0.42204328910774624,0.10465102380789434,0.9549824921360642,2.7894000000000005,1
SNLNDRO_1_N001,2026-06-10,3,test,0.6716726674417488,0.5744512365605031,0.4255487634394969,0.09989442462551162,0.8952557607301831,3.1387,1
SNLNDRO_1_N001,2026-06-10,4,test,0.6716726674417488,0.5704759678940811,0.42952403210591894,0.09695008058351315,0.9221346707126804,5.9925,1
SNLNDRO_1_N001,2026-06-10,5,test,1.024582287440489,0.578681506411744,0.421318493588256,0.11657363497819448,0.8971085398763627,5.3857,1
SNLNDRO_1_N001,2026-06-10,6,test,0.8336603196783152,0.5727147240602342,0.42728527593976584,0.10274353148855615,0.8722568243333378,10.630600000000001,1
SNLNDRO_1_N001,2026-06-10,7,test,1.0076712064113393,0.5827390067741909,0.4172609932258091,0.12156429534787254,0.9984917195483246,28.163700000000002,1
SNLNDRO_1_N001,2026-06-10,8,test,0.17228828461950674,0.5659837428848478,0.43401625711515224,0.07069792993915032,0.7303968709447869,3.3103,1
SNLNDRO_1_N001,2026-06-10,9,test,-0.21364439921795356,0.557402636508578,0.442597363491422,0.06390525509244481,0.7838667157567678,19.101300000000002,1
SNLNDRO_1_N001,2026-06-10,10,test,-1.4883003142101079,0.5369354927624549,0.4630645072375451,0.08125395587232534,0.8082845811770367,8.211400000000001,1
SNLNDRO_1_N001,2026-06-10,11,test,-1.925501141487874,0.5362625459735405,0.4637374540264595,0.07820066843530948,0.6906365862216224,5.0022,1
SNLNDRO_1_N001,2026-06-10,12,test,-2.457998385797279,0.5205643405195635,0.47943565948043654,0.08984744982042754,0.8089985492455141,8.6761,1
SNLNDRO_1_N001,2026-06-10,13,test,-2.457998385797279,0.529536461861814,0.470463538138186,0.0912822352143546,0.7556923031173471,13.270299999999999,1
SNLNDRO_1_N001,2026-06-10,14,test,-2.4648787978684235,0.529536461861814,0.470463538138186,0.11117921005709157,0.9432788860825629,12.972,1
SNLNDRO_1_N001,2026-06-10,15,test,-3.1182882911265692,0.5186748819945455,0.4813251180054545,0.07751635178856622,0.6689344611765606,10.998999999999999,1
SNLNDRO_1_N001,2026-06-10,16,test,-2.5001961650446347,0.5243589931921917,0.4756410068078083,0.08402044151892843,0.7434755511563316,6.0974,1
SNLNDRO_1_N001,2026-06-10,17,test,-1.5102081598940347,0.5399386232098852,0.46006137679011483,0.07762832043017927,0.7357444255508583,13.110899999999999,1
SNLNDRO_1_N001,2026-06-10,18,test,-1.2546512973751038,0.5455741210905931,0.4544258789094069,0.07107866537055707,0.8901077282900489,43.6179,1
SNLNDRO_1_N001,2026-06-10,19,test,0.30170330803620915,0.5546017007945198,0.44539829920548024,0.06317095526093507,0.8447208022284108,16.555300000000003,1
SNLNDRO_1_N001,2026-06-10,20,test,2.292276123855088,0.5821366622505182,0.4178633377494818,0.13970465158905815,0.9874200263182517,13.0308,1
SNLNDRO_1_N001,2026-06-10,21,test,2.225704861370346,0.5836747373580249,0.4163252626419751,0.14747456136807574,0.8330627123956507,18.9274,1
SNLNDRO_1_N001,2026-06-10,22,test,2.225704861370346,0.5778904913286655,0.42210950867133445,0.14191557999188753,0.8353158556852869,14.906200000000002,1
SNLNDRO_1_N001,2026-06-10,23,test,1.2420976943781439,0.5834031935974917,0.4165968064025083,0.12576163245225128,0.8485750444830049,8.898799999999998,1
SNLNDRO_1_N001,2026-06-10,24,test,1.3995000482803814,0.5858378661700889,0.41416213382991107,0.13821212355939358,0.9090375157092692,7.355500000000003,1
SNLNDRO_1_N001,2026-06-11,1,test,1.1053934105881267,0.5837027700688947,0.4162972299311053,0.12558932968653871,0.9250240391786332,1.0035000000000025,1
SNLNDRO_1_N001,2026-06-11,2,test,0.8908602701119779,0.5783671277804627,0.42163287221953727,0.11046381322057194,0.9022891074875823,2.8927000000000014,1
SNLNDRO_1_N001,2026-06-11,3,test,1.1113191832988043,0.5831008752013682,0.4168991247986318,0.12257801691035966,0.9035644788756475,4.0014,1
SNLNDRO_1_N001,2026-06-11,4,test,0.5296947404209519,0.5791472112615631,0.4208527887384369,0.09608246445305779,0.7989852229874287,5.288,1
SNLNDRO_1_N001,2026-06-11,5,test,0.9295531422634988,0.5823990894031409,0.4176009105968591,0.11211699910925267,0.8245734952607144,6.7844000000000015,1
SNLNDRO_1_N001,2026-06-11,6,test,0.9412296096292889,0.5676454151176581,0.4323545848823419,0.09967066285300016,0.8772724511181812,12.356000000000002,1
SNLNDRO_1_N001,2026-06-11,7,test,-0.3138755185949683,0.5863884895705044,0.4136115104294956,0.09543471499660994,0.7777710205248451,14.9012,1
SNLNDRO_1_N001,2026-06-11,8,test,-0.3853563344301394,0.5606020923951534,0.43939790760484665,0.07088888221983931,0.7516185062088088,10.6403,1
SNLNDRO_1_N001,2026-06-11,9,test,-0.23941880530278556,0.5441648449216251,0.4558351550783749,0.05199697016089166,0.8310286637445842,3.7209000000000003,1
SNLNDRO_1_N001,2026-06-11,10,test,-3.37663372113463,0.5105555697686893,0.4894444302313107,0.11945016305475252,0.899435492657662,-0.07939999999999969,-1
SNLNDRO_1_N001,2026-06-11,11,test,-4.552691199376627,0.5028140228547741,0.49718597714522594,0.10087299053382077,0.7225373818825107,-6.7866,-1
SNLNDRO_1_N001,2026-06-11,12,test,-4.261238815811977,0.5028140228547741,0.49718597714522594,0.10289856346304471,0.7477219599479104,-6.805399999999999,-1
SNLNDRO_1_N001,2026-06-11,13,test,-4.627427192847037,0.4972393932628129,0.502760606737187,0.10491445457362215,0.7131105304653153,-6.125699999999998,-1
SNLNDRO_1_N001,2026-06-11,14,test,-4.627427192847037,0.4972393932628129,0.502760606737187,0.10757472269409238,0.7528652193904812,-4.1126000000000005,-1
SNLNDRO_1_N001,2026-06-11,15,test,-4.335974809282387,0.5081056447785157,0.4918943552214843,0.10553992701492051,0.7180836023069862,18.201299999999996,1
SNLNDRO_1_N001,2026-06-11,16,test,-3.884704918169344,0.5081056447785157,0.4918943552214843,0.10303731456474576,0.8067612840096086,23.142699999999998,1
SNLNDRO_1_N001,2026-06-11,17,test,-3.1762657618219707,0.526497740603785,0.47350225939621504,0.10100581520380096,0.9813240210637901,20.4475,1
SNLNDRO_1_N001,2026-06-11,18,test,-2.634082189609337,0.5466824682602044,0.4533175317397956,0.10859632965967003,0.9513386743175098,34.2502,1
SNLNDRO_1_N001,2026-06-11,19,test,-0.7193774529653904,0.5542985729074489,0.4457014270925511,0.07244014166917995,0.9570968279835252,33.1841,1
SNLNDRO_1_N001,2026-06-11,20,test,2.5903429150190145,0.6089498312989634,0.3910501687010366,0.1753559353341638,0.8493852158485612,33.05970000000001,1
SNLNDRO_1_N001,2026-06-11,21,test,2.3268460942105675,0.5845949680000393,0.4154050319999607,0.1529884646783593,0.9705892600067334,18.2344,1
SNLNDRO_1_N001,2026-06-11,22,test,2.1620896481745158,0.5826400171650794,0.4173599828349206,0.15177534306599644,0.9430965979781691,11.2424,1
SNLNDRO_1_N001,2026-06-11,23,test,2.306390703987197,0.5723315723278403,0.42766842767215973,0.14545647405438578,0.9700651049786428,8.701299999999996,1
SNLNDRO_1_N001,2026-06-11,24,test,1.6301857001827147,0.5694638881469817,0.4305361118530183,0.12839519515704473,0.9249164506785917,1.6390999999999991,1
SNLNDRO_1_N001,2026-06-12,1,test,1.1866044663845459,0.6101705897101823,0.38982941028981766,0.18168495248070438,0.6571453199773463,-3.1381000000000014,-1
SNLNDRO_1_N001,2026-06-12,2,test,0.7492274625599916,0.5957475456672845,0.4042524543327155,0.1380007463141382,0.7367375964858969,-1.6811000000000007,-1
SNLNDRO_1_N001,2026-06-12,3,test,0.20059503542805338,0.585212084489216,0.414787915510784,0.0955761885191951,0.8601914205776989,-2.4574,-1
SNLNDRO_1_N001,2026-06-12,4,test,0.8728656899393329,0.5827604691782237,0.41723953082177634,0.12576318664864222,0.9197657086707677,-4.492899999999999,-1
SNLNDRO_1_N001,2026-06-12,5,test,-0.02229424893522089,0.5853369750857278,0.4146630249142722,0.0864363093324263,0.8961753968634658,-5.1526,-1
SNLNDRO_1_N001,2026-06-12,6,test,0.43854188953714873,0.606797557460512,0.393202442539488,0.1282520123911869,0.8876875920345861,0.17800000000000082,1
SNLNDRO_1_N001,2026-06-12,7,test,-0.503896497365525,0.5690152425566543,0.43098475744334575,0.08151714210514846,0.8428361698676677,3.108900000000002,1
SNLNDRO_1_N001,2026-06-12,8,test,-1.4752300083369636,0.5515308331115802,0.44846916688841976,0.10127550253755514,0.8955417266486801,-11.1446,-1
SNLNDRO_1_N001,2026-06-12,9,test,-2.567938682664148,0.5356556841616179,0.4643443158383821,0.09536643517853108,0.8349626496901833,-24.5034,-1
SNLNDRO_1_N001,2026-06-12,10,test,-2.947424777412833,0.49407415200354127,0.5059258479964588,0.0836523990522539,0.7484955789938109,-24.5083,-1
SNLNDRO_1_N001,2026-06-12,11,test,-2.5977283902079216,0.49407415200354127,0.5059258479964588,0.07772824079252966,0.7612211362074986,-18.9502,-1
SNLNDRO_1_N001,2026-06-12,12,test,-4.240098693370831,0.4935566661459551,0.5064433338540448,0.1061090245016421,0.7268875529054178,-24.0262,-1
SNLNDRO_1_N001,2026-06-12,13,test,-3.8962442511648354,0.4771863076610475,0.5228136923389525,0.10334176777840064,0.6774477997004412,-12.424299999999999,-1
SNLNDRO_1_N001,2026-06-12,14,test,-3.9651382996363282,0.4709638232138609,0.5290361767861391,0.11188590095129518,0.6998362357660127,-20.093300000000003,-1
SNLNDRO_1_N001,2026-06-12,15,test,-3.7363688142037588,0.4771863076610475,0.5228136923389525,0.10478956144753257,0.6934981274647247,-21.968500000000002,-1
SNLNDRO_1_N001,2026-06-12,16,test,-2.9230113353508487,0.501064203567501,0.49893579643249897,0.06701414197793998,0.714894776137247,-22.156,-1
SNLNDRO_1_N001,2026-06-12,17,test,-2.635454226563057,0.530006373350737,0.46999362664926303,0.09130391154672193,0.73950418047454,-5.4632000000000005,-1
SNLNDRO_1_N001,2026-06-12,18,test,-2.349348660518047,0.5316351679263692,0.4683648320736308,0.08358069118137681,0.8411549082329643,5.747,1
SNLNDRO_1_N001,2026-06-12,19,test,-0.5255274075696653,0.5602398362089085,0.4397601637910915,0.073470481822211,0.8787465068236718,19.046600000000005,1
SNLNDRO_1_N001,2026-06-12,20,test,2.704207684024836,0.6206805345141261,0.3793194654858739,0.1914576772812036,0.9855884611756424,13.032400000000003,1
SNLNDRO_1_N001,2026-06-12,21,test,1.5966810783745313,0.6197933476772144,0.3802066523227856,0.17353092443631965,0.7968859551421087,6.076599999999999,1
SNLNDRO_1_N001,2026-06-12,22,test,1.5431355287319388,0.6197933476772144,0.3802066523227856,0.17428090895942094,0.7738066493115835,2.6392000000000024,1
SNLNDRO_1_N001,2026-06-12,23,test,1.5186297721644457,0.5916335956302965,0.4083664043697035,0.1501230718476688,0.8612823215889451,0.3725999999999985,1
SNLNDRO_1_N001,2026-06-12,24,test,1.4386717937190439,0.581987202644631,0.418012797355369,0.12987236082651954,0.8528757232929065,-0.7961999999999989,-1
SNLNDRO_1_N001,2026-06-13,1,test,1.0516359877759818,0.6192224695292572,0.3807775304707428,0.17663315370045163,0.7627988822267047,-5.9313,-1
SNLNDRO_1_N001,2026-06-13,2,test,0.7321769134711658,0.6026306713142803,0.3973693286857197,0.14279717656299887,0.7742298346923238,-1.2783999999999978,-1
SNLNDRO_1_N001,2026-06-13,3,test,0.8434977353590836,0.6020346040463219,0.3979653959536781,0.14732027977943435,0.7733390769077563,1.1766000000000005,1
SNLNDRO_1_N001,2026-06-13,4,test,0.7031914991741401,0.559211328765862,0.440788671234138,0.09322336218735731,0.9552736333222004,-1.3834000000000017,-1
SNLNDRO_1_N001,2026-06-13,5,test,0.6003621782934838,0.5838547224911836,0.41614527750881636,0.11110330425854895,0.922609891952721,-4.137000000000004,-1
SNLNDRO_1_N001,2026-06-13,6,test,0.8162556987235441,0.6051754716805964,0.3948245283194036,0.14755424117572252,0.8212887350609702,-7.178000000000001,-1
SNLNDRO_1_N001,2026-06-13,7,test,0.8518527285162669,0.587994212485923,0.412005787514077,0.11554572207108632,0.932727739420974,-2.3104999999999976,-1
SNLNDRO_1_N001,2026-06-13,8,test,0.08421309537341427,0.5744473944765122,0.42555260552348784,0.0772270761648224,0.8631997276238993,-6.484400000000001,-1
SNLNDRO_1_N001,2026-06-13,9,test,-0.2698675010228889,0.5586114406664247,0.44138855933357535,0.0675321543466229,0.8720576589329145,-8.659300000000002,-1
SNLNDRO_1_N001,2026-06-13,10,test,-1.9439526393862212,0.5124748295318394,0.4875251704681606,0.06462863604659899,0.7336429870738107,-14.959299999999999,-1
SNLNDRO_1_N001,2026-06-13,11,test,-2.6807428472530335,0.49407415200354127,0.5059258479964588,0.07592349643225468,0.7383509092178814,-7.579000000000001,-1
SNLNDRO_1_N001,2026-06-13,12,test,-2.6807428472530335,0.4964891939499779,0.5035108060500221,0.07277255116559345,0.7340803545805584,-5.195599999999999,-1
SNLNDRO_1_N001,2026-06-13,13,test,-1.4915748842165626,0.5236061118390324,0.4763938881609676,0.0660615731354345,0.7470640015756946,-3.218,-1
SNLNDRO_1_N001,2026-06-13,14,test,-2.5944261889135016,0.500267153280349,0.499732846719651,0.0785662892509791,0.8132939481036521,-5.129300000000002,-1
SNLNDRO_1_N001,2026-06-13,15,test,-1.3685441161014578,0.5180239294939428,0.4819760705060572,0.05999026044790029,0.8438103389369818,-6.151900000000001,-1
SNLNDRO_1_N001,2026-06-13,16,test,-1.2061709413642832,0.5124076710505671,0.48759232894943294,0.04833188559196791,0.8543245282235193,-6.242899999999999,-1
SNLNDRO_1_N001,2026-06-13,17,test,0.7549586889974136,0.5336812881863198,0.46631871181368023,0.054368207962441115,0.8081198220149843,-10.5625,-1
SNLNDRO_1_N001,2026-06-13,18,test,1.099496085600113,0.5488166009123883,0.45118339908761174,0.08109178759134107,0.9011537424606982,-7.342799999999997,-1
SNLNDRO_1_N001,2026-06-13,19,test,2.50909598696133,0.6018922662596109,0.3981077337403891,0.17952907175891686,0.9681875078442848,1.4999000000000038,1
SNLNDRO_1_N001,2026-06-13,20,test,3.765393229593625,0.6307282234236311,0.3692717765763689,0.23816549124350778,0.9840188036505504,-6.846800000000002,-1
SNLNDRO_1_N001,2026-06-13,21,test,3.703599992963453,0.6364266861685227,0.3635733138314773,0.2606958187566404,0.8008969333553342,-14.9189,-1
SNLNDRO_1_N001,2026-06-13,22,test,3.703599992963453,0.6337896562402421,0.3662103437597579,0.26652085387035707,0.7618807434554428,-11.8326,-1
SNLNDRO_1_N001,2026-06-13,23,test,2.796660238725909,0.6263219892979245,0.3736780107020755,0.23383671267694972,0.803686013989511,-10.1338,-1
SNLNDRO_1_N001,2026-06-13,24,test,2.219306756914223,0.6067506929217374,0.39324930707826256,0.21591153752722575,0.7191259088244012,-3.751800000000003,-1
SNLNDRO_1_N001,2026-06-14,1,test,-0.045695410219289995,0.5713780621221174,0.4286219378778826,0.07364158207132983,0.9202420681757915,65.4058,1
SNLNDRO_1_N001,2026-06-14,2,test,-0.2661296604523446,0.5713780621221174,0.4286219378778826,0.08360787878138758,0.9720820843353959,90.91149999999999,1
SNLNDRO_1_N001,2026-06-14,3,test,-0.5116703152147118,0.5764819789803842,0.4235180210196158,0.09856211114682965,0.9850805950706769,71.3121,1
SNLNDRO_1_N001,2026-06-14,4,test,-0.28482036526761684,0.5734191399632486,0.42658086003675144,0.08734542515672936,0.9988792948770692,2.1761000000000017,1
SNLNDRO_1_N001,2026-06-14,5,test,0.03282835308521333,0.5637889202284473,0.4362110797715527,0.06520979438590417,0.9947168866003401,0.48920000000000385,1
SNLNDRO_1_N001,2026-06-14,6,test,0.5961564644262707,0.5800714106627914,0.41992858933720856,0.1081350526875762,0.8820177365151624,49.990700000000004,1
SNLNDRO_1_N001,2026-06-14,7,test,0.3947889509752191,0.5734734492727123,0.42652655072728773,0.08775317892890928,0.9583345213126536,9.3555,1
SNLNDRO_1_N001,2026-06-14,8,test,-0.5879084309745881,0.5477702605795324,0.4522297394204676,0.06899564649244107,0.995415560985243,4.497599999999999,1
SNLNDRO_1_N001,2026-06-14,9,test,-0.24592421165523604,0.5354356442553024,0.46456435574469757,0.043789005551734754,0.9534576339416355,-3.9715000000000007,-1
SNLNDRO_1_N001,2026-06-14,10,test,-2.563631920288309,0.5030761319022357,0.49692386809776434,0.08198343427176934,0.9558498493550188,-2.0820999999999987,-1
SNLNDRO_1_N001,2026-06-14,11,test,-3.534633067731186,0.4982764398917763,0.5017235601082237,0.10199353609218578,0.912458010913596,2.4375,1
SNLNDRO_1_N001,2026-06-14,12,test,-2.8813497141532847,0.4982764398917763,0.5017235601082237,0.08892058059962643,0.9594995071391241,3.0654000000000003,1
SNLNDRO_1_N001,2026-06-14,13,test,-2.3414216960982412,0.4982764398917763,0.5017235601082237,0.07759830952966121,0.9731717804134531,6.2319,1
SNLNDRO_1_N001,2026-06-14,14,test,-1.84611174115711,0.49736292913820285,0.5026370708617971,0.0524258460010501,0.8411152199817322,4.399899999999999,1
SNLNDRO_1_N001,2026-06-14,15,test,-1.1868301304513522,0.5359530153647613,0.46404698463523875,0.06904530657003616,0.8393793282556145,2.4346999999999994,1
SNLNDRO_1_N001,2026-06-14,16,test,0.5369377521253131,0.5377073064581782,0.4622926935418218,0.05352091970220045,0.8826415810760128,-0.953599999999998,-1
SNLNDRO_1_N001,2026-06-14,17,test,0.004536196032513769,0.5632432965494941,0.4367567034505059,0.06344888179283495,0.8026658071278703,0.6669000000000018,1
SNLNDRO_1_N001,2026-06-14,18,test,-0.12397942776253774,0.5628523963566356,0.43714760364336436,0.0663582407170382,0.8684899489358873,-2.754100000000001,-1
SNLNDRO_1_N001,2026-06-14,19,test,0.9832361026968839,0.5836785578525219,0.4163214421474781,0.11005789285316886,0.8674542381973975,6.500499999999995,1
SNLNDRO_1_N001,2026-06-14,20,test,2.255543458125416,0.6069496632096983,0.39305033679030166,0.18594412510908243,0.8390796518895424,0.805499999999995,1
SNLNDRO_1_N001,2026-06-14,21,test,2.494618641868577,0.6155029692169485,0.38449703078305153,0.20565175066767843,0.7829472971346925,5.773600000000002,1
SNLNDRO_1_N001,2026-06-14,22,test,2.122829416096737,0.6155029692169485,0.38449703078305153,0.1992505306037729,0.7585636693509458,7.022799999999997,1
SNLNDRO_1_N001,2026-06-14,23,test,1.8224848055101481,0.6053579739741488,0.3946420260258512,0.18372587627925352,0.7656798020456654,0.17210000000000036,1
SNLNDRO_1_N001,2026-06-14,24,test,0.6356388845306985,0.5670372644540309,0.4329627355459691,0.09668161565997817,0.9792977645836614,6.064999999999998,1
SNLNDRO_1_N001,2026-06-15,1,test,0.8245174172359488,0.5683646343965661,0.43163536560343385,0.09244516617801585,0.7662224211765881,7.2635000000000005,1
SNLNDRO_1_N001,2026-06-15,2,test,0.5864639880538264,0.5591045760050314,0.4408954239949686,0.07707135459509266,0.8151954783320265,4.274700000000003,1
SNLNDRO_1_N001,2026-06-15,3,test,0.7369924623589071,0.56504483690312,0.43495516309688,0.08911115976867263,0.863557849632202,3.3687000000000005,1
SNLNDRO_1_N001,2026-06-15,4,test,0.5127812638294783,0.5619621342590195,0.43803786574098047,0.08409617158461559,0.9082440049617996,3.9516000000000027,1
SNLNDRO_1_N001,2026-06-15,5,test,0.3768473902529696,0.5627405433247816,0.43725945667521837,0.07515657178094254,0.867197327208251,6.172799999999999,1
SNLNDRO_1_N001,2026-06-15,6,test,-0.26177347838746656,0.5733507075046798,0.42664929249532024,0.08096423163638003,0.811777030968923,8.684000000000001,1
SNLNDRO_1_N001,2026-06-15,7,test,-0.16005292613154692,0.5681475247404975,0.43185247525950254,0.07353131136991277,0.9807491503400677,11.6386,1
SNLNDRO_1_N001,2026-06-15,8,test,-0.6747825284024473,0.5615588219040111,0.4384411780959889,0.07930840519559106,0.7913535133831991,1.6270999999999987,1
SNLNDRO_1_N001,2026-06-15,9,test,-1.1616732495662536,0.5442220894876398,0.45577791051236016,0.07150024239960033,0.7596116361182393,-1.2556000000000012,-1
SNLNDRO_1_N001,2026-06-15,10,test,-2.2183588012089657,0.5151690970921223,0.48483090290787767,0.06868195816377898,0.7870085984045102,4.988400000000002,1
SNLNDRO_1_N001,2026-06-15,11,test,-3.455455021220036,0.48208523846617446,0.5179147615338255,0.09407314271765203,0.7623464167445511,4.923500000000001,1
SNLNDRO_1_N001,2026-06-15,12,test,-2.7491375279005252,0.48208523846617446,0.5179147615338255,0.0794935264113544,0.7631939010932207,11.138200000000001,1
SNLNDRO_1_N001,2026-06-15,13,test,-3.3530993705984593,0.4867103158122618,0.5132896841877381,0.08540619084618835,0.7428455413995446,10.450400000000002,1
SNLNDRO_1_N001,2026-06-15,14,test,-3.0807002459156885,0.4857974781525181,0.5142025218474819,0.08463297901384832,0.8046632702484542,5.5077,1
SNLNDRO_1_N001,2026-06-15,15,test,-2.3743827525961776,0.48520568507886097,0.514794314921139,0.07189986811476198,0.8154207870688551,4.674800000000001,1
SNLNDRO_1_N001,2026-06-15,16,test,-1.9403150624105268,0.5383909653861938,0.4616090346138062,0.09163977281039024,0.9253017800451439,5.573500000000003,1
SNLNDRO_1_N001,2026-06-15,17,test,-1.5662065216154784,0.5174485627626858,0.4825514372373142,0.058616671568010724,0.8736015628555391,-1.4754000000000005,-1
SNLNDRO_1_N001,2026-06-15,18,test,-0.8175503079177174,0.5492885185301458,0.4507114814698542,0.07264990695307515,0.9915719558300168,2.4538999999999973,1
SNLNDRO_1_N001,2026-06-15,19,test,1.3148998827131346,0.567483843925915,0.432516156074085,0.10283271233698824,0.9728322942835291,7.264099999999999,1
SNLNDRO_1_N001,2026-06-15,20,test,2.547399915250218,0.5830933761386494,0.4169066238613506,0.14940756323855436,0.9981156981751877,10.674399999999999,1
SNLNDRO_1_N001,2026-06-15,21,test,2.5230579374502065,0.5881442794658265,0.4118557205341735,0.1537590475954133,0.9941624578708195,16.261899999999997,1
SNLNDRO_1_N001,2026-06-15,22,test,2.8529407511342617,0.5890547525668132,0.41094524743318683,0.17984395393180685,0.8583668531634516,14.1113,1
SNLNDRO_1_N001,2026-06-15,23,test,1.6577117592888377,0.5862717570914813,0.41372824290851873,0.144017113150266,0.9450081737158971,8.211699999999997,1
SNLNDRO_1_N001,2026-06-15,24,test,0.6796978082509372,0.5689933572447498,0.43100664275525025,0.09532024169578009,0.8528373243045287,6.972300000000001,1
SNLNDRO_1_N001,2026-06-16,1,test,-0.982687996809796,0.5859744422425573,0.41402555775744265,0.11636944501117713,0.9824656719118432,3.6361000000000026,1
SNLNDRO_1_N001,2026-06-16,2,test,-1.4584388958450383,0.5859744422425573,0.41402555775744265,0.13081090305637444,0.9928855197722969,4.543300000000002,1
SNLNDRO_1_N001,2026-06-16,3,test,-1.3394322008386141,0.5828150515764963,0.41718494842350373,0.12509469613798313,0.9724436203487667,4.646899999999995,1
SNLNDRO_1_N001,2026-06-16,4,test,-1.2738818814616772,0.5731056821609295,0.4268943178390705,0.12462158166641649,0.9489707879537882,5.128599999999999,1
SNLNDRO_1_N001,2026-06-16,5,test,-1.4324870486189218,0.5635627468020146,0.43643725319798543,0.11825807332884831,0.9659867289736934,7.521799999999999,1
SNLNDRO_1_N001,2026-06-16,6,test,-1.398719970744576,0.5778744163197492,0.42212558368025077,0.11809781979631531,0.9476320987059328,12.317500000000003,1
SNLNDRO_1_N001,2026-06-16,7,test,-1.8054532839496966,0.5728268781033732,0.4271731218966268,0.1298732786910074,0.9866423061529782,14.620199999999997,1
SNLNDRO_1_N001,2026-06-16,8,test,-2.8861098958108564,0.5539837601362618,0.4460162398637382,0.11361795328725166,0.8457352792681484,4.982900000000001,1
SNLNDRO_1_N001,2026-06-16,9,test,-3.0210572777238474,0.5278200951571439,0.4721799048428561,0.09498001688634018,0.9614688306322342,6.639800000000001,1
SNLNDRO_1_N001,2026-06-16,10,test,-3.5990845596515197,0.5241001320660293,0.47589986793397066,0.09898546852917225,0.9126094802635281,13.555499999999999,1
SNLNDRO_1_N001,2026-06-16,11,test,-3.9638268986101837,0.5157378496270981,0.4842621503729019,0.1002742144362288,0.9565341286022359,13.790899999999999,1
SNLNDRO_1_N001,2026-06-16,12,test,-3.5040844002123563,0.5157378496270981,0.4842621503729019,0.09367472347661193,0.8976009257228854,14.1837,1
SNLNDRO_1_N001,2026-06-16,13,test,-4.676886822667232,0.49733953065360775,0.5026604693463923,0.09910759264156105,0.883529716550941,18.7495,1
SNLNDRO_1_N001,2026-06-16,14,test,-4.64489560330434,0.4747358463152609,0.5252641536847391,0.12333720374448018,0.9084066334643086,12.325299999999999,1
SNLNDRO_1_N001,2026-06-16,15,test,-4.170827340663019,0.4747358463152609,0.5252641536847391,0.12056981385283774,0.9675512524936791,12.606200000000001,1
SNLNDRO_1_N001,2026-06-16,16,test,-3.790339353490917,0.4771455110148726,0.5228544889851274,0.10393837971929444,0.8589418383625305,4.694599999999999,1
SNLNDRO_1_N001,2026-06-16,17,test,-2.9667551590969534,0.5164123751256071,0.4835876248743929,0.08971510184652703,0.9126018621354913,10.244399999999999,1
SNLNDRO_1_N001,2026-06-16,18,test,-2.639564003293515,0.5305289128236356,0.46947108717636443,0.09240443640102103,0.9312179188620879,13.5149,1
SNLNDRO_1_N001,2026-06-16,19,test,0.9184029962596071,0.5822885644349065,0.4177114355650935,0.11172090387351802,0.8391982592528691,20.274399999999996,1
SNLNDRO_1_N001,2026-06-16,20,test,0.9357872118083257,0.6132925722471286,0.38670742775287137,0.13584831254371024,0.8902881427895457,16.3391,1
SNLNDRO_1_N001,2026-06-16,21,test,-0.41220503582494195,0.5860920145342862,0.41390798546571383,0.09742913970282266,0.9779757287615062,11.678399999999996,1
SNLNDRO_1_N001,2026-06-16,22,test,0.47802521964711353,0.6055189221861031,0.39448107781389685,0.12336454936292521,0.8278858137361464,11.726199999999999,1
SNLNDRO_1_N001,2026-06-16,23,test,0.1468998634412737,0.5751291341606007,0.42487086583939926,0.07854781383679758,0.7574641453179966,9.8899,1
SNLNDRO_1_N001,2026-06-16,24,test,0.06376773999071338,0.5846055772751295,0.4153944227248705,0.0866265279955422,0.8549032407630098,9.938400000000001,1
SNLNDRO_1_N001,2026-06-17,1,test,1.5765327695809996,0.6213231226484968,0.37867687735150324,0.19639159536178674,0.702340488093788,0.49210000000000065,1
SNLNDRO_1_N001,2026-06-17,2,test,1.6871819019311771,0.6191363167068694,0.3808636832931306,0.19601390193752816,0.730821871093738,-2.9116000000000035,-1
SNLNDRO_1_N001,2026-06-17,3,test,1.5021575932553528,0.6063703450153112,0.3936296549846888,0.17339363001448585,0.763726143032561,0.6830999999999996,1
SNLNDRO_1_N001,2026-06-17,4,test,0.3567620915508665,0.5828367323919701,0.4171632676080299,0.10375718486604715,0.8209002328476213,0.39550000000000196,1
SNLNDRO_1_N001,2026-06-17,5,test,0.3567620915508665,0.5733493863085788,0.4266506136914212,0.09279366740991551,0.8686548881248954,-2.197800000000001,-1
SNLNDRO_1_N001,2026-06-17,6,test,1.6086764341293516,0.619754529903177,0.38024547009682297,0.19038875622908283,0.7622675262592397,-0.4200000000000017,-1
SNLNDRO_1_N001,2026-06-17,7,test,0.1722371046421789,0.5725795571848861,0.42742044281511393,0.07916478277737626,0.9945046839706798,-0.6953999999999994,-1
SNLNDRO_1_N001,2026-06-17,8,test,-0.8559840009455428,0.5869262512361028,0.41307374876389724,0.11224205539469459,0.8170986119560153,0.6927999999999983,1
SNLNDRO_1_N001,2026-06-17,9,test,-1.0812514360448342,0.5571183105858467,0.4428816894141533,0.08971443005339824,0.8597053895593062,-4.240600000000001,-1
SNLNDRO_1_N001,2026-06-17,10,test,-3.1183778191288445,0.5185839690388313,0.4814160309611687,0.106214387143408,0.8712117052709796,-8.620199999999997,-1
SNLNDRO_1_N001,2026-06-17,11,test,-3.1949340311779277,0.5038998120669587,0.49610018793304134,0.08134328942440275,0.7795200564092365,-8.5734,-1
SNLNDRO_1_N001,2026-06-17,12,test,-3.1949340311779277,0.49417525745937724,0.5058247425406228,0.0808294041715579,0.7638050932105006,-9.502600000000001,-1
SNLNDRO_1_N001,2026-06-17,13,test,-3.2168355078705817,0.5038998120669587,0.49610018793304134,0.07336077085678186,0.7233841427133937,-6.538699999999999,-1
SNLNDRO_1_N001,2026-06-17,14,test,-2.8717310847566186,0.49417525745937724,0.5058247425406228,0.08044133849412377,0.8169490647769827,-5.0809,-1
SNLNDRO_1_N001,2026-06-17,15,test,-2.3109800546903743,0.49827837419219095,0.501721625807809,0.06348527044507973,0.8298707105637576,-7.6678999999999995,-1
SNLNDRO_1_N001,2026-06-17,16,test,-2.2241880070647073,0.49827837419219095,0.501721625807809,0.06138011013887817,0.8508487853137049,-8.441599999999998,-1
SNLNDRO_1_N001,2026-06-17,17,test,-1.0916552424592008,0.5354794113753102,0.4645205886246898,0.06730151850896218,0.8503257990942176,0.8960000000000008,1
SNLNDRO_1_N001,2026-06-17,18,test,-0.5593418227598527,0.5429157014349808,0.4570842985650192,0.05861179206678988,0.8447625290965332,5.285600000000002,1
SNLNDRO_1_N001,2026-06-17,19,test,1.4264221145050513,0.5954475772169512,0.4045524227830488,0.13471608344041738,0.882185556246865,6.384599999999995,1
SNLNDRO_1_N001,2026-06-17,20,test,2.808845514924604,0.6349048575549257,0.36509514244507435,0.22218732498060417,0.9159206539140816,1.0843999999999951,1
SNLNDRO_1_N001,2026-06-17,21,test,2.840834116221988,0.6272383670733797,0.37276163292662035,0.20119644257070518,0.8977475723184507,-2.359500000000004,-1
SNLNDRO_1_N001,2026-06-17,22,test,2.778936462834365,0.6281170620606885,0.3718829379393115,0.2241604226311632,0.8573252489421731,0.39520000000000266,1
SNLNDRO_1_N001,2026-06-17,23,test,1.9469656359485727,0.6090209084654016,0.3909790915345984,0.16636693760496035,0.8594499356875657,-3.121300000000005,-1
SNLNDRO_1_N001,2026-06-17,24,test,1.9248392640625875,0.6033085090206234,0.3966914909793766,0.20806203526028752,0.7217401996769574,-2.6743999999999986,-1
SNLNDRO_1_N001,2026-06-18,1,test,2.069594042841809,0.6191363167068694,0.3808636832931306,0.19016615745305837,0.9975976940019936,-3.5594000000000037,-1
SNLNDRO_1_N001,2026-06-18,2,test,1.3130662538858962,0.6041692672204944,0.39583073277950565,0.1623998803117136,0.7950874979129133,-4.808500000000002,-1
SNLNDRO_1_N001,2026-06-18,3,test,0.7628968107635444,0.6022047617881403,0.3977952382118597,0.13218135924619784,0.9547440823000524,-4.790900000000001,-1
SNLNDRO_1_N001,2026-06-18,4,test,0.5731986400395847,0.5828367323919701,0.4171632676080299,0.11671964339269152,0.7923089868149699,0.01389999999999958,1
SNLNDRO_1_N001,2026-06-18,5,test,0.8699769288036207,0.5733493863085788,0.4266506136914212,0.11454576972505096,0.9545357184295042,-1.7881,-1
SNLNDRO_1_N001,2026-06-18,6,test,1.2109065316738983,0.6050681025238576,0.39493189747614244,0.1419993147746397,0.8658824117633932,-11.1892,-1
SNLNDRO_1_N001,2026-06-18,7,test,1.225088635417856,0.5921736313694964,0.4078263686305036,0.12994577474302832,0.9136632101959645,-1.1629999999999967,-1
SNLNDRO_1_N001,2026-06-18,8,test,-1.1163982865105948,0.5785832670514778,0.4214167329485222,0.12047834684072437,0.9526570122975231,-18.4475,-1
SNLNDRO_1_N001,2026-06-18,9,test,-1.7042554297463421,0.5571183105858467,0.4428816894141533,0.1139173136059067,0.9832045487050998,-22.4912,-1
SNLNDRO_1_N001,2026-06-18,10,test,-2.6260040603150188,0.5046113299239899,0.49538867007601006,0.06322366220579641,0.7495335712726753,-16.0961,-1
SNLNDRO_1_N001,2026-06-18,11,test,-3.4594171264779088,0.4951690475476859,0.504830952452314,0.08261016895231182,0.7612222082452772,-16.3901,-1
SNLNDRO_1_N001,2026-06-18,12,test,-3.2035546311747534,0.4848563419403661,0.5151436580596339,0.08605678532289619,0.7630343581193199,-16.0672,-1
SNLNDRO_1_N001,2026-06-18,13,test,-3.130303213521168,0.48584475298055524,0.5141552470194448,0.08119543629719912,0.744958034072903,-16.0915,-1
SNLNDRO_1_N001,2026-06-18,14,test,-3.0070393713082493,0.4893281478676736,0.5106718521323264,0.07618355554140288,0.7650611484271802,-16.6032,-1
SNLNDRO_1_N001,2026-06-18,15,test,-2.5604782255391005,0.4924476602492366,0.5075523397507634,0.06289841254282291,0.754614512529456,-13.990099999999998,-1
SNLNDRO_1_N001,2026-06-18,16,test,-1.0356333998413616,0.49030433056968015,0.5096956694303199,0.04407483680240212,0.993064446923252,-16.977700000000002,-1
SNLNDRO_1_N001,2026-06-18,17,test,-1.018822751504251,0.5452807182525624,0.4547192817474376,0.08004301632315323,0.9867038648358661,-16.9628,-1
SNLNDRO_1_N001,2026-06-18,18,test,-0.2181022376889558,0.568149546845315,0.43185045315468495,0.07627441531058043,0.9271588693450425,-12.771799999999999,-1
SNLNDRO_1_N001,2026-06-18,19,test,2.0441412493314166,0.6086778035369466,0.39132219646305344,0.16409327318728373,0.8669021539303978,-5.345100000000002,-1
SNLNDRO_1_N001,2026-06-18,20,test,3.96349047242372,0.6349048575549257,0.36509514244507435,0.2393752701969547,0.9064657377137512,-8.477399999999996,-1
SNLNDRO_1_N001,2026-06-18,21,test,3.96349047242372,0.6290601495460857,0.3709398504539143,0.2277700786074407,0.8585166985381496,-12.380000000000003,-1
SNLNDRO_1_N001,2026-06-18,22,test,3.6567134660755856,0.624453472149439,0.375546527850561,0.2279238756327374,0.9655737233500874,-12.748400000000004,-1
SNLNDRO_1_N001,2026-06-18,23,test,2.4410526872418736,0.6161006491742783,0.3838993508257217,0.19817766867228712,0.9448319574872877,-9.750099999999996,-1
SNLNDRO_1_N001,2026-06-18,24,test,2.1229010362202407,0.6142360296413573,0.38576397035864274,0.19277213010217797,0.9322690743804187,-8.152499999999996,-1
SNLNDRO_1_N001,2026-06-19,1,test,0.6635418231614574,0.5916920923834217,0.4083079076165783,0.11607879666440585,0.9691417867722917,6.5645000000000024,1
SNLNDRO_1_N001,2026-06-19,2,test,0.3513087886897843,0.589986450942335,0.41001354905766496,0.10418545813774918,0.959342010840488,1.7811000000000021,1
SNLNDRO_1_N001,2026-06-19,3,test,0.4046227948750896,0.5789404283650569,0.4210595716349431,0.09457842919981546,0.9997164273475216,1.6623000000000019,1
SNLNDRO_1_N001,2026-06-19,4,test,1.0663027861546044,0.5647669127921715,0.4352330872078285,0.13724068612511045,0.6320297954937049,2.109900000000003,1
SNLNDRO_1_N001,2026-06-19,5,test,0.574645640090157,0.5851435188325776,0.41485648116742235,0.1259509340109412,0.6370486551633566,8.738999999999997,1
SNLNDRO_1_N001,2026-06-19,6,test,0.4729250878342373,0.5919878738583934,0.40801212614160665,0.11274774314765675,0.8471228019709907,6.877100000000006,1
SNLNDRO_1_N001,2026-06-19,7,test,-0.19909380615471944,0.5889430298612989,0.4110569701387011,0.10093015609542208,0.6281433679141917,7.431700000000003,1
SNLNDRO_1_N001,2026-06-19,8,test,-1.1715823345843284,0.5744055702711104,0.4255944297288896,0.11624541479894293,0.9255444031566755,-10.473600000000001,-1
SNLNDRO_1_N001,2026-06-19,9,test,-1.6566915643658504,0.5571762449259656,0.4428237550740344,0.11490072083616382,0.9756520565130412,-17.352600000000002,-1
SNLNDRO_1_N001,2026-06-19,10,test,-3.156208533377241,0.49980221016584486,0.5001977898341552,0.09672609472242535,0.9766588003348692,-22.4374,-1
SNLNDRO_1_N001,2026-06-19,11,test,-4.501447171258253,0.4836137044893535,0.5163862955106465,0.13642551926257412,0.9085581288027701,-22.455900000000003,-1
SNLNDRO_1_N001,2026-06-19,12,test,-3.810748455140953,0.4827012129322653,0.5172987870677347,0.12387894755480625,0.9448980372077861,-24.037599999999998,-1
SNLNDRO_1_N001,2026-06-19,13,test,-4.317042149551944,0.4750655736808252,0.5249344263191749,0.14299391881673112,0.942771606944221,-19.5045,-1
SNLNDRO_1_N001,2026-06-19,14,test,-3.835560161414293,0.4827012129322653,0.5172987870677347,0.12327782791055669,0.9631191919396811,-21.769700000000004,-1
SNLNDRO_1_N001,2026-06-19,15,test,-3.835560161414293,0.49328718611498273,0.5067128138850172,0.11288735033266897,0.957138536745287,-23.653499999999998,-1
SNLNDRO_1_N001,2026-06-19,16,test,-3.7096250138212485,0.4988192288944394,0.5011807711055606,0.10835785670825787,0.9829428197637691,-33.5824,-1
SNLNDRO_1_N001,2026-06-19,17,test,-1.9753131917502196,0.5393584990261417,0.46064150097385825,0.10346279284940917,0.9773240887097987,-33.748000000000005,-1
SNLNDRO_1_N001,2026-06-19,18,test,-1.0477991500703137,0.5526985861292654,0.44730141387073463,0.0861822058603831,0.9467203196458204,-32.9807,-1
SNLNDRO_1_N001,2026-06-19,19,test,2.1300345114996473,0.5923868900153871,0.40761310998461286,0.16831712487474731,0.8634807580433052,-0.7619000000000007,-1
SNLNDRO_1_N001,2026-06-19,20,test,3.5638629402847513,0.6087801590086583,0.39121984099134166,0.21057959725581632,0.9759413253464333,-2.919399999999996,-1
SNLNDRO_1_N001,2026-06-19,21,test,3.333139942602961,0.6047312921503306,0.3952687078496694,0.20098573644497258,0.9732509881278305,-2.6976000000000013,-1
SNLNDRO_1_N001,2026-06-19,22,test,2.9875851111738982,0.6010398897022411,0.3989601102977589,0.19757837731282218,0.9145046450519362,-3.658300000000004,-1
SNLNDRO_1_N001,2026-06-19,23,test,2.4882153732659402,0.602263405998544,0.397736594001456,0.19721639062749635,0.9025673303956903,5.817199999999996,1
SNLNDRO_1_N001,2026-06-19,24,test,1.6890576249835703,0.5963431638288426,0.40365683617115744,0.16545908872425952,0.9914192123773716,9.0476,1
SNLNDRO_1_N001,2026-06-20,1,test,0.9319904714083282,0.5696620101067116,0.4303379898932884,0.11149011865793229,0.7648222467823315,14.0196,1
SNLNDRO_1_N001,2026-06-20,2,test,0.9567231599422942,0.5727058241901295,0.4272941758098705,0.10921240004111052,0.9100129831768808,10.606000000000002,1
SNLNDRO_1_N001,2026-06-20,3,test,0.9567231599422942,0.5727058241901295,0.4272941758098705,0.1090909102207899,0.9132908439234533,10.053400000000003,1
SNLNDRO_1_N001,2026-06-20,4,test,0.7991457642199367,0.559938268954877,0.44006173104512303,0.10240935810252087,0.8650202325629351,9.824399999999997,1
SNLNDRO_1_N001,2026-06-20,5,test,0.9008663164758564,0.5627398841107227,0.43726011588927727,0.11059742968859791,0.8384977899498945,8.417699999999996,1
SNLNDRO_1_N001,2026-06-20,6,test,1.3510305871557509,0.5726611231569588,0.42733887684304117,0.1292844354933068,0.7848711411034349,5.2468,1
SNLNDRO_1_N001,2026-06-20,7,test,0.7097519894438438,0.581099066142343,0.41890093385765703,0.11737851840081115,0.7183115277815625,3.6671000000000014,1
SNLNDRO_1_N001,2026-06-20,8,test,-1.085958192595667,0.5477936933231604,0.4522063066768396,0.09220805724923224,0.8343503936748544,3.3556,1
SNLNDRO_1_N001,2026-06-20,9,test,-1.2140111595751826,0.5519194573396771,0.44808054266032293,0.1019426947471786,0.7519896068017338,7.171900000000001,1
SNLNDRO_1_N001,2026-06-20,10,test,-2.5066414964939647,0.5024919832886884,0.4975080167113116,0.09856156171431328,0.7780069937797265,-0.7345000000000006,-1
SNLNDRO_1_N001,2026-06-20,11,test,-2.236982616374507,0.49366015232207094,0.5063398476779291,0.08773049469594496,0.8577305351026228,0.4116000000000001,1
SNLNDRO_1_N001,2026-06-20,12,test,-2.236982616374507,0.49274679299142216,0.5072532070085778,0.09261488345945897,0.7843099225977501,-0.24680000000000002,-1
SNLNDRO_1_N001,2026-06-20,13,test,-2.4202660412568924,0.49884122476716797,0.501158775232832,0.09046970443460432,0.8185915682199054,1.0443,1
SNLNDRO_1_N001,2026-06-20,14,test,-2.3882748218940004,0.49274679299142216,0.5072532070085778,0.09625072176766007,0.8102865622117437,3.0879,1
SNLNDRO_1_N001,2026-06-20,15,test,-2.8621640454062107,0.49274679299142216,0.5072532070085778,0.09958864102265094,0.9283609388047751,5.0597,1
SNLNDRO_1_N001,2026-06-20,16,test,-2.0264123887419396,0.4923854816215621,0.507614518378438,0.08605910663616598,0.78752367441799,6.6297,1
SNLNDRO_1_N001,2026-06-20,17,test,-1.512814055420094,0.5297206896511376,0.4702793103488624,0.08995898700128477,0.8108380957437622,7.8995,1
SNLNDRO_1_N001,2026-06-20,18,test,-1.536420060282367,0.5395762580559911,0.4604237419440089,0.09021461026127234,0.9851304716161169,3.6375999999999995,1
SNLNDRO_1_N001,2026-06-20,19,test,0.6659019180390314,0.5823143683968324,0.41768563160316763,0.10769994309126928,0.8995629200306018,4.743699999999999,1
SNLNDRO_1_N001,2026-06-20,20,test,2.4380277564261505,0.6077725340572027,0.39222746594279734,0.19006584200968885,0.8941551951454344,4.022199999999998,1
SNLNDRO_1_N001,2026-06-20,21,test,2.390946544362564,0.6000464251747615,0.3999535748252385,0.18791646978952015,0.8102714692947763,7.320900000000002,1
SNLNDRO_1_N001,2026-06-20,22,test,2.187017479153447,0.5990112052039119,0.40098879479608807,0.17977677753073285,0.8238953106727154,7.8964,1
SNLNDRO_1_N001,2026-06-20,23,test,1.8458064175615567,0.5930271463220548,0.4069728536779452,0.17500510998611152,0.7599503078001654,9.0304,1
SNLNDRO_1_N001,2026-06-20,24,test,1.8458064175615567,0.5762823200494487,0.4237176799505513,0.15978002638681557,0.8314019548972987,8.151899999999998,1
SNLNDRO_1_N001,2026-06-21,1,test,0.7485042720624647,0.607001879168276,0.39299812083172403,0.1420625822362115,0.7258657190413196,3.8466999999999985,1
SNLNDRO_1_N001,2026-06-21,2,test,0.9941475971011298,0.6037430656770455,0.3962569343229545,0.1469372488663225,0.7688534998993443,5.671999999999999,1
SNLNDRO_1_N001,2026-06-21,3,test,0.9941475971011298,0.603486736592741,0.396513263407259,0.1437837968656518,0.8293563078842877,6.0075,1
SNLNDRO_1_N001,2026-06-21,4,test,1.0624498900602772,0.5924144669503132,0.4075855330496868,0.19587165462860678,0.4091786732003624,6.391100000000002,1
SNLNDRO_1_N001,2026-06-21,5,test,1.0669559741964214,0.5967209779391589,0.4032790220608411,0.1823410208242553,0.5087290139055389,6.551,1
SNLNDRO_1_N001,2026-06-21,6,test,0.95844314098041,0.6036199103199428,0.3963800896800572,0.15423243360878236,0.6111828519056409,8.272200000000002,1
SNLNDRO_1_N001,2026-06-21,7,test,0.8572510108182182,0.5981206596542231,0.4018793403457769,0.1505077000743456,0.5642681195337651,9.0115,1
SNLNDRO_1_N001,2026-06-21,8,test,-1.1381290081026947,0.5453197250176467,0.4546802749823533,0.09322721767874242,0.8140572501142939,-3.2648,-1
SNLNDRO_1_N001,2026-06-21,9,test,-1.2331353413658777,0.5579958478437035,0.4420041521562965,0.10987685114642458,0.7422683803419264,-1.8147000000000002,-1
SNLNDRO_1_N001,2026-06-21,10,test,-3.322661504285979,0.524758496181608,0.47524150381839203,0.13380199249244312,0.8642807589768107,-11.4587,-1
SNLNDRO_1_N001,2026-06-21,11,test,-4.802311259969917,0.5172289508531128,0.4827710491468872,0.15271790940134838,0.9510060816516934,-17.388,-1
SNLNDRO_1_N001,2026-06-21,12,test,-4.354172638520447,0.5163164507172376,0.48368354928276236,0.1647469213135631,0.7241462092760285,-15.2919,-1
SNLNDRO_1_N001,2026-06-21,13,test,-4.7866400178754684,0.5163164507172376,0.48368354928276236,0.15521094270422112,0.8747776528636674,-16.7903,-1
SNLNDRO_1_N001,2026-06-21,14,test,-5.202787419962048,0.5163164507172376,0.48368354928276236,0.17742772937388848,0.7785330880728769,-7.142,-1
SNLNDRO_1_N001,2026-06-21,15,test,-5.202787419962048,0.5210758919730867,0.4789241080269133,0.1779093766982685,0.8098638554410433,-10.7589,-1
SNLNDRO_1_N001,2026-06-21,16,test,-4.6168961740098124,0.528562842268334,0.47143715773166595,0.15205426634929778,0.8898833585277762,-26.582,-1
SNLNDRO_1_N001,2026-06-21,17,test,-3.4051119579823115,0.5498957023354276,0.4501042976645724,0.16202544647325778,0.7572101198809331,-32.8033,-1
SNLNDRO_1_N001,2026-06-21,18,test,-3.634781184465375,0.5427827549195616,0.4572172450804384,0.17364541101900707,0.7265248130720839,-23.252700000000004,-1
SNLNDRO_1_N001,2026-06-21,19,test,-3.2147168418478307,0.5592130748182258,0.4407869251817742,0.14782461911296335,0.9379835008295719,-2.8090999999999973,-1
SNLNDRO_1_N001,2026-06-21,20,test,1.358067115589492,0.6020673592960913,0.39793264070390866,0.15719527385022458,0.7671867378846159,8.466500000000003,1
SNLNDRO_1_N001,2026-06-21,21,test,1.2249892899770514,0.5980997195178124,0.4019002804821876,0.1509199865193459,0.7259890548654312,7.3367,1
SNLNDRO_1_N001,2026-06-21,22,test,1.1525249712396637,0.598976596767638,0.40102340323236196,0.15328885722895155,0.6649073846817559,5.576499999999996,1
SNLNDRO_1_N001,2026-06-21,23,test,0.921484811903885,0.5988576310941712,0.4011423689058288,0.13631214599008556,0.8938450676377673,-2.190000000000005,-1
SNLNDRO_1_N001,2026-06-21,24,test,1.2281496029354921,0.5968124522608149,0.4031875477391851,0.1517017869976974,0.8654648459399525,-1.1533999999999978,-1
SNLNDRO_1_N001,2026-06-22,1,test,2.5970040793894564,0.6170852836059825,0.38291471639401753,0.1906656922950759,0.9249870101287399,-0.10699999999999932,-1
SNLNDRO_1_N001,2026-06-22,2,test,2.5970040793894564,0.6158372088092197,0.38416279119078034,0.18097811751481846,0.8317526844595206,-0.044000000000004036,-1
SNLNDRO_1_N001,2026-06-22,3,test,2.5970040793894564,0.6131416177536174,0.3868583822463826,0.17943715151161427,0.8431849035092533,1.7898000000000032,1
SNLNDRO_1_N001,2026-06-22,4,test,2.1132602880580103,0.6010576953354347,0.39894230466456526,0.21691307242937247,0.7040551432960682,5.590799999999998,1
SNLNDRO_1_N001,2026-06-22,5,test,2.2149808403139297,0.6001811624602459,0.3998188375397541,0.19432149440234164,0.9407773479580752,0.4391999999999996,1
SNLNDRO_1_N001,2026-06-22,6,test,2.2484946230202527,0.6131416177536174,0.3868583822463826,0.19569599555322154,0.8271424422335769,7.0367,1
SNLNDRO_1_N001,2026-06-22,7,test,1.2650834143955598,0.5906482491704962,0.4093517508295038,0.1521011303075711,0.7615805572088035,2.1431000000000004,1
SNLNDRO_1_N001,2026-06-22,8,test,0.38917630301000095,0.5658436094138116,0.4341563905861884,0.07469768032843176,0.7005286609043574,-7.6676,-1
SNLNDRO_1_N001,2026-06-22,9,test,0.16390886791070974,0.5479596503120719,0.45204034968792806,0.051429678439295516,0.691157793328731,-7.8477,-1
SNLNDRO_1_N001,2026-06-22,10,test,-1.856889909225381,0.5060412294205537,0.49395877057944626,0.04201055986047858,0.6788035643159496,-8.908600000000003,-1
SNLNDRO_1_N001,2026-06-22,11,test,-2.1185131952898963,0.4975750585989539,0.5024249414010461,0.04265779070939728,0.6719257293094623,-9.1448,-1
SNLNDRO_1_N001,2026-06-22,12,test,-2.1185131952898963,0.4975750585989539,0.5024249414010461,0.04614139113690382,0.705075070607598,-6.527000000000001,-1
SNLNDRO_1_N001,2026-06-22,13,test,-2.493621527905333,0.4975750585989539,0.5024249414010461,0.05291912174822726,0.703944832068163,-8.295000000000002,-1
SNLNDRO_1_N001,2026-06-22,14,test,-2.584650186777653,0.4975750585989539,0.5024249414010461,0.05325016833360053,0.6908417061814818,-6.9632000000000005,-1
SNLNDRO_1_N001,2026-06-22,15,test,-2.6015612678068023,0.4975750585989539,0.5024249414010461,0.056840375308315275,0.7117985689546226,-7.387500000000003,-1
SNLNDRO_1_N001,2026-06-22,16,test,-2.268545011461275,0.49811622784301984,0.5018837721569802,0.043897913560335095,0.6840411891279324,-3.7234000000000016,-1
SNLNDRO_1_N001,2026-06-22,17,test,-1.4505167829212635,0.5219310598966437,0.4780689401033563,0.04536015840975249,0.6472309488525256,4.790199999999999,1
SNLNDRO_1_N001,2026-06-22,18,test,-1.8202453929269882,0.5189252719709806,0.4810747280290194,0.05206729133088013,0.6704402186914256,5.43,1
SNLNDRO_1_N001,2026-06-22,19,test,-1.7124976088358892,0.5338100595344589,0.4661899404655411,0.0665029010643259,0.6768741577049368,10.439100000000003,1
SNLNDRO_1_N001,2026-06-22,20,test,1.57224110579431,0.5801061956705138,0.4198938043294862,0.1210751564252556,0.7926496856555353,3.406500000000001,1
SNLNDRO_1_N001,2026-06-22,21,test,1.478360000089653,0.5864963410871902,0.4135036589128098,0.1187694093942393,0.7370520432460517,6.161099999999998,1
SNLNDRO_1_N001,2026-06-22,22,test,1.5508243188270407,0.5826859540169873,0.4173140459830127,0.11804999312032013,0.7537990759061272,7.2623999999999995,1
SNLNDRO_1_N001,2026-06-22,23,test,1.4464497963676162,0.5798345823524077,0.4201654176475923,0.11185353571456548,0.6989987276553564,10.427600000000005,1
SNLNDRO_1_N001,2026-06-22,24,test,1.5794084473712462,0.5736407351482298,0.4263592648517702,0.12120719766300403,0.7986523108531784,10.149600000000003,1
SNLNDRO_1_N001,2026-06-23,1,test,0.6959512592658741,0.6147462036036306,0.38525379639636936,0.1434586575291922,0.9830621129331312,8.417300000000001,1
SNLNDRO_1_N001,2026-06-23,2,test,0.4109120342815204,0.5993706733152343,0.4006293266847657,0.11993910307776776,0.824253562159829,7.9893,1
SNLNDRO_1_N001,2026-06-23,3,test,0.4278231153106702,0.5945416575995051,0.40545834240049494,0.11741966363718462,0.7678245499335153,7.910399999999996,1
SNLNDRO_1_N001,2026-06-23,4,test,0.4666031666773605,0.586541330669963,0.41345866933003705,0.11463586140581447,0.7875099148283289,9.203300000000002,1
SNLNDRO_1_N001,2026-06-23,5,test,0.5683237189332802,0.5635040862506953,0.43649591374930474,0.09136029077350112,0.9489969871574626,9.551599999999997,1
SNLNDRO_1_N001,2026-06-23,6,test,0.11310729918462141,0.570147436149752,0.42985256385024795,0.0748812611176389,0.8709076918626982,10.422,1
SNLNDRO_1_N001,2026-06-23,7,test,-0.25644199639989085,0.5516954724728336,0.44830452752716643,0.05855303894173136,0.8321213246857518,8.0626,1
SNLNDRO_1_N001,2026-06-23,8,test,-0.3279228122350618,0.5589615955753308,0.44103840442466924,0.06738052340172487,0.8990403127660193,-0.43159999999999954,-1
SNLNDRO_1_N001,2026-06-23,9,test,-0.03644693171108558,0.5347477530694198,0.4652522469305802,0.03576726047387575,0.9925818484428935,4.7301,1
SNLNDRO_1_N001,2026-06-23,10,test,-1.5313348189305922,0.4891426598671306,0.5108573401328693,0.049088211588369735,0.9490332486337772,7.065899999999999,1
SNLNDRO_1_N001,2026-06-23,11,test,-1.5313348189305922,0.4905684928748936,0.5094315071251063,0.04740593349407469,0.9802569178864664,7.2928,1
SNLNDRO_1_N001,2026-06-23,12,test,-1.5313348189305922,0.4905684928748936,0.5094315071251063,0.04968081908695578,0.8994499750865004,8.600100000000001,1
SNLNDRO_1_N001,2026-06-23,13,test,-1.9318109789227214,0.4905684928748936,0.5094315071251063,0.06287882461301177,0.8088708637984032,9.540399999999998,1
SNLNDRO_1_N001,2026-06-23,14,test,-1.948722059951871,0.4905684928748936,0.5094315071251063,0.06229749551629194,0.8361599253980966,9.508899999999997,1
SNLNDRO_1_N001,2026-06-23,15,test,-1.948722059951871,0.4888540239527544,0.5111459760472457,0.06636202016827705,0.7963643746066762,5.9963000000000015,1
SNLNDRO_1_N001,2026-06-23,16,test,-1.948722059951871,0.49569419139206594,0.5043058086079341,0.04850456611222899,0.8597064461427082,4.698499999999999,1
SNLNDRO_1_N001,2026-06-23,17,test,-1.5990665230735055,0.5220860733647947,0.47791392663520527,0.057096493051100296,0.8920978157270311,8.531500000000001,1
SNLNDRO_1_N001,2026-06-23,18,test,-2.1852795265982516,0.523577116723731,0.476422883276269,0.0664890104672356,0.901562156929491,7.102599999999999,1
SNLNDRO_1_N001,2026-06-23,19,test,-1.8403619235143631,0.543918814975864,0.45608118502413597,0.07800763974925655,0.9022163457783037,10.202599999999997,1
SNLNDRO_1_N001,2026-06-23,20,test,1.3846366429830643,0.5547123339991725,0.4452876660008275,0.07995743682112111,0.8409020081084719,15.6308,1
SNLNDRO_1_N001,2026-06-23,21,test,1.5994912767394383,0.5722156266970045,0.42778437330299546,0.10256859350021189,0.8689429119820392,13.5351,1
SNLNDRO_1_N001,2026-06-23,22,test,1.456199418084683,0.5665925342359677,0.43340746576403233,0.09722118715091105,0.9425272483897448,6.157499999999999,1
SNLNDRO_1_N001,2026-06-23,23,test,1.13326950960018,0.5644567194109935,0.4355432805890065,0.09663328829326173,0.8181255985288992,3.451500000000003,1
SNLNDRO_1_N001,2026-06-23,24,test,1.13326950960018,0.5652527923575991,0.43474720764240093,0.09730731544886621,0.7962984173021145,-0.03529999999999944,-1
SNLNDRO_1_N001,2026-06-24,1,test,0.002284953436837412,0.5787272092752422,0.42127279072475776,0.07879309674705792,0.734236152509556,-0.1828000000000003,-1
SNLNDRO_1_N001,2026-06-24,2,test,0.002284953436837412,0.5770061265545834,0.4229938734454166,0.07709037526359612,0.8445066332262672,1.685699999999997,1
SNLNDRO_1_N001,2026-06-24,3,test,-0.2799538233587625,0.5754046442341895,0.42459535576581053,0.08483316103421025,0.8060837651382502,-0.9609000000000023,-1
SNLNDRO_1_N001,2026-06-24,4,test,-0.14949632671569615,0.5792184510707724,0.4207815489292276,0.08575840604479795,0.8946958330882026,-0.8470000000000013,-1
SNLNDRO_1_N001,2026-06-24,5,test,-0.14949632671569615,0.5786396133941137,0.42136038660588626,0.08589312183161273,0.9994877249088623,0.8618999999999986,1
SNLNDRO_1_N001,2026-06-24,6,test,-0.09492951468293817,0.5803007929035722,0.41969920709642783,0.08322642831845135,0.8235356095200553,-5.612499999999997,-1
SNLNDRO_1_N001,2026-06-24,7,test,-1.106704949955516,0.571205109328856,0.42879489067114396,0.1076004143127556,0.8470470403572674,-5.055300000000003,-1
SNLNDRO_1_N001,2026-06-24,8,test,-0.8030653812818711,0.5639513554052998,0.43604864459470016,0.08384530353654232,0.7768195461318251,-2.670300000000001,-1
SNLNDRO_1_N001,2026-06-24,9,test,-0.4722392127872263,0.5466328498765144,0.4533671501234856,0.06096089784055776,0.9038500162058672,-1.0151000000000003,-1
SNLNDRO_1_N001,2026-06-24,10,test,-0.9539688497087655,0.5043960241927181,0.4956039758072819,0.029416472072824225,0.9136623037848006,-1.4003000000000014,-1
SNLNDRO_1_N001,2026-06-24,11,test,-0.9539688497087655,0.4862737897066849,0.5137262102933151,0.03537973442705398,0.8163577048267449,-1.618199999999998,-1
SNLNDRO_1_N001,2026-06-24,12,test,-0.9539688497087655,0.4897049500774895,0.5102950499225105,0.033848810148285016,0.8694135538698348,-2.1357,-1
SNLNDRO_1_N001,2026-06-24,13,test,-3.6360546478505653,0.4897049500774895,0.5102950499225105,0.10739687131969995,0.9591984684641636,-5.055200000000003,-1
SNLNDRO_1_N001,2026-06-24,14,test,-3.4880672367265704,0.4917421335521008,0.5082578664478992,0.10288013671388245,0.9677256057658841,-6.726000000000003,-1
SNLNDRO_1_N001,2026-06-24,15,test,-3.2156681120437995,0.4959976439886451,0.5040023560113549,0.08967798499032555,0.9643318911389757,-10.400499999999997,-1
SNLNDRO_1_N001,2026-06-24,16,test,-0.7003475668307334,0.5009258713916018,0.49907412860839817,0.015618258014015363,0.7788518778388083,-11.823799999999999,-1
SNLNDRO_1_N001,2026-06-24,17,test,-1.9793477276687124,0.5416102762483542,0.4583897237516458,0.09337261896924726,0.9456284391631271,-6.8429,-1
SNLNDRO_1_N001,2026-06-24,18,test,0.9790646704713818,0.5437390804748791,0.45626091952512093,0.06790718689524912,0.9103133647850258,2.0459999999999994,1
SNLNDRO_1_N001,2026-06-24,19,test,1.3346958559345286,0.5500477009502803,0.4499522990497197,0.07364931791979389,0.8232012214616264,5.197199999999995,1
SNLNDRO_1_N001,2026-06-24,20,test,2.982824763797319,0.6101713086062873,0.3898286913937127,0.19628316113504585,0.7180718592642846,7.477699999999999,1
SNLNDRO_1_N001,2026-06-24,21,test,2.3234137742614607,0.6119038456983656,0.38809615430163436,0.1847256245500288,0.6826443329411337,6.932600000000001,1
SNLNDRO_1_N001,2026-06-24,22,test,2.4886608492462763,0.6094746244902912,0.3905253755097088,0.17604494906662416,0.7654575088379117,6.353999999999999,1
SNLNDRO_1_N001,2026-06-24,23,test,1.2040327008897243,0.6020544202022916,0.3979455797977084,0.1434521679425085,0.9753900034209728,2.1011000000000024,1
SNLNDRO_1_N001,2026-06-24,24,test,1.4797275117187376,0.6017474354237587,0.39825256457624125,0.15710671155041284,0.9914309083813292,6.346399999999999,1
SNLNDRO_1_N001,2026-06-25,1,test,1.0434854642968079,0.6094623368117137,0.3905376631882863,0.14987695145686025,0.9365278734833485,-0.1961999999999975,-1
SNLNDRO_1_N001,2026-06-25,2,test,1.0116347177818965,0.5994564865379791,0.4005435134620209,0.14790484076935811,0.8523474900943825,3.710699999999999,1
SNLNDRO_1_N001,2026-06-25,3,test,1.1325543227824113,0.5783561121465343,0.42164388785346574,0.1255609996876114,0.982060776820945,-0.8821999999999974,-1
SNLNDRO_1_N001,2026-06-25,4,test,1.4636796789882511,0.5814000769778135,0.4185999230221865,0.1435770636477836,0.9667703233423698,0.7288999999999994,1
SNLNDRO_1_N001,2026-06-25,5,test,1.4636796789882511,0.5719040562998153,0.42809594370018467,0.1264430195551129,0.8688491525096695,-1.3126999999999995,-1
SNLNDRO_1_N001,2026-06-25,6,test,1.6726617522674625,0.5986385739310309,0.4013614260689691,0.15755821116083107,0.979002896987182,1.6103000000000023,1
SNLNDRO_1_N001,2026-06-25,7,test,1.2456626531531478,0.5613565776295859,0.4386434223704141,0.1051758867515864,0.9658480140803415,-2.110900000000001,-1
SNLNDRO_1_N001,2026-06-25,8,test,0.10367523188473561,0.5767640856691348,0.42323591433086516,0.08012274030091683,0.8629008477631019,-0.33399999999999963,-1
SNLNDRO_1_N001,2026-06-25,9,test,0.027953163238030557,0.5512977195027914,0.4487022804972086,0.05190348949958776,0.7126310443384503,0.4488999999999983,1
SNLNDRO_1_N001,2026-06-25,10,test,-1.9947563049509658,0.4987215727104665,0.5012784272895334,0.03719666919895946,0.6970437713365739,3.5580000000000034,1
SNLNDRO_1_N001,2026-06-25,11,test,-4.075001412912342,0.49417525745937724,0.5058247425406228,0.07596609972514512,0.6999168675563876,-0.26060000000000016,-1
SNLNDRO_1_N001,2026-06-25,12,test,-4.075001412912342,0.49417525745937724,0.5058247425406228,0.06714546546470512,0.6629594632738867,-4.305899999999998,-1
SNLNDRO_1_N001,2026-06-25,13,test,-3.7002466376079934,0.49417525745937724,0.5058247425406228,0.06608913811324953,0.6971745050097682,-3.0935000000000024,-1
SNLNDRO_1_N001,2026-06-25,14,test,-1.6200015296466184,0.4840343568424984,0.5159656431575016,0.041612964580900594,0.6564599969830114,-5.068300000000001,-1
SNLNDRO_1_N001,2026-06-25,15,test,-0.7365398817672613,0.4840343568424984,0.5159656431575016,0.032185501490294116,0.7787886151638062,-4.654799999999998,-1
SNLNDRO_1_N001,2026-06-25,16,test,0.7012950597362075,0.4863060739760513,0.5136939260239487,0.027582606507211484,0.7486015504434329,-5.986799999999999,-1
SNLNDRO_1_N001,2026-06-25,17,test,0.35239958497045226,0.5340633728752949,0.46593662712470507,0.04075634005634409,0.7203935728628763,2.973200000000002,1
SNLNDRO_1_N001,2026-06-25,18,test,1.4920358254825952,0.5567565867801859,0.4432434132198141,0.09127686565357412,0.799480391003119,3.3765,1
SNLNDRO_1_N001,2026-06-25,19,test,2.2412580864216114,0.5902607500349617,0.4097392499650383,0.14674594042814054,0.79334938052564,1.625899999999998,1
SNLNDRO_1_N001,2026-06-25,20,test,2.4889961292697733,0.6174149376609274,0.38258506233907263,0.17681498280464308,0.8220385955693914,1.0035999999999987,1
SNLNDRO_1_N001,2026-06-25,21,test,2.9190001459422747,0.6250076930217909,0.37499230697820907,0.19725603777804104,0.859167182393304,1.890900000000002,1
SNLNDRO_1_N001,2026-06-25,22,test,2.9190001459422747,0.6267364785095524,0.3732635214904476,0.2419230945053883,0.7092491456198682,2.289199999999994,1
SNLNDRO_1_N001,2026-06-25,23,test,2.7690697541289535,0.6281170620606885,0.3718829379393115,0.2407170654405043,0.7911416243766238,3.3536,1
SNLNDRO_1_N001,2026-06-25,24,test,2.406127652675215,0.6174032073865943,0.38259679261340573,0.24703393593612705,0.6459686089974621,4.056700000000003,1
SNLNDRO_1_N001,2026-06-26,1,test,1.7979132666880349,0.6064975921625223,0.3935024078374777,0.20580628059596617,0.6557766925669484,3.295500000000004,1
SNLNDRO_1_N001,2026-06-26,2,test,1.5476938651250745,0.6016437706900138,0.39835622930998615,0.18429555210271664,0.7064736488051501,5.200300000000002,1
SNLNDRO_1_N001,2026-06-26,3,test,0.8869870464954172,0.6016437706900138,0.39835622930998615,0.15267778100229357,0.7054002097909459,1.5903000000000027,1
SNLNDRO_1_N001,2026-06-26,4,test,0.5393702403515976,0.5987270301364633,0.40127296986353667,0.1396728869011032,0.6075975996047969,4.1477,1
SNLNDRO_1_N001,2026-06-26,5,test,0.44215577223182234,0.5967207529083945,0.40327924709160545,0.1262866292928644,0.6931066506128508,2.3503000000000007,1
SNLNDRO_1_N001,2026-06-26,6,test,1.818696629728881,0.6008273503641854,0.39917264963581456,0.19080785708216802,0.6713590642574122,7.775100000000002,1
SNLNDRO_1_N001,2026-06-26,7,test,1.0832698920792463,0.6010155071657077,0.39898449283429227,0.1610448152435578,0.6573179936791064,13.231400000000004,1
SNLNDRO_1_N001,2026-06-26,8,test,-0.16141789906008353,0.5701578048888069,0.42984219511119315,0.07672035752667597,0.9973297636336884,-3.0197000000000003,-1
SNLNDRO_1_N001,2026-06-26,9,test,-0.386685334159375,0.5506162097668721,0.4493837902331279,0.06510851458454948,0.9602098961101166,-5.848600000000001,-1
SNLNDRO_1_N001,2026-06-26,10,test,-1.2425376352505044,0.4981879878740476,0.5018120121259524,0.04428724895216616,0.9214004323217396,-6.967600000000001,-1
SNLNDRO_1_N001,2026-06-26,11,test,-1.8080305000917374,0.4835013292773507,0.5164986707226493,0.07642622216873363,0.9320667727258168,-2.805200000000001,-1
SNLNDRO_1_N001,2026-06-26,12,test,-1.6212860758998935,0.4835013292773507,0.5164986707226493,0.07121101858839413,0.9220991260009078,0.9878999999999998,1
SNLNDRO_1_N001,2026-06-26,13,test,-1.8827664935621469,0.4835013292773507,0.5164986707226493,0.07881224115685295,0.9191348153895078,-5.8576999999999995,-1
SNLNDRO_1_N001,2026-06-26,14,test,-1.2229857925586245,0.4835013292773507,0.5164986707226493,0.05953362869253533,0.9455370399731269,-3.0868,-1
SNLNDRO_1_N001,2026-06-26,15,test,-1.2229857925586245,0.4835013292773507,0.5164986707226493,0.0505429375950727,0.9242796214241945,0.41469999999999985,1
SNLNDRO_1_N001,2026-06-26,16,test,0.2394780804356215,0.4990056165264321,0.500994383473568,0.00952510432035707,0.894191478331179,7.1032,1
SNLNDRO_1_N001,2026-06-26,17,test,-1.8806623224379808,0.5565634757015883,0.44343652429841174,0.12334698458711785,0.8091715109581249,10.9221,1
SNLNDRO_1_N001,2026-06-26,18,test,-0.38576287775617674,0.5599286608706165,0.44007133912938345,0.07591280096198795,0.7929077869500215,9.1657,1
SNLNDRO_1_N001,2026-06-26,19,test,2.3577748629285367,0.5725393708027997,0.4274606291972003,0.16841591663835048,0.7782271491514366,4.2637,1
SNLNDRO_1_N001,2026-06-26,20,test,2.700792150200032,0.6205946718637844,0.37940532813621564,0.22295217854996313,0.7942967966477797,-2.611499999999996,-1
SNLNDRO_1_N001,2026-06-26,21,test,2.5566153255065416,0.6135808338547645,0.3864191661452355,0.21298511617676213,0.7799830315721725,-2.609900000000003,-1
SNLNDRO_1_N001,2026-06-26,22,test,2.3189039317843383,0.6091561488104617,0.39084385118953835,0.20718543026381123,0.7266574953080958,0.46089999999999876,1
SNLNDRO_1_N001,2026-06-26,23,test,1.8919985126137684,0.6037653113596511,0.39623468864034894,0.2077598915351781,0.6353676379508311,4.3369000000000035,1
SNLNDRO_1_N001,2026-06-26,24,test,1.033054013061104,0.6017778190430955,0.39822218095690454,0.17202313974667677,0.6044322285441922,5.211300000000001,1
SNLNDRO_1_N001,2026-06-27,1,test,1.3835279702586694,0.594442341908528,0.40555765809147204,0.16057763323051555,0.8204905031195848,0.045999999999999375,1
SNLNDRO_1_N001,2026-06-27,2,test,1.4368419764439744,0.594442341908528,0.40555765809147204,0.16049494340850315,0.8533373010514463,1.4258999999999986,1
SNLNDRO_1_N001,2026-06-27,3,test,1.0892251703001552,0.5829112481648585,0.4170887518351415,0.1331219618578967,0.8820535282967819,-0.4621999999999993,-1
SNLNDRO_1_N001,2026-06-27,4,test,0.8560610361643679,0.5745018342710997,0.4254981657289003,0.12142258812239164,0.8305944766598814,-3.6655999999999977,-1
SNLNDRO_1_N001,2026-06-27,5,test,1.054996056540063,0.5696736509856046,0.43032634901439537,0.1235925674889955,0.8598846458353597,-5.125700000000002,-1
SNLNDRO_1_N001,2026-06-27,6,test,1.53405644456375,0.58619290553034,0.41380709446966,0.15366523356981832,0.8653255515429867,2.4775000000000027,1
SNLNDRO_1_N001,2026-06-27,7,test,1.1864396384199307,0.585542867996129,0.414457132003871,0.13504266978322244,0.8954221292912811,5.5257000000000005,1
SNLNDRO_1_N001,2026-06-27,8,test,-0.2440093913739575,0.5604148130166855,0.4395851869833145,0.06865706355532125,0.8544657563738275,-2.4276,-1
SNLNDRO_1_N001,2026-06-27,9,test,-0.1162293333730822,0.5488114173554784,0.45118858264452155,0.05260697166882957,0.9189846881892529,-3.554,-1
SNLNDRO_1_N001,2026-06-27,10,test,-2.3890698378306374,0.5102235402262585,0.4897764597737415,0.06680583545484622,0.7956276355722981,-5.8134,-1
SNLNDRO_1_N001,2026-06-27,11,test,-2.197965799728221,0.4941098330362061,0.5058901669637939,0.05671426125377475,0.7789619741906193,-1.4436999999999998,-1
SNLNDRO_1_N001,2026-06-27,12,test,-2.274522011777304,0.4870518331052023,0.5129481668947977,0.07079472239619578,0.8302256105842786,-2.8192999999999997,-1
SNLNDRO_1_N001,2026-06-27,13,test,-2.3201537722797227,0.4870518331052023,0.5129481668947977,0.07678538586963278,0.8910096547644726,1.1776,1
SNLNDRO_1_N001,2026-06-27,14,test,-2.172166361155728,0.48796479103314605,0.512035208966854,0.06421748349430777,0.7976845630249443,1.8465999999999996,1
SNLNDRO_1_N001,2026-06-27,15,test,-1.5467197433727897,0.4931964521090595,0.5068035478909405,0.04825293774209297,0.8584650264318198,2.9317,1
SNLNDRO_1_N001,2026-06-27,16,test,-1.5280622794340457,0.4969964991702791,0.5030035008297209,0.048097514079446416,0.9633467864804452,5.328499999999999,1
SNLNDRO_1_N001,2026-06-27,17,test,-0.9410075001896434,0.5320908296161247,0.46790917038387525,0.0562047582592843,0.8494944371415433,3.3429,1
SNLNDRO_1_N001,2026-06-27,18,test,-0.5782592803521844,0.5486819143297463,0.45131808567025367,0.06449388155315372,0.857946384889507,-0.4476,-1
SNLNDRO_1_N001,2026-06-27,19,test,0.930595011362075,0.5549309248689271,0.44506907513107286,0.08599054488014246,0.8879278431900979,3.3500999999999994,1
SNLNDRO_1_N001,2026-06-27,20,test,3.0724321872763416,0.6016474258625192,0.3983525741374808,0.19358991967176503,0.9210721003438596,-7.883900000000001,-1
SNLNDRO_1_N001,2026-06-27,21,test,3.1318857961959874,0.6058666231268913,0.3941333768731087,0.20307529792744153,0.962209514044352,-10.557200000000002,-1
SNLNDRO_1_N001,2026-06-27,22,test,3.048020762610005,0.6069031279107429,0.39309687208925714,0.20466948628715723,0.989438978453503,-5.183699999999998,-1
SNLNDRO_1_N001,2026-06-27,23,test,1.9287772769690594,0.6001978551411017,0.3998021448588983,0.1725288156246535,0.9784746754524299,-5.0459,-1
SNLNDRO_1_N001,2026-06-27,24,test,1.586034822329935,0.59464364100577,0.40535635899422995,0.177944187594962,0.7587682804466159,-5.6919,-1
SNLNDRO_1_N001,2026-06-28,1,test,0.554703975624811,0.5848800481369579,0.41511995186304207,0.11183812752443095,0.879906489303851,-2.627299999999998,-1
SNLNDRO_1_N001,2026-06-28,2,test,0.9301419399432166,0.5831463509499992,0.4168536490500008,0.12758296805555525,0.8620284666912779,-6.743799999999997,-1
SNLNDRO_1_N001,2026-06-28,3,test,0.7303237297687392,0.5634084512867423,0.43659154871325767,0.09957346869766706,0.8467491988375495,-2.982000000000003,-1
SNLNDRO_1_N001,2026-06-28,4,test,0.7353552566383853,0.5793246238938209,0.4206753761061791,0.12242366824151191,0.783297512531031,-5.2607,-1
SNLNDRO_1_N001,2026-06-28,5,test,0.14743976963936378,0.5743986860929026,0.42560131390709743,0.08259024166106525,0.8720892856404187,-5.5547,-1
SNLNDRO_1_N001,2026-06-28,6,test,0.43210016817351127,0.5919486763397347,0.4080513236602653,0.1112197014431644,0.9484837683890186,0.4364999999999988,1
SNLNDRO_1_N001,2026-06-28,7,test,-0.007017318518256276,0.5513428867708849,0.44865711322911506,0.051635598172675296,0.9766789196308228,2.2330000000000005,1
SNLNDRO_1_N001,2026-06-28,8,test,-1.445978623008476,0.5616243816690586,0.4383756183309414,0.11149185963668545,0.8801318216034891,1.0735000000000001,1
SNLNDRO_1_N001,2026-06-28,9,test,-1.8684897189343275,0.5660223986053027,0.4339776013946973,0.1263656809889557,0.8710474768027268,-0.8184000000000005,-1
SNLNDRO_1_N001,2026-06-28,10,test,-3.016800308360071,0.5087840479409826,0.49121595205901736,0.1014619351029006,0.8845282355394997,1.3130000000000006,1
SNLNDRO_1_N001,2026-06-28,11,test,-4.629271354872947,0.4861940063696628,0.5138059936303372,0.12822270060883395,0.8299117085009831,-0.26950000000000074,-1
SNLNDRO_1_N001,2026-06-28,12,test,-1.7072819778913382,0.4959287573569959,0.5040712426430041,0.06137645329480356,0.9156304927897221,-0.23610000000000042,-1
SNLNDRO_1_N001,2026-06-28,13,test,-1.7838381899404214,0.49684223774175446,0.5031577622582455,0.058932511129265105,0.8873144788710507,-0.15830000000000055,-1
SNLNDRO_1_N001,2026-06-28,14,test,-1.858574183410831,0.49684223774175446,0.5031577622582455,0.06087670083752302,0.8399545276289743,0.14259999999999984,1
SNLNDRO_1_N001,2026-06-28,15,test,-1.858574183410831,0.4959287573569959,0.5040712426430041,0.0626548526737781,0.8624631884832715,0.1031000000000013,1
SNLNDRO_1_N001,2026-06-28,16,test,-4.827027226578569,0.4959287573569959,0.5040712426430041,0.125748370651771,0.8793206647116472,0.17719999999999914,1
SNLNDRO_1_N001,2026-06-28,17,test,-4.6987759446537245,0.5304853711973785,0.4695146288026215,0.16157351510293352,0.9948362326176011,0.5874000000000006,1
SNLNDRO_1_N001,2026-06-28,18,test,-4.814486184967001,0.5309583135088591,0.46904168649114086,0.150158231529053,0.8537427681798675,1.3241999999999998,1
SNLNDRO_1_N001,2026-06-28,19,test,-4.162223194265087,0.5559301427888655,0.44406985721113446,0.20735638577264903,0.7804290365539363,-0.6343000000000014,-1
SNLNDRO_1_N001,2026-06-28,20,test,0.5268612022722915,0.6025487115756897,0.3974512884243103,0.12866289419548527,0.7668550114429638,-2.8519000000000005,-1
SNLNDRO_1_N001,2026-06-28,21,test,0.6348911350122098,0.6022382916259819,0.39776170837401814,0.12934337410469063,0.8884499014224682,-4.4239,-1
SNLNDRO_1_N001,2026-06-28,22,test,0.6348911350122098,0.5970267070765578,0.4029732929234422,0.1256295087157621,0.857078911988454,-5.059899999999999,-1
SNLNDRO_1_N001,2026-06-28,23,test,0.7119666176792709,0.5942642524462319,0.40573574755376807,0.13186394273100568,0.7992273475193371,-6.333300000000001,-1
SNLNDRO_1_N001,2026-06-28,24,test,0.7119666176792709,0.584883136460895,0.41511686353910504,0.12597911108342388,0.7659913625033565,-1.3797999999999995,-1
SNLNDRO_1_N001,2026-06-29,1,test,1.618424781556616,0.5682880434349024,0.43171195656509764,0.14690073711779555,0.7992129585326203,8.476600000000001,1
SNLNDRO_1_N001,2026-06-29,2,test,1.6416192262827172,0.5887884387574002,0.41121156124259983,0.16833713277147128,0.7993487635672497,9.360500000000002,1
SNLNDRO_1_N001,2026-06-29,3,test,1.2968996377201552,0.5699551491526269,0.4300448508473731,0.12236491626567188,0.9804311092152069,4.793399999999998,1
SNLNDRO_1_N001,2026-06-29,4,test,1.2968996377201552,0.5792696861384199,0.4207303138615801,0.13462548336497798,0.9572714709593323,6.4846,1
SNLNDRO_1_N001,2026-06-29,5,test,1.2968996377201552,0.5739043461444165,0.42609565385558346,0.12756042447715935,0.9441646025648615,8.814300000000001,1
SNLNDRO_1_N001,2026-06-29,6,test,0.8713878258826013,0.5654584008970825,0.43454159910291745,0.09655593202788848,0.8689252384076457,12.794599999999999,1
SNLNDRO_1_N001,2026-06-29,7,test,0.8830911580996359,0.5774640207302518,0.4225359792697482,0.10093800426472606,0.7299216376628458,4.7212,1
SNLNDRO_1_N001,2026-06-29,8,test,0.09423271936049014,0.5732785179260097,0.4267214820739903,0.07568312378020556,0.6955943551569932,5.2995,1
SNLNDRO_1_N001,2026-06-29,9,test,-0.471431081299813,0.5558220724743049,0.44417792752569507,0.0702042452887264,0.7715162970525976,8.075800000000001,1
SNLNDRO_1_N001,2026-06-29,10,test,-1.2329816687531057,0.5172589942865478,0.48274100571345224,0.05327431071156171,0.7697719922987312,6.951300000000001,1
SNLNDRO_1_N001,2026-06-29,11,test,-1.8387733744837234,0.5034866830684267,0.4965133169315733,0.05234429424411346,0.8400629264816719,8.3012,1
SNLNDRO_1_N001,2026-06-29,12,test,-2.0260739186137138,0.5037239494114039,0.49627605058859614,0.055056336717022286,0.8012769781219119,6.5476,1
SNLNDRO_1_N001,2026-06-29,13,test,-2.1472735782702537,0.5046374136688324,0.4953625863311676,0.05725786902899903,0.8019058872042659,7.1739,1
SNLNDRO_1_N001,2026-06-29,14,test,-2.489977439986912,0.5046374136688324,0.4953625863311676,0.06193107650663759,0.7084134170472188,8.034500000000001,1
SNLNDRO_1_N001,2026-06-29,15,test,-2.2800385710689666,0.5037239494114039,0.49627605058859614,0.05721863242472107,0.7116731896558636,9.6821,1
SNLNDRO_1_N001,2026-06-29,16,test,-2.2800385710689666,0.5089254083786017,0.4910745916213983,0.07268709737623422,0.9147193561383051,15.3689,1
SNLNDRO_1_N001,2026-06-29,17,test,-1.8603762017413286,0.5313404445274884,0.4686595554725116,0.0840648873415045,0.9188096844086531,15.9539,1
SNLNDRO_1_N001,2026-06-29,18,test,-1.8749048836790556,0.5332409964242588,0.4667590035757412,0.07606105690732645,0.7731656066264699,8.8041,1
SNLNDRO_1_N001,2026-06-29,19,test,-1.2553555380532806,0.5091644288803701,0.49083557111962994,0.03673268775168553,0.6810498749844227,7.828400000000002,1
SNLNDRO_1_N001,2026-06-29,20,test,0.7228151076050129,0.5314394036104593,0.46856059638954073,0.05270286633590579,0.850420844255764,4.433700000000002,1
SNLNDRO_1_N001,2026-06-29,21,test,0.9775813162107259,0.5775254959583441,0.4224745040416559,0.10185744961380219,0.7702806344702144,0.9395999999999987,1
SNLNDRO_1_N001,2026-06-29,22,test,0.5893892614545821,0.5795767111932333,0.4204232888067667,0.09709008454932563,0.7890526038349946,8.044899999999998,1
SNLNDRO_1_N001,2026-06-29,23,test,0.7503297777076252,0.5917729832252709,0.40822701677472906,0.11788136714855446,0.8109234573347776,7.315599999999996,1
SNLNDRO_1_N001,2026-06-29,24,test,0.9602686466255705,0.5808169033967705,0.4191830966032295,0.11906973885753808,0.9099124269668715,5.146100000000001,1
SNLNDRO_1_N001,2026-06-30,1,test,0.6873219387955369,0.5943841722764586,0.40561582772354143,0.12587938236277457,0.9928329731857622,1.3473000000000006,1
SNLNDRO_1_N001,2026-06-30,2,test,0.7042330198246867,0.5943841722764586,0.40561582772354143,0.12654702715528138,0.9909752746655418,1.0814000000000021,1
SNLNDRO_1_N001,2026-06-30,3,test,0.7042330198246867,0.5900524237623685,0.40994757623763145,0.12099797989915088,0.9532121001477426,2.247299999999999,1
SNLNDRO_1_N001,2026-06-30,4,test,0.3511855267245205,0.5909360275867328,0.4090639724132672,0.1051872067605503,0.8557490457604094,8.827399999999999,1
SNLNDRO_1_N001,2026-06-30,5,test,0.3511855267245205,0.58851292166111,0.41148707833889,0.10399546305565478,0.9290145523089874,11.7703,1
SNLNDRO_1_N001,2026-06-30,6,test,0.3511855267245205,0.5814913798097909,0.41850862019020907,0.0961078302325507,0.9454975765102336,13.500699999999998,1
SNLNDRO_1_N001,2026-06-30,7,test,0.2502569454140369,0.5647473469792174,0.43525265302078264,0.0731450719430127,0.827472914185384,12.7699,1
SNLNDRO_1_N001,2026-06-30,8,test,-0.6971706880910244,0.5732785179260097,0.4267214820739903,0.0944219950543256,0.7901276471328287,3.9161,1
SNLNDRO_1_N001,2026-06-30,9,test,-0.407088086878207,0.5560388310667029,0.44396116893329707,0.06687419135105276,0.7243151473613075,2.5086999999999993,1
SNLNDRO_1_N001,2026-06-30,10,test,-2.750073530706914,0.5110379014476075,0.4889620985523925,0.07650675409224078,0.7283695502052119,4.0748,1
SNLNDRO_1_N001,2026-06-30,11,test,-2.7356010838836773,0.5034866830684267,0.4965133169315733,0.06628241424779016,0.7198247338836539,0.23960000000000026,1
SNLNDRO_1_N001,2026-06-30,12,test,-2.6612783419491532,0.5025731884906552,0.49742681150934476,0.06700880542565783,0.7509843027642045,-4.057599999999999,-1
SNLNDRO_1_N001,2026-06-30,13,test,-3.016425422067281,0.5034866830684267,0.4965133169315733,0.0804347679073817,0.7843506108348985,-6.2776000000000005,-1
SNLNDRO_1_N001,2026-06-30,14,test,-2.9296594617312874,0.5034866830684267,0.4965133169315733,0.07799564298139205,0.7993763700585216,-2.203199999999999,-1
SNLNDRO_1_N001,2026-06-30,15,test,-3.2968214724101963,0.5037239494114039,0.49627605058859614,0.09055704626686516,0.8155823699387474,4.5503,1
SNLNDRO_1_N001,2026-06-30,16,test,-3.480104897292582,0.5089254083786017,0.4910745916213983,0.10643098960583257,0.8813089712706287,6.587899999999999,1
SNLNDRO_1_N001,2026-06-30,17,test,-2.9537153151316415,0.5339012267234543,0.4660987732765457,0.10746802376646597,0.7750057823252298,4.982100000000001,1
SNLNDRO_1_N001,2026-06-30,18,test,-2.1704546302249934,0.53136522627372,0.46863477372628004,0.07847441026011195,0.6934968853698223,10.0929,1
SNLNDRO_1_N001,2026-06-30,19,test,-1.0178023017992155,0.49525158384088874,0.5047484161591113,0.025606795718067427,0.6610198291579913,8.6191,1
SNLNDRO_1_N001,2026-06-30,20,test,0.46548865625283875,0.5186850182062879,0.4813149817937121,0.029409549013913808,0.7140574963252619,-5.871100000000002,-1
SNLNDRO_1_N001,2026-06-30,21,test,1.246110208099422,0.573546672932323,0.426453327067677,0.10317047028607536,0.7371928139006163,-8.658699999999996,-1
SNLNDRO_1_N001,2026-06-30,22,test,1.0761532464416446,0.573188425370762,0.426811574629238,0.09871507648336872,0.694222644702331,-3.537300000000002,-1
SNLNDRO_1_N001,2026-06-30,23,test,0.9249228888252972,0.5898654772312208,0.41013452276877915,0.11479491673427825,0.7090593053307437,1.6545999999999985,1
SNLNDRO_1_N001,2026-06-30,24,test,0.9249228888252972,0.5836820709639371,0.4163179290360629,0.11461195196706962,0.7896241991541938,4.819200000000002,1
SNLNDRO_1_N001,2026-07-01,1,test,-0.00911751889733961,0.6002399510457854,0.3997600489542146,0.1007909863745741,0.8141511730033715,4.768000000000001,1
SNLNDRO_1_N001,2026-07-01,2,test,-0.00911751889733961,0.6007182229018319,0.39928177709816814,0.10125775369232182,0.8315306578744079,6.850099999999998,1
SNLNDRO_1_N001,2026-07-01,3,test,0.0077935621318102055,0.6007182229018319,0.39928177709816814,0.10117963393984816,0.8312540468974294,7.1556999999999995,1
SNLNDRO_1_N001,2026-07-01,4,test,-0.8394184301518065,0.6038539319211059,0.3961460680788941,0.14675243121632928,0.8987195061635957,5.957900000000002,1
SNLNDRO_1_N001,2026-07-01,5,test,-0.8394184301518065,0.6007182229018319,0.39928177709816814,0.15003052363717953,0.7558152442232839,5.6524,1
SNLNDRO_1_N001,2026-07-01,6,test,-0.8563295111809563,0.5869842631662718,0.41301573683372816,0.13326094507183617,0.7756468533761743,5.011699999999998,1
SNLNDRO_1_N001,2026-07-01,7,test,-0.8563295111809563,0.6038539319211059,0.3961460680788941,0.14055188435474336,0.9486059870145711,5.563200000000002,1
SNLNDRO_1_N001,2026-07-01,8,test,-1.1597246959531453,0.5846606930606667,0.4153393069393333,0.12946241680914777,0.902820431890083,3.1735000000000007,1
SNLNDRO_1_N001,2026-07-01,9,test,-1.2754075207700655,0.5751845936210318,0.4248154063789682,0.13024705846282353,0.9626865040642424,5.9307,1
SNLNDRO_1_N001,2026-07-01,10,test,-1.4196449551798331,0.5236604964128161,0.4763395035871839,0.07841610794764561,0.937042287820124,-0.24849999999999994,-1
SNLNDRO_1_N001,2026-07-01,11,test,-1.4196449551798331,0.5333534733931035,0.46664652660689654,0.08394588494156055,0.8725272856282988,-1.2186999999999997,-1
SNLNDRO_1_N001,2026-07-01,12,test,-0.9599024567820059,0.5236604964128161,0.4763395035871839,0.05778065910312655,0.8559673543838465,-6.0367999999999995,-1
SNLNDRO_1_N001,2026-07-01,13,test,-1.9114874515749445,0.5270376884430722,0.4729623115569278,0.09091013304164379,0.8510892053845978,-8.4129,-1
SNLNDRO_1_N001,2026-07-01,14,test,-1.4196449551798331,0.5333534733931035,0.46664652660689654,0.07953937831611851,0.8143066258938263,-9.5885,-1
SNLNDRO_1_N001,2026-07-01,15,test,-1.4196449551798331,0.5250042932099026,0.4749957067900974,0.07351353276261499,0.8510841907908352,-7.826499999999999,-1
SNLNDRO_1_N001,2026-07-01,16,test,-1.4196449551798331,0.52266707136008,0.47733292863992005,0.060343859593734145,0.7781062115388456,-10.4327,-1
SNLNDRO_1_N001,2026-07-01,17,test,-0.7220200794599884,0.5833264855994303,0.41667351440056966,0.10862800453792779,0.8777055680874699,0.25570000000000004,1
SNLNDRO_1_N001,2026-07-01,18,test,0.14864352509700798,0.5617620548089433,0.43823794519105674,0.06868924921694107,0.9648060276445758,5.2116,1
SNLNDRO_1_N001,2026-07-01,19,test,-0.46578686860737384,0.5860223121963978,0.4139776878036022,0.10558408940837671,0.9402561771338606,5.429299999999998,1
SNLNDRO_1_N001,2026-07-01,20,test,1.9830473353563995,0.5763856172817178,0.4236143827182822,0.15946911450045081,0.8453053201511984,-5.728899999999999,-1
SNLNDRO_1_N001,2026-07-01,21,test,1.3728206764685726,0.5901094357460303,0.40989056425396975,0.14612362383980274,0.9243385424316913,-3.5214999999999996,-1
SNLNDRO_1_N001,2026-07-01,22,test,1.2908011672950166,0.5929072095273767,0.40709279047262326,0.14680669312513805,0.9844678649834564,-1.0670000000000002,-1
SNLNDRO_1_N001,2026-07-01,23,test,1.1205105835837377,0.5932720496508125,0.4067279503491875,0.14154399640951135,0.9972345426703763,1.1133000000000024,1
SNLNDRO_1_N001,2026-07-01,24,test,1.1205105835837377,0.5932720496508125,0.4067279503491875,0.14565120716454902,0.9197610609686259,-2.2267999999999972,-1
SNLNDRO_1_N001,2026-07-02,1,test,-0.5254471737570413,0.5790897444555873,0.42091025554441275,0.10520759984318062,0.9392443694529912,5.526699999999998,1
SNLNDRO_1_N001,2026-07-02,2,test,-0.609464674038375,0.5830795784012848,0.41692042159871523,0.11393415191096488,0.9129630159761579,8.5136,1
SNLNDRO_1_N001,2026-07-02,3,test,-0.5925535930092252,0.5762548235670031,0.4237451764329969,0.10627996436982573,0.913763733050523,11.3275,1
SNLNDRO_1_N001,2026-07-02,4,test,-0.714435537489251,0.5828582048467302,0.41714179515326977,0.11751612332702736,0.963846825988133,12.608199999999997,1
SNLNDRO_1_N001,2026-07-02,5,test,-0.6001512025949816,0.582373412580353,0.417626587419647,0.11022609555328783,0.9881548053448472,9.731200000000001,1
SNLNDRO_1_N001,2026-07-02,6,test,-0.5330447833427975,0.5622925256594421,0.4377074743405579,0.08701412656608218,0.9258136854147441,7.846199999999996,1
SNLNDRO_1_N001,2026-07-02,7,test,-0.6170622836241314,0.566446426248433,0.433553573751567,0.09283913555722197,0.9876444802063774,12.927500000000002,1
SNLNDRO_1_N001,2026-07-02,8,test,-0.7313466185184009,0.5671667656241941,0.4328332343758059,0.09264948790024981,0.867012527651791,2.979899999999999,1
SNLNDRO_1_N001,2026-07-02,9,test,-1.3520846986305166,0.545748911105116,0.45425108889488397,0.09071694714174974,0.8746148876553395,3.3773,1
SNLNDRO_1_N001,2026-07-02,10,test,-1.922811283120404,0.5100372870619855,0.4899627129380145,0.07042750597179775,0.8600978196869759,3.5890000000000004,1
SNLNDRO_1_N001,2026-07-02,11,test,-3.476373034727932,0.49491270936405934,0.5050872906359407,0.08460838797759979,0.7340016088344393,-4.2325,-1
SNLNDRO_1_N001,2026-07-02,12,test,-3.598201349579138,0.49534612746217355,0.5046538725378265,0.08591266433883166,0.7371461851183289,-6.0091,-1
SNLNDRO_1_N001,2026-07-02,13,test,-3.4914741367458357,0.4939992935522431,0.506000706447757,0.08230383096906224,0.7186519889797225,-6.019900000000002,-1
SNLNDRO_1_N001,2026-07-02,14,test,-3.6729373430495476,0.49016585127631435,0.5098341487236857,0.08910791845156003,0.7169515655110448,-10.7088,-1
SNLNDRO_1_N001,2026-07-02,15,test,-3.2488358991255954,0.4892527101187262,0.5107472898812738,0.08407932135509892,0.7301322267064944,-6.523199999999999,-1
SNLNDRO_1_N001,2026-07-02,16,test,-3.2657469801547454,0.49445362034683477,0.5055463796531652,0.09758631293160658,0.9077170017593496,-7.940099999999999,-1
SNLNDRO_1_N001,2026-07-02,17,test,-3.115362864855405,0.5161120880584963,0.4838879119415037,0.09112824872247455,0.7638526864391175,-5.137700000000002,-1
SNLNDRO_1_N001,2026-07-02,18,test,-2.939552070412202,0.5243077337574773,0.4756922662425227,0.10452669565929992,0.818919850879597,-1.0333000000000006,-1
SNLNDRO_1_N001,2026-07-02,19,test,-2.969649860155355,0.5338903418389757,0.46610965816102434,0.13436461563025065,0.9481485286383458,8.1143,1
SNLNDRO_1_N001,2026-07-02,20,test,0.8770106578097533,0.5686827844574632,0.43131721554253677,0.1045953465902913,0.9222478355018887,8.435399999999998,1
SNLNDRO_1_N001,2026-07-02,21,test,1.2928224420822587,0.5800874865335852,0.4199125134664148,0.13195362842739106,0.8950840139426861,7.341299999999997,1
SNLNDRO_1_N001,2026-07-02,22,test,0.9869232486188457,0.5826404946651262,0.41735950533487376,0.1252554037983366,0.8901620880027364,7.186600000000002,1
SNLNDRO_1_N001,2026-07-02,23,test,0.23145673016871093,0.5806124381913047,0.4193875618086953,0.09282575840709514,0.8749884610505481,7.2170999999999985,1
SNLNDRO_1_N001,2026-07-02,24,test,-0.07554288282018942,0.577839115556464,0.42216088444353606,0.08180571023800179,0.9388013973925508,8.3234,1
SNLNDRO_1_N001,2026-07-03,1,test,-0.8730035593974422,0.5710467568454585,0.42895324315454153,0.11603225130531064,0.8699323183411231,8.819199999999999,1
SNLNDRO_1_N001,2026-07-03,2,test,-0.8730035593974422,0.5789629213073221,0.4210370786926779,0.12522397928442458,0.8435740571961787,7.1202000000000005,1
SNLNDRO_1_N001,2026-07-03,3,test,-0.8560924783682924,0.5789629213073221,0.4210370786926779,0.12415550610544004,0.848785094012038,6.020800000000001,1
SNLNDRO_1_N001,2026-07-03,4,test,-0.8560924783682924,0.5798534078344068,0.42014659216559325,0.12309012860371399,0.908728681701514,7.586400000000001,1
SNLNDRO_1_N001,2026-07-03,5,test,-0.8560924783682924,0.5798534078344068,0.42014659216559325,0.12553127243574808,0.8333038543645973,9.700600000000001,1
SNLNDRO_1_N001,2026-07-03,6,test,-0.8560924783682924,0.5637861069654225,0.43621389303457747,0.10540741641835108,0.8485421864907713,10.0105,1
SNLNDRO_1_N001,2026-07-03,7,test,-0.8258256437553566,0.5708070914573758,0.42919290854262415,0.10893834528686766,0.9402549415896023,9.598400000000002,1
SNLNDRO_1_N001,2026-07-03,8,test,-1.1166032473169583,0.568165407407909,0.431834592592091,0.10680263522734357,0.8711398249801676,3.0723000000000003,1
SNLNDRO_1_N001,2026-07-03,9,test,-1.8204363368300271,0.5480923474477853,0.45190765255221466,0.1044102651387614,0.8463838420901258,1.2733000000000008,1
SNLNDRO_1_N001,2026-07-03,10,test,-1.9171297474417528,0.4926528934179436,0.5073471065820564,0.07256495297751414,0.9246148181656797,0.46080000000000076,1
SNLNDRO_1_N001,2026-07-03,11,test,-3.947638877118511,0.47888581426729265,0.5211141857327073,0.12302242712776394,0.807245344146057,0.3829999999999991,1
SNLNDRO_1_N001,2026-07-03,12,test,-4.069467191969717,0.48291330084717576,0.5170866991528242,0.12087079035732128,0.809153591828242,0.08179999999999943,1
SNLNDRO_1_N001,2026-07-03,13,test,-4.744451933156679,0.48291330084717576,0.5170866991528242,0.1294945965476314,0.7797622565185816,-0.6648000000000014,-1
SNLNDRO_1_N001,2026-07-03,14,test,-4.9658561881102,0.47888581426729265,0.5211141857327073,0.13797510089035558,0.7867768982645431,-2.1289999999999996,-1
SNLNDRO_1_N001,2026-07-03,15,test,-4.455428594264693,0.47797398629029575,0.5220260137097043,0.13341847963794645,0.8115645522722174,-8.411599999999998,-1
SNLNDRO_1_N001,2026-07-03,16,test,-4.071836603756447,0.47788760091437027,0.5221123990856298,0.13410536394991354,0.922659445617772,-1.1608,-1
SNLNDRO_1_N001,2026-07-03,17,test,-2.6982774731316588,0.5191972061537103,0.48080279384628966,0.09823980748840984,0.8489029926514907,2.5002999999999993,1
SNLNDRO_1_N001,2026-07-03,18,test,-3.913086404837062,0.4988613730687076,0.5011386269312924,0.10102077535162331,0.8122642136535901,3.639900000000001,1
SNLNDRO_1_N001,2026-07-03,19,test,-4.247585781324398,0.5297733185661866,0.4702266814338134,0.1431185535425346,0.8035134302221173,8.932399999999998,1
SNLNDRO_1_N001,2026-07-03,20,test,0.4196660408041137,0.5624007835813213,0.4375992164186787,0.07699674037076944,0.9064917584467294,10.825799999999997,1
SNLNDRO_1_N001,2026-07-03,21,test,0.7754840072613337,0.5783449485528065,0.4216550514471935,0.1052805006323374,0.9372278275899916,14.243099999999998,1
SNLNDRO_1_N001,2026-07-03,22,test,1.01721558869108,0.5759095022291174,0.4240904977708826,0.11351650430631502,0.9804438518623819,11.055000000000003,1
SNLNDRO_1_N001,2026-07-03,23,test,0.27742931725284053,0.5746621702352548,0.4253378297647452,0.08792459842184343,0.9882870880473479,7.132500000000004,1
SNLNDRO_1_N001,2026-07-03,24,test,0.27742931725284053,0.5772972959086897,0.4227027040913103,0.09287606702227653,0.8706041996352064,7.690899999999996,1
SNLNDRO_1_N001,2026-07-04,1,test,0.25685914866185994,0.578025812845595,0.42197418715440504,0.09176651977805363,0.895510296579691,1.3711999999999982,1
SNLNDRO_1_N001,2026-07-04,2,test,0.014254729535900006,0.5763039625036424,0.42369603749635765,0.07709055089582466,0.8912804905531462,1.4895999999999994,1
SNLNDRO_1_N001,2026-07-04,3,test,0.014254729535900006,0.5763039625036424,0.42369603749635765,0.07707964975787548,0.9038258566791798,2.409600000000001,1
SNLNDRO_1_N001,2026-07-04,4,test,0.014254729535900006,0.5771959658525643,0.4228040341474357,0.07792234225219638,0.9844892981693805,5.240000000000002,1
SNLNDRO_1_N001,2026-07-04,5,test,0.12853906443016969,0.5771959658525643,0.4228040341474357,0.08349417487635219,0.9725785818805109,7.167200000000001,1
SNLNDRO_1_N001,2026-07-04,6,test,0.12853906443016969,0.5634738106123827,0.43652618938761734,0.07025048903107513,0.9155378560365457,4.334599999999998,1
SNLNDRO_1_N001,2026-07-04,7,test,0.4129240660895631,0.5815743325150351,0.4184256674849649,0.10013459332099214,0.993280815551935,0.09919999999999973,1
SNLNDRO_1_N001,2026-07-04,8,test,-1.0083715644543432,0.5643958780429559,0.4356041219570441,0.10032529034739616,0.855563954756837,-0.8289000000000009,-1
SNLNDRO_1_N001,2026-07-04,9,test,-2.067030771939992,0.5442881378785304,0.45571186212146964,0.1096188340659594,0.8650189699084753,0.4515999999999991,1
SNLNDRO_1_N001,2026-07-04,10,test,-1.8853020983014341,0.47663617014202203,0.5233638298579779,0.08028919405731014,0.8360925688650622,3.953099999999999,1
SNLNDRO_1_N001,2026-07-04,11,test,-3.278097312474331,0.4629082951096622,0.5370917048903379,0.1286822136051445,0.8382828139605495,6.975700000000001,1
SNLNDRO_1_N001,2026-07-04,12,test,-3.171370099641029,0.4669218078166461,0.5330781921833538,0.12046619679475341,0.8371147759739049,6.2407,1
SNLNDRO_1_N001,2026-07-04,13,test,-3.7312477367589305,0.46199991817037667,0.5380000818296233,0.138600016748278,0.8281567966722762,9.275500000000001,1
SNLNDRO_1_N001,2026-07-04,14,test,-3.8459247788791484,0.4629082951096622,0.5370917048903379,0.1438334945655268,0.8536436435916032,12.716800000000001,1
SNLNDRO_1_N001,2026-07-04,15,test,-4.080941139437191,0.46199991817037667,0.5380000818296233,0.15203895650161492,0.8726251975311375,8.7375,1
SNLNDRO_1_N001,2026-07-04,16,test,-3.9760239056151336,0.46076993797990023,0.5392300620200998,0.1536894668319453,0.9677253402151385,6.861700000000003,1
SNLNDRO_1_N001,2026-07-04,17,test,-3.9169649929445054,0.4933992388688912,0.5066007611311087,0.1239884723365485,0.9479078965813428,1.9835999999999991,1
SNLNDRO_1_N001,2026-07-04,18,test,-2.8508897833229323,0.5135112053792692,0.4864887946207308,0.09331175154119745,0.8269874185349484,0.18769999999999953,1
SNLNDRO_1_N001,2026-07-04,19,test,-3.3656535986198666,0.5287175929379044,0.47128240706209557,0.1397333226037844,0.9330443577309967,4.130300000000002,1
SNLNDRO_1_N001,2026-07-04,20,test,0.7302162762798649,0.5583144545974728,0.44168554540252725,0.08521015841401039,0.9585160763935351,4.713299999999997,1
SNLNDRO_1_N001,2026-07-04,21,test,0.5697787500040123,0.5770743725965755,0.42292562740342454,0.09859715064050742,0.971020613666434,8.091500000000003,1
SNLNDRO_1_N001,2026-07-04,22,test,0.9368105776259392,0.5725703404132655,0.4274296595867345,0.10970720343126328,0.9544197108642672,7.114199999999997,1
SNLNDRO_1_N001,2026-07-04,23,test,0.45000943859125525,0.5770010235583625,0.42299897644163753,0.09796104034781578,0.9647194397951321,8.917199999999998,1
SNLNDRO_1_N001,2026-07-04,24,test,0.45000943859125525,0.5770010235583625,0.42299897644163753,0.09989518039200315,0.9464335757863551,8.5856,1
SNLNDRO_1_N001,2026-07-05,1,test,0.7118670521543571,0.5664474312158138,0.43355256878418624,0.10891328016053564,0.7556127988568649,0.15279999999999916,1
SNLNDRO_1_N001,2026-07-05,2,test,0.7145311967788687,0.5638419533614939,0.4361580466385061,0.10775809776943214,0.7310690485229626,2.8991000000000007,1
SNLNDRO_1_N001,2026-07-05,3,test,0.3185450989680468,0.5625433619577163,0.43745663804228374,0.08229521027134919,0.7630369961273359,4.837199999999999,1
SNLNDRO_1_N001,2026-07-05,4,test,0.429376948569177,0.5634423901775256,0.4365576098224744,0.08868995524562845,0.8112627701898508,3.991900000000001,1
SNLNDRO_1_N001,2026-07-05,5,test,0.32190451765869443,0.5648945536406725,0.43510544635932746,0.08283168322306103,0.82335488154553,4.133700000000001,1
SNLNDRO_1_N001,2026-07-05,6,test,0.3664342213941858,0.5496221602636595,0.4503778397363405,0.07142210522115339,0.7866194774755294,5.454199999999997,1
SNLNDRO_1_N001,2026-07-05,7,test,-0.139887426316794,0.5660248035054835,0.43397519649451655,0.07433017714794779,0.74813706506715,-6.9329,-1
SNLNDRO_1_N001,2026-07-05,8,test,-0.5889180941761851,0.5662454797384936,0.4337545202615064,0.09190645971339817,0.961374642177499,-11.642,-1
SNLNDRO_1_N001,2026-07-05,9,test,-1.7378885995186932,0.5442881378785304,0.45571186212146964,0.10867011093928856,0.8997524148509193,-5.899600000000001,-1
SNLNDRO_1_N001,2026-07-05,10,test,-2.2757598364004177,0.47663617014202203,0.5233638298579779,0.10137734790906286,0.8739573925723955,-4.646699999999999,-1
SNLNDRO_1_N001,2026-07-05,11,test,-4.727369385914389,0.4861940063696628,0.5138059936303372,0.13329819581326197,0.7860535913771424,-3.769399999999999,-1
SNLNDRO_1_N001,2026-07-05,12,test,-4.312975124515039,0.4669218078166461,0.5330781921833538,0.15195646304017607,0.8177067053268685,-6.138999999999999,-1
SNLNDRO_1_N001,2026-07-05,13,test,-4.312975124515039,0.4669218078166461,0.5330781921833538,0.15235061395648283,0.8304440150481983,-5.955599999999999,-1
SNLNDRO_1_N001,2026-07-05,14,test,-4.427652166635257,0.4629082951096622,0.5370917048903379,0.15501850093542363,0.8015658838006576,-6.270999999999999,-1
SNLNDRO_1_N001,2026-07-05,15,test,-4.753993729822012,0.46199991817037667,0.5380000818296233,0.16212600430309096,0.828737845792079,-10.7418,-1
SNLNDRO_1_N001,2026-07-05,16,test,-4.323383440755329,0.46199991817037667,0.5380000818296233,0.15106142023953695,0.876902883807982,-10.296800000000001,-1
SNLNDRO_1_N001,2026-07-05,17,test,-3.870726196383243,0.4911515828501865,0.5088484171498135,0.1177288780838877,0.8635688895438359,-7.534600000000001,-1
SNLNDRO_1_N001,2026-07-05,18,test,-3.870726196383243,0.5087082038411045,0.4912917961588955,0.1296977726078844,0.9618913005484165,-6.2455,-1
SNLNDRO_1_N001,2026-07-05,19,test,-2.479557225596969,0.542116674515666,0.45788332548433397,0.1267461215416566,0.9388805294607953,3.4558000000000035,1
SNLNDRO_1_N001,2026-07-05,20,test,0.7685715696020197,0.5508333388314995,0.44916666116850046,0.08199403878862403,0.9174019545232986,7.427099999999996,1
SNLNDRO_1_N001,2026-07-05,21,test,0.5897652750750507,0.5678978403357996,0.4321021596642004,0.09167572214489403,0.8684485790625334,-4.180099999999996,-1
SNLNDRO_1_N001,2026-07-05,22,test,0.7124081337419612,0.5623207374243799,0.43767926257562006,0.09309786820576253,0.9702315132812853,-2.527799999999999,-1
SNLNDRO_1_N001,2026-07-05,23,test,0.16324157537259162,0.5632459049189784,0.4367540950810216,0.07106815329966495,0.9801009984766862,-4.290599999999998,-1
SNLNDRO_1_N001,2026-07-05,24,test,0.16324157537259162,0.5632459049189784,0.4367540950810216,0.0717658483781048,0.9358086123457056,0.6372,1
SNLNDRO_1_N001,2026-07-06,1,test,0.4964875269353034,0.5624075847612756,0.4375924152387244,0.08700767727873981,0.9452515589314358,10.384599999999995,1
SNLNDRO_1_N001,2026-07-06,2,test,0.6106588968609268,0.5606704426133207,0.43932955738667934,0.09384634296117242,0.8465370038391387,8.359599999999997,1
SNLNDRO_1_N001,2026-07-06,3,test,0.6517229187658029,0.5628344200222244,0.4371655799777756,0.09725111669293701,0.8685761788374843,7.890000000000001,1
SNLNDRO_1_N001,2026-07-06,4,test,0.47931976734536313,0.5732762155906103,0.42672378440938974,0.09909740895346275,0.884435750848601,7.7729,1
SNLNDRO_1_N001,2026-07-06,5,test,0.4144572876335453,0.5650144455261776,0.43498555447382237,0.08702826921956114,0.8806923793550193,7.310400000000001,1
SNLNDRO_1_N001,2026-07-06,6,test,0.39754620660439544,0.553257240629004,0.44674275937099595,0.0732802851238132,0.9325933907034477,7.378499999999999,1
SNLNDRO_1_N001,2026-07-06,7,test,0.40384863024324175,0.5669301771328892,0.4330698228671108,0.08567874592587268,0.9270503242051501,9.747,1
SNLNDRO_1_N001,2026-07-06,8,test,-0.05245521206886594,0.5616243816690586,0.4383756183309414,0.06331062668562044,0.7612045759365993,-6.567,-1
SNLNDRO_1_N001,2026-07-06,9,test,-0.3844498600014596,0.5442881378785304,0.45571186212146964,0.05810954881056617,0.8241836059728023,-13.282999999999998,-1
SNLNDRO_1_N001,2026-07-06,10,test,-2.345027086734832,0.489917752496267,0.510082247503733,0.0666323453430832,0.7129106094241349,-7.8264,-1
SNLNDRO_1_N001,2026-07-06,11,test,-3.183488201795549,0.4761553724469584,0.5238446275530416,0.10008482922091207,0.7281249640614531,-4.255399999999998,-1
SNLNDRO_1_N001,2026-07-06,12,test,-2.6231729754300632,0.4752440020967627,0.5247559979032372,0.0932874520442768,0.757232161341751,-5.3733,-1
SNLNDRO_1_N001,2026-07-06,13,test,-3.260044413844632,0.4752440020967627,0.5247559979032372,0.11646383698237876,0.8267329064645241,-9.0809,-1
SNLNDRO_1_N001,2026-07-06,14,test,-3.2867512631041165,0.4761553724469584,0.5238446275530416,0.10679689165330195,0.7890802297010706,-9.267499999999998,-1
SNLNDRO_1_N001,2026-07-06,15,test,-2.9076249255880424,0.47986425739086425,0.5201357426091358,0.0982739358165892,0.8457995279739484,-10.917099999999998,-1
SNLNDRO_1_N001,2026-07-06,16,test,-2.4218705858629,0.5009800328540585,0.49901996714594155,0.05502536125664093,0.7519259319937902,-12.830000000000002,-1
SNLNDRO_1_N001,2026-07-06,17,test,-1.5613109907293623,0.5540282506447853,0.44597174935521466,0.10820397021596456,0.936928021959362,-6.634900000000002,-1
SNLNDRO_1_N001,2026-07-06,18,test,-0.6988153191748517,0.5212100022676485,0.47878999773235154,0.046647933364022356,0.961964484859914,-6.5611999999999995,-1
SNLNDRO_1_N001,2026-07-06,19,test,-0.434734525145772,0.548291860784254,0.45170813921574604,0.06764764924356702,0.9580783013833961,1.892000000000003,1
SNLNDRO_1_N001,2026-07-06,20,test,1.604497164105385,0.5680749540621266,0.4319250459378734,0.11992262391876271,0.9279127233781319,-3.3446,-1
SNLNDRO_1_N001,2026-07-06,21,test,2.442628468262916,0.5867662421766644,0.4132337578233356,0.18016431597245253,0.7641610085815741,-8.742199999999997,-1
SNLNDRO_1_N001,2026-07-06,22,test,1.8068353680931926,0.5794580518578626,0.4205419481421374,0.1543475553984433,0.9316862750889265,-10.774799999999999,-1
SNLNDRO_1_N001,2026-07-06,23,test,1.4107865732601306,0.5632459049189784,0.4367540950810216,0.1277305527924239,0.9468812729362763,-5.179899999999996,-1
SNLNDRO_1_N001,2026-07-06,24,test,1.1278308698913002,0.5632459049189784,0.4367540950810216,0.10566625288440903,0.8526131477455222,-3.4065999999999974,-1
SNLNDRO_1_N001,2026-07-07,1,test,0.8263867573698328,0.5591799318487675,0.44082006815123254,0.09296522605332286,0.9009868607115019,5.8202,1
SNLNDRO_1_N001,2026-07-07,2,test,0.40342060420944026,0.5603139266088202,0.4396860733911798,0.0780385176561306,0.9299830945719424,5.506300000000003,1
SNLNDRO_1_N001,2026-07-07,3,test,-0.26744808242195306,0.5684642698777296,0.4315357301222704,0.0806636438344311,0.9516188004374303,5.871200000000002,1
SNLNDRO_1_N001,2026-07-07,4,test,-0.40216239996268355,0.5715143308289945,0.4284856691710055,0.09056051285026753,0.9803962649062796,1.975999999999999,1
SNLNDRO_1_N001,2026-07-07,5,test,-0.40216239996268355,0.5715143308289945,0.4284856691710055,0.08949340996972675,0.982189862689033,3.248200000000004,1
SNLNDRO_1_N001,2026-07-07,6,test,-0.3306815841275125,0.5610963182945843,0.4389036817054157,0.07560490008368978,0.933309787215597,5.9345,1
SNLNDRO_1_N001,2026-07-07,7,test,-1.3059462651185685,0.5707526312394824,0.4292473687605176,0.11348083755568764,0.9574695189407997,2.128999999999998,1
SNLNDRO_1_N001,2026-07-07,8,test,-1.8703781532702781,0.559361108602465,0.440638891397535,0.12690257431055646,0.9090610766008136,-3.511000000000003,-1
SNLNDRO_1_N001,2026-07-07,9,test,-1.6110316922085506,0.5466328498765144,0.4533671501234856,0.10905511526068809,0.9563450555873472,-3.092600000000001,-1
SNLNDRO_1_N001,2026-07-07,10,test,-3.072509301057423,0.4789957725500027,0.5210042274499973,0.12216166008634471,0.9006375398772944,-5.8507,-1
SNLNDRO_1_N001,2026-07-07,11,test,-5.1053229646678675,0.46526035261621085,0.5347396473837891,0.17330022032046552,0.8398419597985672,-6.456900000000001,-1
SNLNDRO_1_N001,2026-07-07,12,test,-6.7489155503685065,0.46435135058190374,0.5356486494180963,0.19514545599033994,0.7987481016042338,-8.843900000000001,-1
SNLNDRO_1_N001,2026-07-07,13,test,-6.7489155503685065,0.46435135058190374,0.5356486494180963,0.18725399155601502,0.8349553015649946,-11.166799999999999,-1
SNLNDRO_1_N001,2026-07-07,14,test,-6.823651543838917,0.46526035261621085,0.5347396473837891,0.18284261226648565,0.8447694264841236,-13.729600000000001,-1
SNLNDRO_1_N001,2026-07-07,15,test,-6.64623418240376,0.4597171001262154,0.5402828998737845,0.1926520438666546,0.9266194836785229,-11.167799999999996,-1
SNLNDRO_1_N001,2026-07-07,16,test,-6.57149818893335,0.4597171001262154,0.5402828998737845,0.18114901550522694,0.872837091982967,-8.413699999999999,-1
SNLNDRO_1_N001,2026-07-07,17,test,-4.624762816554741,0.48876064699778077,0.5112393530022192,0.11379753430572268,0.8267210466359761,-6.631300000000003,-1
SNLNDRO_1_N001,2026-07-07,18,test,-4.370921981130539,0.5150787617644366,0.48492123823556343,0.1326034621616241,0.834659055456369,0.09009999999999962,1
SNLNDRO_1_N001,2026-07-07,19,test,-1.2817374805303552,0.5626254629486075,0.4373745370513925,0.10966562978952998,0.9295681602364213,2.052099999999996,1
SNLNDRO_1_N001,2026-07-07,20,test,1.7937895986873191,0.5913386932817853,0.40866130671821466,0.15186029064829615,0.9765428653077993,7.454100000000004,1
SNLNDRO_1_N001,2026-07-07,21,test,2.1568618881885477,0.5926534128140378,0.4073465871859622,0.16782376993031323,0.8754828323539705,1.867599999999996,1
SNLNDRO_1_N001,2026-07-07,22,test,1.8707903449420167,0.5935352723400877,0.40646472765991226,0.16482949769320687,0.9910480187441609,-1.6321000000000012,-1
SNLNDRO_1_N001,2026-07-07,23,test,1.1227614417518703,0.5840683318689359,0.4159316681310641,0.12542851571480124,0.842282178305436,-4.4273000000000025,-1
SNLNDRO_1_N001,2026-07-07,24,test,1.786649558838839,0.5760947747348886,0.42390522526511143,0.1514780273877261,0.9945535415030602,-0.00730000000000075,-1
SNLNDRO_1_N001,2026-07-08,1,test,0.9583867372540156,0.5617585356457758,0.4382414643542242,0.11070328384468242,0.8701240002769353,-5.4716999999999985,-1
SNLNDRO_1_N001,2026-07-08,2,test,0.8281749239222254,0.5617585356457758,0.4382414643542242,0.10727196807699957,0.8147422661425664,-3.630499999999998,-1
SNLNDRO_1_N001,2026-07-08,3,test,0.8417041724515322,0.5695829386916795,0.43041706130832047,0.11221943852014767,0.889520877317968,1.9716000000000022,1
SNLNDRO_1_N001,2026-07-08,4,test,0.6433958206659542,0.570478545919726,0.429521454080274,0.10346224030793809,0.9153477151243776,3.250399999999999,1
SNLNDRO_1_N001,2026-07-08,5,test,0.775325855201878,0.5719250863036591,0.4280749136963409,0.11327904265819318,0.8640123963249102,2.7194000000000003,1
SNLNDRO_1_N001,2026-07-08,6,test,0.7956858363212596,0.5531973683808136,0.44680263161918643,0.09601350315647447,0.8274056241854362,0.8814999999999955,1
SNLNDRO_1_N001,2026-07-08,7,test,0.3225207240766481,0.5693442043229346,0.43065579567706536,0.08323826817851228,0.8366538003439765,2.6560999999999986,1
SNLNDRO_1_N001,2026-07-08,8,test,-0.829995026175081,0.5737723998616987,0.4262276001383013,0.1070651402694972,0.9309076134774817,-0.20009999999999906,-1
SNLNDRO_1_N001,2026-07-08,9,test,-1.1619896741076747,0.5550318339284185,0.4449681660715815,0.09866460126265786,0.8978969635962021,-2.6275000000000013,-1
SNLNDRO_1_N001,2026-07-08,10,test,-2.8661180851943158,0.5170486092810488,0.4829513907189512,0.10934626989849056,0.8701765047229212,5.989699999999999,1
SNLNDRO_1_N001,2026-07-08,11,test,-3.0617347050422437,0.4959929790378344,0.5040070209621657,0.08931950732035847,0.7835594477706672,4.464099999999998,1
SNLNDRO_1_N001,2026-07-08,12,test,-3.0315637042580246,0.495079523721857,0.504920476278143,0.10481553482917787,0.9074964613187866,0.3429000000000002,1
SNLNDRO_1_N001,2026-07-08,13,test,-3.0315637042580246,0.495079523721857,0.504920476278143,0.09403580320333228,0.886105046298062,1.4406999999999996,1
SNLNDRO_1_N001,2026-07-08,14,test,-3.236757194371501,0.5041263479887684,0.49587365201123157,0.07661747159265096,0.8090259064679753,0.9469999999999992,1
SNLNDRO_1_N001,2026-07-08,15,test,-3.0887697832475056,0.5041263479887684,0.49587365201123157,0.08382505566102375,0.9251590307696836,0.9544999999999995,1
SNLNDRO_1_N001,2026-07-08,16,test,-0.5118437663712575,0.5041263479887684,0.49587365201123157,0.01837047995167409,0.8754344924875407,-1.542900000000003,-1
SNLNDRO_1_N001,2026-07-08,17,test,-1.521184255018046,0.5268967083212379,0.4731032916787621,0.06699724070148974,0.9991865807874099,-0.14329999999999998,-1
SNLNDRO_1_N001,2026-07-08,18,test,-1.900310592534119,0.5285172570060052,0.47148274299399484,0.08628496856985644,0.8026020719177562,-1.4118999999999993,-1
SNLNDRO_1_N001,2026-07-08,19,test,0.912884560427144,0.5701962772007002,0.4298037227992998,0.10495629218386182,0.9372818124457054,8.007300000000004,1
SNLNDRO_1_N001,2026-07-08,20,test,2.642435989264365,0.5970647729041366,0.4029352270958634,0.1799960426597717,0.9827456289972911,8.587600000000002,1
SNLNDRO_1_N001,2026-07-08,21,test,2.5537939208287237,0.6105943177104761,0.3894056822895239,0.19706568321858997,0.8627316562593186,9.965600000000002,1
SNLNDRO_1_N001,2026-07-08,22,test,2.3188508876265392,0.5870246022896288,0.4129753977103712,0.17316897054821584,0.8421978897067425,11.626100000000001,1
SNLNDRO_1_N001,2026-07-08,23,test,1.8269919214062678,0.5827376546262701,0.41726234537372986,0.15581041505842724,0.9500252846043393,9.889399999999998,1
SNLNDRO_1_N001,2026-07-08,24,test,0.9488749087165156,0.5707784190702971,0.42922158092970286,0.10881063378441816,0.8907893310270932,8.235100000000003,1
SNLNDRO_1_N001,2026-07-09,1,test,0.6635494418755059,0.5929184912311879,0.4070815087688121,0.13979038979487793,0.6319728877322479,7.5981999999999985,1
SNLNDRO_1_N001,2026-07-09,2,test,0.7425971003454156,0.5818563879699536,0.41814361203004635,0.1505286632485643,0.4595109809163567,5.805299999999999,1
SNLNDRO_1_N001,2026-07-09,3,test,0.5481198090847522,0.5759413339759246,0.4240586660240754,0.11782370783372861,0.5906604851229268,2.4299,1
SNLNDRO_1_N001,2026-07-09,4,test,0.528651712402044,0.574828840484439,0.42517115951556095,0.11537964683202775,0.6018423749433516,1.1202000000000005,1
SNLNDRO_1_N001,2026-07-09,5,test,0.528651712402044,0.574828840484439,0.42517115951556095,0.11204705101344456,0.6604889197014759,1.4061000000000021,1
SNLNDRO_1_N001,2026-07-09,6,test,0.528651712402044,0.590937111692444,0.409062888307556,0.13139222706461204,0.5876768466876123,3.6714000000000055,1
SNLNDRO_1_N001,2026-07-09,7,test,0.4314372442822685,0.5743400460291039,0.42565995397089607,0.09885079401602077,0.6824095559070185,5.106000000000002,1
SNLNDRO_1_N001,2026-07-09,8,test,-2.017690852806696,0.5761294612020833,0.4238705387979167,0.13247164530377256,0.7516498929836556,2.713799999999999,1
SNLNDRO_1_N001,2026-07-09,9,test,-2.242958287905987,0.5475150281202671,0.4524849718797329,0.10271537927426702,0.7085273747355086,2.1080000000000005,1
SNLNDRO_1_N001,2026-07-09,10,test,-4.053813911825932,0.5064336701232725,0.49356632987672755,0.1256920753152799,0.8489009025828343,2.104999999999997,1
SNLNDRO_1_N001,2026-07-09,11,test,-4.587989428653119,0.4789591086881104,0.5210408913118896,0.14077863549622857,0.7874878956120396,4.500399999999999,1
SNLNDRO_1_N001,2026-07-09,12,test,-4.920579973213686,0.4780472691775706,0.5219527308224294,0.15151160288098742,0.810114350137117,-0.01950000000000074,-1
SNLNDRO_1_N001,2026-07-09,13,test,-4.920579973213686,0.4780472691775706,0.5219527308224294,0.1235109184248792,0.7035301739684784,-2.4574999999999996,-1
SNLNDRO_1_N001,2026-07-09,14,test,-5.125773463327163,0.4780472691775706,0.5219527308224294,0.1293635797195049,0.7381760741056417,-3.3972999999999978,-1
SNLNDRO_1_N001,2026-07-09,15,test,-4.449352595008913,0.4917421335521008,0.5082578664478992,0.111370170954742,0.7748170504189534,-3.8042000000000016,-1
SNLNDRO_1_N001,2026-07-09,16,test,-2.2121066365331905,0.4968743819069693,0.5031256180930307,0.062449666188970354,0.9112160294856926,-7.752899999999997,-1
SNLNDRO_1_N001,2026-07-09,17,test,-3.0701486911808886,0.5378223058782571,0.4621776941217429,0.1172547523756642,0.9095069602618305,-5.579900000000002,-1
SNLNDRO_1_N001,2026-07-09,18,test,-2.526011677263655,0.5300912974735129,0.4699087025264871,0.12542251882818156,0.9701282532101281,4.5534,1
SNLNDRO_1_N001,2026-07-09,19,test,-0.4242841349058071,0.5641099295526911,0.4358900704473089,0.07937974432065592,0.8693381548375138,8.579,1
SNLNDRO_1_N001,2026-07-09,20,test,1.2364038437481244,0.597296076103778,0.402703923896222,0.13815083461944788,0.7676086858769412,7.911000000000001,1
SNLNDRO_1_N001,2026-07-09,21,test,2.39534154900292,0.6152061311463957,0.38479386885360434,0.17608436544789832,0.9153209754439331,4.907900000000005,1
SNLNDRO_1_N001,2026-07-09,22,test,1.585528470407358,0.6076956861832601,0.3923043138167399,0.15615208443612352,0.8176538412597394,7.127499999999998,1
SNLNDRO_1_N001,2026-07-09,23,test,1.4866599525820308,0.5859454365214094,0.4140545634785906,0.15841668724665167,0.8715619941972663,7.351399999999998,1
SNLNDRO_1_N001,2026-07-09,24,test,1.0710431200237642,0.5848484153495681,0.4151515846504319,0.1389615900985456,0.8770324359175687,1.396799999999999,1
SNLNDRO_1_N001,2026-07-10,1,test,1.69317173124221,0.6057832340516909,0.3942167659483091,0.2013652144898912,0.7057846192762492,-4.968899999999998,-1
SNLNDRO_1_N001,2026-07-10,2,test,1.7474208541011054,0.6057832340516909,0.3942167659483091,0.2135342405190824,0.6266928276113463,-6.972799999999999,-1
SNLNDRO_1_N001,2026-07-10,3,test,0.916499180862644,0.5999861274177222,0.40001387258227783,0.16423362612565257,0.6123961518179177,-8.359900000000003,-1
SNLNDRO_1_N001,2026-07-10,4,test,0.8567124295923497,0.594746665454917,0.40525333454508305,0.16147152362399728,0.5589671709599336,-4.918900000000001,-1
SNLNDRO_1_N001,2026-07-10,5,test,0.8567124295923497,0.5899915983866403,0.4100084016133597,0.15834911218246975,0.5435607818036882,-6.559400000000004,-1
SNLNDRO_1_N001,2026-07-10,6,test,1.8352306946571546,0.6086349883405512,0.3913650116594488,0.2264726232361325,0.5824638927008076,-5.256599999999999,-1
SNLNDRO_1_N001,2026-07-10,7,test,0.6292496601046911,0.5841916876155712,0.41580831238442884,0.11920989328292428,0.70365175537054,-1.2280999999999977,-1
SNLNDRO_1_N001,2026-07-10,8,test,-1.803781165204301,0.5738183637334835,0.4261816362665165,0.13879946420034212,0.8936540927883871,-3.1247000000000007,-1
SNLNDRO_1_N001,2026-07-10,9,test,-2.029048600303591,0.5454086073967636,0.45459139260323644,0.11959793910903133,0.9203939554730819,-0.3485999999999976,-1
SNLNDRO_1_N001,2026-07-10,10,test,-3.639642418487406,0.5083251707287881,0.49167482927121187,0.13136976696945663,0.9561147282287793,-3.796999999999997,-1
SNLNDRO_1_N001,2026-07-10,11,test,-4.910925325192555,0.48852879992445475,0.5114712000755453,0.1744068566921239,0.9549481212805855,-2.359099999999998,-1
SNLNDRO_1_N001,2026-07-10,12,test,-4.759554664751797,0.4893787196994088,0.5106212803005912,0.14974916162009297,0.8785316055490192,-3.4177999999999997,-1
SNLNDRO_1_N001,2026-07-10,13,test,-4.9554903178787475,0.489104822195795,0.510895177804205,0.12257546967191878,0.7383801871608326,-4.132100000000001,-1
SNLNDRO_1_N001,2026-07-10,14,test,-4.816760743741279,0.489104822195795,0.510895177804205,0.12684879178460245,0.805856336656001,-5.618700000000004,-1
SNLNDRO_1_N001,2026-07-10,15,test,-4.54436161905851,0.4945103008609244,0.5054896991390756,0.11500042115512445,0.8035397095350783,-3.6907999999999994,-1
SNLNDRO_1_N001,2026-07-10,16,test,-4.329886622134108,0.49478429382155414,0.5052157061784459,0.10584696911207542,0.7836262997934291,-3.1843000000000004,-1
SNLNDRO_1_N001,2026-07-10,17,test,-2.9784132910386396,0.5314111650834744,0.4685888349165256,0.10090738700074137,0.9807795133468608,1.6629999999999967,1
SNLNDRO_1_N001,2026-07-10,18,test,-2.632716381184316,0.5384573306796518,0.46154266932034815,0.11602380354024937,0.8236311701754913,-2.165299999999995,-1
SNLNDRO_1_N001,2026-07-10,19,test,0.19571711443223305,0.5704513061673552,0.4295486938326448,0.0794973916554045,0.9426986101406114,5.630699999999997,1
SNLNDRO_1_N001,2026-07-10,20,test,2.0591102950675073,0.6130057379886914,0.3869942620113086,0.18074739676455012,0.7258372618238704,-1.7411999999999992,-1
SNLNDRO_1_N001,2026-07-10,21,test,2.6036990910747506,0.6114465155016262,0.3885534844983738,0.1936681503752251,0.6933048097771708,2.148299999999999,1
SNLNDRO_1_N001,2026-07-10,23,test,1.4285144730127952,0.6094206047175565,0.39057939528244345,0.1646486793175584,0.6979690649228747,0.7254999999999967,1
SNLNDRO_1_N001,2026-07-10,24,test,1.452592755328483,0.604031043819313,0.39596895618068695,0.1879753139039191,0.7154699495489152,2.2323999999999984,1
SNLNDRO_1_N001,2026-07-11,1,test,0.19639986819945476,0.5742811839778976,0.4257188160221024,0.09039864459285565,0.5808998080702252,6.605600000000003,1
SNLNDRO_1_N001,2026-07-11,2,test,0.28393831671141656,0.5742811839778976,0.4257188160221024,0.10624189206941705,0.4096440317945321,5.475300000000004,1
SNLNDRO_1_N001,2026-07-11,3,test,0.1462603794855426,0.5725553530984481,0.42744464690155193,0.08161639014208756,0.7807158534401442,5.393399999999996,1
SNLNDRO_1_N001,2026-07-11,4,test,0.12590039836616113,0.5734494071716377,0.4265505928283623,0.0821788270579069,0.7119304980432095,0.7892999999999972,1
SNLNDRO_1_N001,2026-07-11,5,test,0.1462603794855426,0.5689615643197976,0.4310384356802024,0.07770973670199859,0.8252559475950911,-0.28659999999999997,-1
SNLNDRO_1_N001,2026-07-11,6,test,1.228799545383451,0.5715663327354168,0.4284336672645832,0.1502675069752371,0.6437311481281093,5.431899999999999,1
SNLNDRO_1_N001,2026-07-11,7,test,0.15373837036464577,0.5683980068759195,0.43160199312408054,0.07751769812484298,0.7013127294490915,5.799600000000002,1
SNLNDRO_1_N001,2026-07-11,8,test,-1.1120896669622822,0.5739181357074395,0.42608186429256045,0.12933401005970155,0.838647270608969,6.997500000000002,1
SNLNDRO_1_N001,2026-07-11,9,test,-1.3373571020615733,0.561372578876429,0.438627421123571,0.12033045252050341,0.9403844092820682,9.834,1
SNLNDRO_1_N001,2026-07-11,10,test,-3.3065403394590502,0.5083332748758626,0.49166672512413745,0.13558554182038185,0.8749626477681902,8.4089,1
SNLNDRO_1_N001,2026-07-11,11,test,-4.467635034021441,0.4951473758593175,0.5048526241406825,0.17801980070241094,0.7768199565808294,7.034800000000001,1
SNLNDRO_1_N001,2026-07-11,12,test,-4.067863166509779,0.49423395074096726,0.5057660492590328,0.15535130497325988,0.8957353003617924,6.602500000000003,1
SNLNDRO_1_N001,2026-07-11,13,test,-3.6931083912054308,0.49423395074096726,0.5057660492590328,0.1328822664391325,0.969889503415233,7.498899999999999,1
SNLNDRO_1_N001,2026-07-11,14,test,-3.609090890924097,0.49423395074096726,0.5057660492590328,0.11489672799512114,0.9603170516117729,8.475000000000001,1
SNLNDRO_1_N001,2026-07-11,15,test,-3.3333673400956667,0.4959976439886451,0.5040023560113549,0.10843787740713169,0.9869380287409606,5.614600000000003,1
SNLNDRO_1_N001,2026-07-11,16,test,-3.3333673400956667,0.4965561288745482,0.5034438711254519,0.10444158369689682,0.9474889047851691,6.493200000000002,1
SNLNDRO_1_N001,2026-07-11,17,test,-2.197742666160035,0.5372333513814151,0.46276664861858485,0.10472791961157493,0.9001391900523055,8.288499999999999,1
SNLNDRO_1_N001,2026-07-11,18,test,-1.7813037612866913,0.5366678748573027,0.4633321251426973,0.09794561957198075,0.8956634859846307,3.1417,1
SNLNDRO_1_N001,2026-07-11,19,test,-0.2485595617439908,0.5774921699195869,0.42250783008041315,0.0891798241398235,0.938138651609751,-0.6683000000000021,-1
SNLNDRO_1_N001,2026-07-11,20,test,2.020153316483225,0.60395364822016,0.39604635177984004,0.16896995204959578,0.7529149972898393,1.7475999999999985,1
SNLNDRO_1_N001,2026-07-11,21,test,2.6619200398515153,0.6158683575275045,0.38413164247249554,0.19694073697138986,0.7366645116408731,4.768099999999997,1
SNLNDRO_1_N001,2026-07-11,22,test,2.307642938978546,0.6166342831191175,0.3833657168808825,0.19408071628455342,0.6835253929545113,5.735100000000003,1
SNLNDRO_1_N001,2026-07-11,23,test,2.4859527768277436,0.6148625918922194,0.38513740810778063,0.2118475692785846,0.9648466189987829,-0.4883000000000024,-1
SNLNDRO_1_N001,2026-07-11,24,test,1.6385829763839566,0.6100194941930563,0.38998050580694366,0.19890647426556857,0.7531449906496049,0.09759999999999991,1
SNLNDRO_1_N001,2026-07-12,1,test,1.2650528232091007,0.5919433385809575,0.4080566614190425,0.1586470896138899,0.809580502337203,-2.3547999999999973,-1
SNLNDRO_1_N001,2026-07-12,2,test,2.121880184147275,0.5914548410039135,0.40854515899608645,0.2051543450055856,0.7102385812160318,4.832899999999995,1
SNLNDRO_1_N001,2026-07-12,3,test,2.007026575681862,0.5770763038312734,0.4229236961687266,0.185031961580215,0.71805814629444,6.592000000000006,1
SNLNDRO_1_N001,2026-07-12,4,test,1.6551336170972113,0.5633630216427052,0.43663697835729476,0.15541378463566596,0.7370329641782708,4.346800000000002,1
SNLNDRO_1_N001,2026-07-12,5,test,1.6551336170972113,0.5633630216427052,0.43663697835729476,0.1550865889024535,0.659953291656351,2.7975999999999956,1
SNLNDRO_1_N001,2026-07-12,6,test,1.8547794774068143,0.5846369380315514,0.41536306196844863,0.1975329051464041,0.6189738059389618,-1.6330999999999989,-1
SNLNDRO_1_N001,2026-07-12,7,test,1.3080278137520287,0.5815902702780861,0.4184097297219139,0.16040362334045138,0.6175725223178942,0.8965999999999994,1
SNLNDRO_1_N001,2026-07-12,8,test,-0.16575122410242576,0.5716326525129061,0.42836734748709393,0.0804790033555431,0.828768446674798,-8.490200000000002,-1
SNLNDRO_1_N001,2026-07-12,9,test,-0.20427423500987307,0.5509167215855016,0.44908327841449835,0.05929473979836271,0.9313986372998483,-10.685299999999998,-1
SNLNDRO_1_N001,2026-07-12,10,test,-2.0643144054785787,0.5013363724231233,0.49866362757687666,0.07353538136830945,0.9155835426321327,-16.809099999999997,-1
SNLNDRO_1_N001,2026-07-12,11,test,-2.261089498628428,0.4866469088976505,0.5133530911023495,0.09158652415210557,0.9182044232079315,-11.3522,-1
SNLNDRO_1_N001,2026-07-12,12,test,-1.6426505473596493,0.4857340776221152,0.5142659223778848,0.07436814826281513,0.9289977747400072,-9.056599999999996,-1
SNLNDRO_1_N001,2026-07-12,13,test,-1.6882823078620677,0.4866469088976505,0.5133530911023495,0.07021049928173784,0.9909727503782841,-11.4053,-1
SNLNDRO_1_N001,2026-07-12,14,test,-1.6882823078620677,0.4866469088976505,0.5133530911023495,0.06747108016764303,0.9771275085411826,-7.482700000000001,-1
SNLNDRO_1_N001,2026-07-12,15,test,-1.2976582838709787,0.4951095735005071,0.5048904264994929,0.050644431371973476,0.9287753400218993,-9.663699999999999,-1
SNLNDRO_1_N001,2026-07-12,16,test,-0.33536142849799744,0.49626029434409336,0.5037397056559066,0.015291223342669002,0.977222744918606,-13.330100000000002,-1
SNLNDRO_1_N001,2026-07-12,17,test,-0.6884130821138815,0.5369391292186223,0.4630608707813777,0.05972507306449742,0.9500282320990284,-21.2902,-1
SNLNDRO_1_N001,2026-07-12,18,test,-0.45922705807708203,0.5568008673505848,0.44319913264941524,0.07924521384074816,0.8565914454031481,-20.866,-1
SNLNDRO_1_N001,2026-07-12,19,test,-0.05806696745016518,0.5806633963597216,0.41933660364027836,0.08354036640323248,0.8951467643213592,-5.307099999999998,-1
SNLNDRO_1_N001,2026-07-12,20,test,1.9858209276475256,0.6042015930486186,0.39579840695138135,0.17059254890416775,0.734157727832841,1.5250000000000057,1
SNLNDRO_1_N001,2026-07-12,21,test,1.806252693330595,0.6179755298617072,0.38202447013829277,0.1805570428552627,0.6999457254180508,3.487100000000005,1
SNLNDRO_1_N001,2026-07-12,22,test,3.2117074313681857,0.6175772381911734,0.3824227618088266,0.22582771715811237,0.6294939345393012,-3.5257000000000005,-1
SNLNDRO_1_N001,2026-07-12,23,test,2.072731274689015,0.612358351761156,0.38764164823884395,0.18575366299824758,0.9475262574504667,-4.587200000000003,-1
SNLNDRO_1_N001,2026-07-12,24,test,2.072731274689015,0.6087898743597326,0.39121012564026736,0.20044576502197897,0.9125894806579475,-6.492699999999999,-1
SNLNDRO_1_N001,2026-07-13,1,test,1.3206322826872958,0.5957726691839964,0.4042273308160036,0.1749408492111491,0.6916024545163061,-3.5412000000000035,-1
SNLNDRO_1_N001,2026-07-13,2,test,1.3206322826872958,0.5916214628667203,0.40837853713327965,0.17454207665090743,0.6544173945583512,-2.9387000000000043,-1
SNLNDRO_1_N001,2026-07-13,3,test,1.8164503033289012,0.5720925443142776,0.4279074556857224,0.17791988487768146,0.6665440299465749,-2.2291000000000025,-1
SNLNDRO_1_N001,2026-07-13,4,test,1.5221813947152163,0.5744312390696692,0.4255687609303308,0.17988433675040166,0.5722434440356625,-3.984899999999996,-1
SNLNDRO_1_N001,2026-07-13,5,test,1.5221813947152163,0.5744312390696692,0.4255687609303308,0.16954089868381855,0.6511099286685547,-2.7513000000000005,-1
SNLNDRO_1_N001,2026-07-13,6,test,1.4249669265954408,0.5918665636630528,0.4081334363369472,0.18000653103222194,0.6516223833245713,-4.230899999999998,-1
SNLNDRO_1_N001,2026-07-13,7,test,0.8439590733325893,0.5786801385456716,0.4213198614543284,0.13059598629989558,0.6580323207102331,0.7567000000000021,1
SNLNDRO_1_N001,2026-07-13,8,test,0.1479971474183926,0.5756425423917719,0.4243574576082281,0.08258770474058731,0.96794072607842,-11.4317,-1
SNLNDRO_1_N001,2026-07-13,9,test,-0.33889357374541385,0.5604714335053708,0.43952856649462924,0.07224903420561092,0.8700181352714711,-15.657199999999996,-1
SNLNDRO_1_N001,2026-07-13,10,test,-2.5296043076746195,0.5100965373232923,0.4899034626767077,0.09637614771992359,0.9196283275642516,-20.094900000000003,-1
SNLNDRO_1_N001,2026-07-13,11,test,-2.5296043076746195,0.49691112617577,0.5030888738242301,0.08151962032667619,0.8321749447896047,-24.414500000000004,-1
SNLNDRO_1_N001,2026-07-13,12,test,0.07968246602364369,0.4852634699409908,0.5147365300590092,0.017751035899037003,0.851991699180181,-24.667400000000008,-1
SNLNDRO_1_N001,2026-07-13,13,test,-0.4188956725829348,0.48585526697659426,0.5141447330234057,0.027784022336414575,0.8380249486269806,-23.016599999999997,-1
SNLNDRO_1_N001,2026-07-13,14,test,-1.6119420852998274,0.4852634699409908,0.5147365300590092,0.06173934876590862,0.8416358514950372,-21.884700000000002,-1
SNLNDRO_1_N001,2026-07-13,15,test,-0.12410112848900257,0.4852634699409908,0.5147365300590092,0.018156722093555774,0.7766688902751143,-13.511599999999994,-1
SNLNDRO_1_N001,2026-07-13,16,test,-0.07528550727159555,0.49287503258397014,0.5071249674160299,0.009108416021995504,0.7663479907584966,-6.582099999999997,-1
SNLNDRO_1_N001,2026-07-13,17,test,1.0315846370779747,0.5374030304666721,0.46259696953332785,0.06291569682098185,0.8732030386032084,-22.508800000000008,-1
SNLNDRO_1_N001,2026-07-13,18,test,1.267518812370182,0.5320490898048438,0.4679509101951562,0.06369254450946507,0.8985826583273624,-19.5706,-1
SNLNDRO_1_N001,2026-07-13,19,test,2.4797378709059554,0.5857292043980109,0.4142707956019891,0.1481566319530551,0.96147874525823,-8.928200000000004,-1
SNLNDRO_1_N001,2026-07-13,20,test,2.8195063285173223,0.6090550680429576,0.3909449319570424,0.16903724854763902,0.8962539377233878,-6.302999999999997,-1
SNLNDRO_1_N001,2026-07-13,21,test,2.4299488585968096,0.6155572724704661,0.3844427275295339,0.17133616879894337,0.8312906653774412,-11.345400000000005,-1
SNLNDRO_1_N001,2026-07-13,22,test,2.146782064560865,0.6332446228389724,0.3667553771610276,0.20826671710250028,0.9386515873109342,-8.1875,-1
SNLNDRO_1_N001,2026-07-13,23,test,2.7966543729688156,0.6141587040125916,0.38584129598740835,0.21241022451048253,0.7050481798042401,0.08870000000000289,1
SNLNDRO_1_N001,2026-07-13,24,test,1.7756373644164198,0.6039128705093544,0.3960871294906456,0.1905603643776046,0.8417941781370606,8.1451,1
SNLNDRO_1_N001,2026-07-14,1,test,2.0568651935942306,0.6080744466988539,0.3919255533011461,0.20222328458482502,0.8735230446213221,8.437099999999994,1
SNLNDRO_1_N001,2026-07-14,2,test,1.6596847763564497,0.6036274416114384,0.39637255838856156,0.1969237878233874,0.7127804119464665,0.6303999999999945,1
SNLNDRO_1_N001,2026-07-14,3,test,1.50268355696638,0.6017674294127809,0.39823257058721906,0.19135645158293282,0.6781853658199418,-0.9092999999999947,-1
SNLNDRO_1_N001,2026-07-14,4,test,1.6530601675711538,0.5937695936251082,0.40623040637489183,0.20138756811718164,0.6056030757907507,-0.5885000000000034,-1
SNLNDRO_1_N001,2026-07-14,5,test,1.6530601675711538,0.5937695936251082,0.40623040637489183,0.1998486348667461,0.6167984642960205,0.44300000000000495,1
SNLNDRO_1_N001,2026-07-14,6,test,1.6530601675711538,0.5983661850392529,0.4016338149607471,0.19235849858120063,0.6953828606618602,-1.1696000000000026,-1
SNLNDRO_1_N001,2026-07-14,7,test,1.6164324801484375,0.5752243753218628,0.42477562467813723,0.15318780193151288,0.7810774139483161,1.540300000000002,1
SNLNDRO_1_N001,2026-07-14,8,test,0.5708206553454208,0.5727392701654739,0.4272607298345261,0.10086147947944356,0.8717087015786437,2.0122,1
SNLNDRO_1_N001,2026-07-14,9,test,0.10915298964144,0.5533270945140988,0.4466729054859012,0.05743112035195962,0.9702643684765093,5.596499999999999,1
SNLNDRO_1_N001,2026-07-14,10,test,-0.8838443383915177,0.5154803489131183,0.48451965108688166,0.04066174559378591,0.8542083507677674,6.6358999999999995,1
SNLNDRO_1_N001,2026-07-14,11,test,-0.3909473425195519,0.500792654770291,0.499207345229709,0.01234543614928836,0.7862803104937652,7.310500000000005,1
SNLNDRO_1_N001,2026-07-14,12,test,0.02957703069834017,0.500792654770291,0.499207345229709,0.0016795103429422264,0.7463226480810372,5.807299999999998,1
SNLNDRO_1_N001,2026-07-14,13,test,0.34568260813006896,0.4998791270581394,0.5001208729418606,0.010790161255026885,0.9173616439753602,14.8568,1
SNLNDRO_1_N001,2026-07-14,14,test,1.844837897881855,0.500792654770291,0.499207345229709,0.043870213581943894,0.9626444752597748,-1.373199999999997,-1
SNLNDRO_1_N001,2026-07-14,15,test,2.3198421182433804,0.5084072125508587,0.49159278744914126,0.0644326802069359,0.9956315561891509,-5.767899999999997,-1
SNLNDRO_1_N001,2026-07-14,16,test,2.5552755264309366,0.5216417935781484,0.47835820642185156,0.08701257676904713,0.896886278533399,-9.9206,-1
SNLNDRO_1_N001,2026-07-14,17,test,3.043319867206711,0.552069562923145,0.447930437076855,0.12768772872964007,0.7806675528065058,-8.907500000000006,-1
SNLNDRO_1_N001,2026-07-14,18,test,3.4952779802298988,0.5643808530409905,0.4356191469590095,0.14281113741147972,0.878963546259834,1.015500000000003,1
SNLNDRO_1_N001,2026-07-14,19,test,3.671174175634004,0.5936033198252143,0.4063966801747857,0.19530486562385127,0.8417124606731555,9.232200000000006,1
SNLNDRO_1_N001,2026-07-14,20,test,3.5136666828904883,0.6071440034177895,0.3928559965822105,0.19936796078257918,0.7933516045133924,2.052199999999999,1
SNLNDRO_1_N001,2026-07-14,21,test,3.4823094095339675,0.6200277320858887,0.3799722679141113,0.19501664561234214,0.9437469791614299,-0.13830000000000098,-1
SNLNDRO_1_N001,2026-07-14,22,test,4.128035218145352,0.6207286708299347,0.37927132917006534,0.20132429315421502,0.8861848222389362,1.141300000000001,1
SNLNDRO_1_N001,2026-07-14,23,test,3.587802298686768,0.6200277320858887,0.3799722679141113,0.2282780840997815,0.8550007487628837,1.7969000000000008,1
SNLNDRO_1_N001,2026-07-14,24,test,3.4823094095339675,0.6200277320858887,0.3799722679141113,0.2453013486691093,0.9660985748169277,0.5805999999999969,1
SNLNDRO_1_N001,2026-07-15,1,test,2.118763793614591,0.6213642476016535,0.37863575239834646,0.22875099260617465,0.7542174958935599,3.6970000000000027,1
SNLNDRO_1_N001,2026-07-15,2,test,2.1063779574413988,0.6213642476016535,0.37863575239834646,0.2350012156576783,0.7055518525778633,2.9070000000000036,1
SNLNDRO_1_N001,2026-07-15,3,test,2.165831568705679,0.6174404426761356,0.3825595573238644,0.2386357185453727,0.6669159160189659,3.5559999999999974,1
SNLNDRO_1_N001,2026-07-15,4,test,2.3901700613370527,0.6179251095895306,0.3820748904104694,0.26664029373146797,0.5672937347345323,4.283000000000001,1
SNLNDRO_1_N001,2026-07-15,5,test,2.427551119574294,0.6091958692420518,0.3908041307579482,0.25383977306415395,0.5992487542948064,3.0427000000000035,1
SNLNDRO_1_N001,2026-07-15,6,test,2.211127776258425,0.5880619687793741,0.4119380312206259,0.19277414151959343,0.8128745277435179,2.7931000000000026,1
SNLNDRO_1_N001,2026-07-15,7,test,2.130415046957129,0.590081731086207,0.409918268913793,0.19311132895200397,0.7327193910849845,7.391799999999996,1
SNLNDRO_1_N001,2026-07-15,8,test,2.1948607059485585,0.5718385823155752,0.42816141768442484,0.15770564789438996,0.8742405065449559,3.4658999999999978,1
SNLNDRO_1_N001,2026-07-15,9,test,2.222230098870051,0.5590688336316239,0.44093116636837615,0.12310814235695966,0.9140683233859614,1.081000000000003,1
SNLNDRO_1_N001,2026-07-15,10,test,1.6875225035966765,0.5176267300186862,0.4823732699813138,0.07342060671598347,0.8578821976572811,-0.14820000000000277,-1
SNLNDRO_1_N001,2026-07-15,11,test,1.5488835748402863,0.5149790356448106,0.4850209643551894,0.05648705959041298,0.9235312721015473,-4.5172000000000025,-1
SNLNDRO_1_N001,2026-07-15,12,test,2.2529645895582178,0.5152528095616467,0.48474719043835335,0.07370458264509192,0.9276740857527919,-19.799200000000006,-1
SNLNDRO_1_N001,2026-07-15,13,test,2.219970824273407,0.5149790356448106,0.4850209643551894,0.07249718940965327,0.9256169929515983,-13.109499999999997,-1
SNLNDRO_1_N001,2026-07-15,14,test,2.5028549751021063,0.5228569513026115,0.47714304869738855,0.08380518122144026,0.8855286521709862,-5.994399999999999,-1
SNLNDRO_1_N001,2026-07-15,15,test,2.3635942987830734,0.5276104591687315,0.4723895408312685,0.09678040535931924,0.8886874621999473,-14.544800000000002,-1
SNLNDRO_1_N001,2026-07-15,16,test,2.6545421152494186,0.5389055047301489,0.46109449526985113,0.10833976513408149,0.8108754150647948,-18.497400000000006,-1
SNLNDRO_1_N001,2026-07-15,17,test,2.864013038542945,0.5661121305879555,0.4338878694120445,0.14302702701867215,0.9914983687748289,-5.513799999999996,-1
SNLNDRO_1_N001,2026-07-15,18,test,3.326107331709552,0.5821656363102182,0.4178343636897818,0.1605908451391774,0.8368377937100281,-11.270599999999995,-1
SNLNDRO_1_N001,2026-07-15,19,test,3.8407360962734485,0.6047441700551952,0.3952558299448048,0.20614008963434322,0.8208603742700897,8.7984,1
SNLNDRO_1_N001,2026-07-15,20,test,3.531552292841094,0.6159799957075769,0.3840200042924231,0.19469381525373639,0.9469174362354882,3.7057000000000073,1
SNLNDRO_1_N001,2026-07-15,21,test,3.7077050776208287,0.6251506110885303,0.3748493889114697,0.20807056290599363,0.9511937225028679,-2.101099999999988,-1
SNLNDRO_1_N001,2026-07-15,22,test,3.9291333711658227,0.6258478022909497,0.3741521977090503,0.21276383699993584,0.9871966183258184,2.796599999999998,1
SNLNDRO_1_N001,2026-07-15,23,test,3.552118432463776,0.6251506110885303,0.3748493889114697,0.23031367503599454,0.840228355497472,1.9094999999999942,1
SNLNDRO_1_N001,2026-07-15,24,test,3.374019410666836,0.6287511367150536,0.37124886328494644,0.26858348156656997,0.8593655095499754,2.9025999999999996,1
SNLNDRO_1_N001,2026-07-16,1,test,1.7526867501014958,0.6146273959204314,0.38537260407956864,0.2089384073890076,0.7575481483784182,3.605800000000002,1
SNLNDRO_1_N001,2026-07-16,2,test,1.7670118883113854,0.6146273959204314,0.38537260407956864,0.21156849339321326,0.7382019320665633,3.315899999999999,1
SNLNDRO_1_N001,2026-07-16,3,test,1.6073917000717963,0.6077242085367704,0.39227579146322955,0.19527431034976905,0.7608716224187612,4.931400000000004,1
SNLNDRO_1_N001,2026-07-16,4,test,1.5288872865350518,0.6077242085367704,0.39227579146322955,0.19737392673768012,0.7031636254843776,2.0899999999999963,1
SNLNDRO_1_N001,2026-07-16,5,test,1.4219317396065014,0.6077242085367704,0.39227579146322955,0.1932569713344624,0.6923274867393517,2.2043000000000035,1
SNLNDRO_1_N001,2026-07-16,6,test,1.7486152037933098,0.6090944184116468,0.3909055815883532,0.20448170743557992,0.7402161562839854,2.979300000000002,1
SNLNDRO_1_N001,2026-07-16,7,test,1.5889950155537207,0.6119286652263383,0.38807133477366174,0.19990428116933454,0.7350906260555636,6.197099999999999,1
SNLNDRO_1_N001,2026-07-16,8,test,1.14104411670018,0.5968196777140484,0.4031803222859516,0.1491904271050988,0.9273055255735799,1.0268999999999977,1
SNLNDRO_1_N001,2026-07-16,9,test,1.14104411670018,0.5965727749824281,0.4034272250175719,0.14302544252515648,0.9282721267297624,0.7987000000000037,1
SNLNDRO_1_N001,2026-07-16,10,test,0.9287666258632995,0.5583516414751469,0.44164835852485307,0.09739960220469088,0.913534386476887,3.1622999999999983,1
SNLNDRO_1_N001,2026-07-16,11,test,0.7600713419083532,0.5583516414751469,0.44164835852485307,0.09074987932207479,0.9140501476431758,-0.1961999999999975,-1
SNLNDRO_1_N001,2026-07-16,12,test,0.8572858100281288,0.561370479658156,0.438629520341844,0.09629166976202189,0.9513143923976899,-1.904199999999996,-1
SNLNDRO_1_N001,2026-07-16,13,test,0.8572858100281288,0.561370479658156,0.438629520341844,0.09568730641744982,0.9487122678190686,-2.7856000000000023,-1
SNLNDRO_1_N001,2026-07-16,14,test,1.2715077227268987,0.561370479658156,0.438629520341844,0.11112021158228905,0.95883339785919,-3.4414000000000016,-1
SNLNDRO_1_N001,2026-07-16,15,test,1.34298853856207,0.5622700426860588,0.43772995731394115,0.12533764354914834,0.861419478601206,1.4335000000000022,1
SNLNDRO_1_N001,2026-07-16,16,test,2.0216859621093244,0.5616403575780423,0.4383596424219577,0.14166165808892398,0.9646678440398465,0.40619999999999834,1
SNLNDRO_1_N001,2026-07-16,17,test,2.5089126836823197,0.6044027940768011,0.3955972059231989,0.17920424298857832,0.893202575677422,0.5848999999999975,1
SNLNDRO_1_N001,2026-07-16,18,test,3.1423041441411375,0.6077568229368775,0.3922431770631225,0.22019313073016727,0.8880249950422829,1.8118999999999943,1
SNLNDRO_1_N001,2026-07-16,19,test,3.4968147191163985,0.6208142292194836,0.3791857707805164,0.22607960083505182,0.8753179773276684,-1.7542999999999935,-1
SNLNDRO_1_N001,2026-07-16,20,test,3.6582082627359496,0.6166457317366533,0.38335426826334673,0.23074136795888878,0.8656492500572728,0.9140999999999977,1
SNLNDRO_1_N001,2026-07-16,21,test,3.5743432291499673,0.6209445877570369,0.37905541224296313,0.23084864108019434,0.8696916548546078,3.1096000000000004,1
SNLNDRO_1_N001,2026-07-16,22,test,3.292301939019858,0.633837932550209,0.36616206744979096,0.24065344543282957,0.9968689864691397,3.1372,1
SNLNDRO_1_N001,2026-07-16,23,test,3.1201811484078545,0.6211700389546295,0.3788299610453705,0.25752932752950597,0.7739960540488087,9.4805,1
SNLNDRO_1_N001,2026-07-16,24,test,2.8543045997975187,0.6208142292194836,0.3791857707805164,0.25086327433535716,0.8022888024230215,5.2719999999999985,1
SNLNDRO_1_N001,2026-07-17,1,test,2.4665005245182225,0.6228298155615555,0.3771701844384445,0.23139729560361827,0.8883666967718299,1.5112000000000023,1
SNLNDRO_1_N001,2026-07-17,2,test,2.364779972262303,0.6228298155615555,0.3771701844384445,0.22856020138956284,0.8860522844143885,0.40630000000000166,1
SNLNDRO_1_N001,2026-07-17,3,test,2.109132430310825,0.62018388352098,0.37981611647902,0.22606927496194795,0.78879737423985,-0.8678999999999988,-1
SNLNDRO_1_N001,2026-07-17,4,test,2.1674878520619547,0.62018388352098,0.37981611647902,0.23864773922685517,0.7014256043587498,-0.21049999999999613,-1
SNLNDRO_1_N001,2026-07-17,5,test,2.1674878520619547,0.6155343444512258,0.3844656555487742,0.23469723079754534,0.696033340550518,-0.33089999999999975,-1
SNLNDRO_1_N001,2026-07-17,6,test,2.3028087899704475,0.6181927261767234,0.3818072738232766,0.2334145486333567,0.7679239596139853,-0.5176999999999978,-1
SNLNDRO_1_N001,2026-07-17,7,test,1.9145933196244087,0.6140133277206072,0.38598667227939276,0.21117741602612644,0.717478610246816,4.418700000000001,1
SNLNDRO_1_N001,2026-07-17,8,test,1.647743284702902,0.5985868060968509,0.4014131939031491,0.16396107975748325,0.9240241399733659,3.0915000000000035,1
SNLNDRO_1_N001,2026-07-17,9,test,1.559720422911331,0.5965326112451974,0.4034673887548026,0.15201567343642425,0.9487314781375159,4.332200000000004,1
SNLNDRO_1_N001,2026-07-17,10,test,1.2916021495230725,0.5452843680629492,0.4547156319370508,0.09085295983241476,0.966992276825672,2.1661,1
SNLNDRO_1_N001,2026-07-17,11,test,1.370737299615406,0.541433816293635,0.45856618370636504,0.08952741089813705,0.9669566472617275,4.2989999999999995,1
SNLNDRO_1_N001,2026-07-17,12,test,1.984438868685979,0.5334393697711314,0.4665606302288686,0.09872459673746956,0.982212748964748,4.618500000000001,1
SNLNDRO_1_N001,2026-07-17,13,test,2.292297329281444,0.541433816293635,0.45856618370636504,0.11156214608002522,0.9818032256458348,2.5661000000000023,1
SNLNDRO_1_N001,2026-07-17,14,test,2.256458720972573,0.5389407531702857,0.46105924682971433,0.11099618501681396,0.9939768000147546,3.217100000000002,1
SNLNDRO_1_N001,2026-07-17,15,test,2.983364884934437,0.5479648794574443,0.4520351205425557,0.1454763192853905,0.9853469087158041,7.264900000000001,1
SNLNDRO_1_N001,2026-07-17,16,test,2.9440713007378334,0.5470596001806568,0.4529403998193432,0.13400066198128358,0.9905281397833575,9.126000000000001,1
SNLNDRO_1_N001,2026-07-17,17,test,2.0975580869574233,0.5825481370466397,0.41745186295336034,0.1524712775036578,0.9000304583667633,9.8871,1
SNLNDRO_1_N001,2026-07-17,18,test,2.849266763563695,0.5810316180170143,0.4189683819829857,0.1668023582707061,0.9824587390014057,14.100999999999999,1
SNLNDRO_1_N001,2026-07-17,19,test,3.082144838175734,0.6050018713807901,0.3949981286192099,0.21026036584613061,0.9760654067548085,12.204799999999999,1
SNLNDRO_1_N001,2026-07-17,20,test,4.376808791982938,0.6117469251474553,0.3882530748525447,0.2736756866236961,0.8123922515475331,10.927,1
SNLNDRO_1_N001,2026-07-17,21,test,4.837108901775217,0.6245730424662996,0.37542695753370037,0.2667399685372097,0.9951348934718207,10.128099999999996,1
SNLNDRO_1_N001,2026-07-17,22,test,4.687391755781947,0.62527066398249,0.37472933601751,0.24612541935894602,0.8561335609981586,10.384,1
SNLNDRO_1_N001,2026-07-17,23,test,4.3564309805614725,0.6219843721378948,0.3780156278621052,0.25482840312423277,0.9028175622786663,8.083199999999998,1
SNLNDRO_1_N001,2026-07-17,24,test,3.7526851627789144,0.6246560665786844,0.37534393342131556,0.24321838770270565,0.8996070289059063,8.308799999999998,1
SNLNDRO_1_N001,2026-07-18,1,test,1.9211967208575877,0.619953639588323,0.38004636041167705,0.21384095511084258,0.8350002194184909,6.246699999999997,1
SNLNDRO_1_N001,2026-07-18,2,test,1.8825763974948824,0.619953639588323,0.38004636041167705,0.22299907055075968,0.7286849416234817,5.813900000000004,1
SNLNDRO_1_N001,2026-07-18,3,test,1.801538356525098,0.6172999283762057,0.38270007162379427,0.23160527594622704,0.610795322033194,1.433800000000005,1
SNLNDRO_1_N001,2026-07-18,4,test,1.782932304738033,0.6081960873344302,0.3918039126655698,0.22149719301324733,0.6114328335801767,2.5553000000000026,1
SNLNDRO_1_N001,2026-07-18,5,test,1.6863034776462529,0.6039773623798418,0.3960226376201582,0.2043395223342322,0.6161367948725845,2.3241999999999976,1
SNLNDRO_1_N001,2026-07-18,6,test,1.8639703457078176,0.6182898950731822,0.3817101049268178,0.22919588165566668,0.6526101917185313,-1.0618999999999943,-1
SNLNDRO_1_N001,2026-07-18,7,test,1.9790929622011537,0.6094338324663906,0.3905661675336094,0.23200513383832821,0.5505268712978606,0.7423000000000002,1
SNLNDRO_1_N001,2026-07-18,8,test,1.4575187786203543,0.5918045860018689,0.4081954139981311,0.16861706485772288,0.67610683955432,-30.860400000000002,-1
SNLNDRO_1_N001,2026-07-18,9,test,0.4615911484322018,0.583571015020224,0.416428984979776,0.1042509006179729,0.8166281921880809,-36.9397,-1
SNLNDRO_1_N001,2026-07-18,10,test,-0.2708996613734345,0.5351667809645066,0.46483321903549335,0.04728396817858923,0.8206066294513052,-150.79510000000002,-1
SNLNDRO_1_N001,2026-07-18,11,test,-0.7271046452891715,0.5251762105988189,0.4748237894011811,0.05661809700908759,0.8290610066575026,-140.7184,-1
SNLNDRO_1_N001,2026-07-18,12,test,-1.6844694538395892,0.5223435159943608,0.4776564840056392,0.08757106565442394,0.8473841495557113,-161.9168,-1
SNLNDRO_1_N001,2026-07-18,13,test,-1.318168661412369,0.5239915292781449,0.47600847072185515,0.07744164856753916,0.812346838189188,-147.9672,-1
SNLNDRO_1_N001,2026-07-18,14,test,-0.5134906725415436,0.5251762105988189,0.4748237894011811,0.04797733613016658,0.8222623141595282,-171.4163,-1
SNLNDRO_1_N001,2026-07-18,15,test,-0.9868292835791675,0.5261865320010786,0.47381346799892143,0.06858151183953794,0.8402281790339524,26.9947,1
SNLNDRO_1_N001,2026-07-18,16,test,-0.8120299899881943,0.5314026929605834,0.4685973070394166,0.06435106776904473,0.8562134524437409,17.276999999999997,1
SNLNDRO_1_N001,2026-07-18,17,test,-0.877679415279328,0.5608867660594415,0.43911323394055846,0.09556886733832154,0.860031692184261,11.875599999999999,1
SNLNDRO_1_N001,2026-07-18,18,test,0.7479463684046121,0.5727007438250763,0.4272992561749237,0.10403153808963501,0.8406133650951955,8.451800000000002,1
SNLNDRO_1_N001,2026-07-18,19,test,1.4839470073251888,0.5917648476421811,0.40823515235781893,0.14536761394027242,0.7033804041562262,7.439100000000003,1
SNLNDRO_1_N001,2026-07-18,20,test,2.716368541567133,0.6174399394805948,0.38256006051940517,0.2368364654348506,0.7822326780140589,4.118200000000002,1
SNLNDRO_1_N001,2026-07-18,21,test,2.892266449852637,0.6194555929239868,0.3805444070760132,0.24234491441169118,0.7352787072685734,5.249199999999995,1
SNLNDRO_1_N001,2026-07-18,22,test,2.552910736992525,0.6365360727692484,0.3634639272307516,0.23471325335566567,0.8306729052597582,3.2265000000000015,1
SNLNDRO_1_N001,2026-07-18,23,test,2.8777743514802925,0.6236121860459075,0.3763878139540925,0.250282570703246,0.8380453477884173,-0.7188000000000017,-1
SNLNDRO_1_N001,2026-07-18,24,test,2.841935743171421,0.6194555929239868,0.3805444070760132,0.2549632211507338,0.75967183907389,2.3271000000000015,1
SNLNDRO_1_N001,2026-07-19,1,test,1.841326962412115,0.6153671005588178,0.3846328994411822,0.22843040539902432,0.6331757521971847,12.374100000000006,1
SNLNDRO_1_N001,2026-07-19,2,test,1.668285012652056,0.6062590883349107,0.3937409116650893,0.21864907075883347,0.5781130296702068,12.035200000000003,1
SNLNDRO_1_N001,2026-07-19,3,test,1.4051108014494442,0.6029508168494926,0.3970491831505074,0.22875145028596494,0.4199580520287735,8.246499999999997,1
SNLNDRO_1_N001,2026-07-19,4,test,1.5658012646895734,0.6002733096496182,0.3997266903503818,0.21019870868281648,0.5582919704911552,9.048500000000004,1
SNLNDRO_1_N001,2026-07-19,5,test,1.6255880159598672,0.6002733096496182,0.3997266903503818,0.2148450816455144,0.5017890536078713,7.195299999999996,1
SNLNDRO_1_N001,2026-07-19,6,test,1.778038918892757,0.6045736314239041,0.3954263685760959,0.22658017889319293,0.5497404531861576,9.373399999999997,1
SNLNDRO_1_N001,2026-07-19,7,test,1.5126253205298674,0.6063353110454925,0.39366468895450746,0.20794735161825792,0.5357455866196623,2.6342,1
SNLNDRO_1_N001,2026-07-19,8,test,0.6497557626451281,0.5815882757029992,0.4184117242970008,0.12353794041623087,0.5973583648376068,4.126000000000001,1
SNLNDRO_1_N001,2026-07-19,9,test,0.016145339056485186,0.5594125943205817,0.44058740567941834,0.060113696056380755,0.8816108898021618,12.539500000000004,1
SNLNDRO_1_N001,2026-07-19,10,test,-1.406473701215125,0.5117190809166406,0.48828091908335935,0.0603146992917619,0.9872923469658846,19.356500000000004,1
SNLNDRO_1_N001,2026-07-19,11,test,-2.1484791153214147,0.49351247216111865,0.5064875278388814,0.07798290002960137,0.9730927095753005,13.839299999999998,1
SNLNDRO_1_N001,2026-07-19,12,test,-2.09025895149754,0.49351247216111865,0.5064875278388814,0.07613224750111042,0.9714746312528542,15.884100000000004,1
SNLNDRO_1_N001,2026-07-19,13,test,-1.7864989362932384,0.48874832579661465,0.5112516742033854,0.06928850996401531,0.9777921495095995,13.681600000000003,1
SNLNDRO_1_N001,2026-07-19,14,test,-2.205336313746909,0.4910079115746207,0.5089920884253794,0.08056048488965578,0.9795956254449167,13.623599999999996,1
SNLNDRO_1_N001,2026-07-19,15,test,-2.0461234646998383,0.514780279953351,0.48521972004664904,0.08676870158283657,0.9026855643666108,16.7915,1
SNLNDRO_1_N001,2026-07-19,16,test,-2.136434762556697,0.5036386159463033,0.4963613840536967,0.0712962616418097,0.9983341138987702,20.747799999999998,1
SNLNDRO_1_N001,2026-07-19,17,test,-1.1528399289629345,0.5525119834723368,0.44748801652766323,0.09890246105698361,0.820560956988799,8.316200000000002,1
SNLNDRO_1_N001,2026-07-19,18,test,-0.9840925418191265,0.5643801325738363,0.43561986742616365,0.09873065751778272,0.6849577244490216,10.993900000000004,1
SNLNDRO_1_N001,2026-07-19,19,test,0.4896680238669237,0.5917321018349371,0.4082678981650629,0.11015087995611082,0.6833462380493336,8.302700000000002,1
SNLNDRO_1_N001,2026-07-19,20,test,2.0696686438495564,0.6115832468199728,0.3884167531800272,0.20190208190215508,0.8260936341152055,4.615000000000002,1
SNLNDRO_1_N001,2026-07-19,21,test,1.807784799169816,0.6217225089872794,0.37827749101272057,0.19212228874052062,0.6269819111925693,6.200499999999998,1
SNLNDRO_1_N001,2026-07-19,22,test,1.8923805008206256,0.6059057962498421,0.3940942037501579,0.17066324845408573,0.9890824322545492,1.188600000000001,1
SNLNDRO_1_N001,2026-07-19,23,test,1.936191441206879,0.617080175696037,0.382919824303963,0.22165291497916983,0.7054042572121891,-12.631699999999995,-1
SNLNDRO_1_N001,2026-07-19,24,test,2.1103677726497208,0.6175871258046125,0.3824128741953875,0.23540083845010135,0.6803376074068732,-15.015,-1
SNLNDRO_1_N001,2026-07-20,1,test,2.648878657498258,0.666195529508687,0.333804470491313,0.2839307695686951,0.7064257735219167,-8.8309,-1
SNLNDRO_1_N001,2026-07-20,2,test,2.648878657498258,0.6475709189828162,0.35242908101718384,0.26117958350027687,0.7399879890528275,-4.381299999999996,-1
SNLNDRO_1_N001,2026-07-20,3,test,2.51896060898625,0.6416885890907018,0.3583114109092982,0.24311912002752673,0.8130240403972927,-0.5542000000000016,-1
SNLNDRO_1_N001,2026-07-20,4,test,2.614081623555757,0.6416885890907018,0.3583114109092982,0.2559771864800409,0.7246451689233849,-2.8446,-1
SNLNDRO_1_N001,2026-07-20,5,test,2.614081623555757,0.6416885890907018,0.3583114109092982,0.2573355144564592,0.7136119183284887,-12.002299999999998,-1
SNLNDRO_1_N001,2026-07-20,6,test,2.7671103559059804,0.6501339664025244,0.3498660335974756,0.2634501647822942,0.7681481816465248,-19.748000000000005,-1
SNLNDRO_1_N001,2026-07-20,7,test,2.7671103559059804,0.6457231468820784,0.35427685311792156,0.24168579367536341,0.7433190870683207,-11.001599999999996,-1
SNLNDRO_1_N001,2026-07-20,8,test,3.3243498701801832,0.6391183948398901,0.3608816051601099,0.21413837724886847,0.9000314202379077,-3.0108999999999995,-1
SNLNDRO_1_N001,2026-07-20,9,test,4.441212952624103,0.6054197607248564,0.39458023927514363,0.2047775383071201,0.6717671520985423,-1.5497000000000014,-1
SNLNDRO_1_N001,2026-07-20,10,test,5.070130503849824,0.6361245500717917,0.3638754499282083,0.19929340692908845,0.569467463642366,-0.09480000000000643,-1
SNLNDRO_1_N001,2026-07-20,11,test,4.944204722977928,0.6293236959332034,0.37067630406679664,0.18978242086011626,0.5731165303878193,7.618099999999998,1
SNLNDRO_1_N001,2026-07-20,12,test,4.944204722977928,0.6170918552137468,0.38290814478625324,0.1763097923667137,0.586776744494065,-1.066600000000001,-1
SNLNDRO_1_N001,2026-07-20,13,test,4.866025979696874,0.6134444527569547,0.3865555472430453,0.17209638186529438,0.5838202637655626,-73.6189,-1
SNLNDRO_1_N001,2026-07-20,14,test,5.092192134101923,0.6288662081331551,0.3711337918668449,0.188656077590983,0.5910414309010515,-1.8571999999999917,-1
SNLNDRO_1_N001,2026-07-20,15,test,4.001986657548613,0.5604917637019211,0.4395082362980789,0.14758858535971642,0.859725166581488,-9.324599999999997,-1
SNLNDRO_1_N001,2026-07-20,16,test,4.076722651019024,0.5621066883220669,0.4378933116779331,0.1426699112962064,0.9981618699111244,-18.150800000000004,-1
SNLNDRO_1_N001,2026-07-20,17,test,3.411167885326397,0.5936430593073497,0.40635694069265027,0.1574988600290002,0.9196720006107012,-19.774700000000003,-1
SNLNDRO_1_N001,2026-07-20,18,test,4.028531441155937,0.5979149033983574,0.4020850966016426,0.18861861008082642,0.8549085640160681,-25.404300000000006,-1
SNLNDRO_1_N001,2026-07-20,19,test,4.638706981886866,0.6300039684831472,0.3699960315168528,0.2291820478404521,0.9689953062522622,-23.443000000000005,-1
SNLNDRO_1_N001,2026-07-20,20,test,3.952729002559197,0.6355840170287064,0.36441598297129363,0.22496680955150325,0.9472842563976843,-23.842799999999997,-1
SNLNDRO_1_N001,2026-07-20,21,test,4.611990251768167,0.6650826951952155,0.33491730480478454,0.27803501747884946,0.8488377278629612,-23.652599999999993,-1
SNLNDRO_1_N001,2026-07-20,22,test,4.425130439317027,0.6548419879049352,0.3451580120950648,0.24380543164556776,0.9393863249600066,-32.210800000000006,-1
SNLNDRO_1_N001,2026-07-20,23,test,4.0687234234276195,0.6653950698475225,0.3346049301524775,0.2984572862834477,0.8255868808156035,-14.2684,-1
SNLNDRO_1_N001,2026-07-20,24,test,3.9695492773619505,0.6688138241706278,0.33118617582937215,0.30513822649845057,0.7791995451400268,-1.7188999999999979,-1
SNLNDRO_1_N001,2026-07-21,1,test,1.6740350680097342,0.6363989302021446,0.36360106979785545,0.24550365042540623,0.5869566708310732,3.936300000000003,1
SNLNDRO_1_N001,2026-07-21,2,test,1.494179116619784,0.6363989302021446,0.36360106979785545,0.24063194753606335,0.5700487954332704,6.599899999999998,1
SNLNDRO_1_N001,2026-07-21,3,test,1.6783463922235258,0.6363989302021446,0.36360106979785545,0.25274912360364354,0.556063762024035,2.1611000000000047,1
SNLNDRO_1_N001,2026-07-21,4,test,1.5817175651317457,0.6325924880209748,0.3674075119790252,0.2376936413256435,0.5453208802120502,-0.8385000000000034,-1
SNLNDRO_1_N001,2026-07-21,5,test,1.6968401816250822,0.6325924880209748,0.3674075119790252,0.24500918089317048,0.5878280680189503,-2.3104000000000013,-1
SNLNDRO_1_N001,2026-07-21,6,test,1.6968401816250822,0.6363989302021446,0.36360106979785545,0.24102577956401572,0.6403090087319419,-4.7734999999999985,-1
SNLNDRO_1_N001,2026-07-21,7,test,1.2967481962606233,0.6252310729140714,0.37476892708592857,0.20190585863240207,0.647123599048746,6.1175,1
SNLNDRO_1_N001,2026-07-21,8,test,0.14839706507840983,0.5888726854263324,0.4111273145736676,0.09351468089625643,0.818198809093439,1.2251000000000047,1
SNLNDRO_1_N001,2026-07-21,9,test,0.1573341830259543,0.6012809328651626,0.3987190671348374,0.10637132279368472,0.7707400744842301,6.138999999999996,1
SNLNDRO_1_N001,2026-07-21,10,test,0.5605189261424627,0.5634816878134856,0.4365183121865144,0.08211051667465583,0.6161515902780755,0.6685000000000016,1
SNLNDRO_1_N001,2026-07-21,11,test,0.2134443102354619,0.5376742991214345,0.4623257008785655,0.04467891936811361,0.6671489444319555,13.957200000000007,1
SNLNDRO_1_N001,2026-07-21,12,test,0.4676266811574209,0.5376742991214345,0.4623257008785655,0.05107141274567348,0.6888612661699384,16.9155,1
SNLNDRO_1_N001,2026-07-21,13,test,0.9379509258677025,0.5376742991214345,0.4623257008785655,0.06218338384196628,0.738013472910676,21.1913,1
SNLNDRO_1_N001,2026-07-21,14,test,1.1475937633133884,0.5376742991214345,0.4623257008785655,0.06749088467285716,0.6686662765987678,5.874200000000002,1
SNLNDRO_1_N001,2026-07-21,15,test,1.5312350640691281,0.5515430427505312,0.44845695724946877,0.10777876390579941,0.7448270759092804,2.9821999999999917,1
SNLNDRO_1_N001,2026-07-21,16,test,1.7827275299259275,0.5578264503503296,0.44217354964967037,0.11926309302440924,0.7510908353888615,-5.989399999999989,-1
SNLNDRO_1_N001,2026-07-21,17,test,0.4468853059104407,0.5887791224275428,0.4112208775724572,0.10532561021582576,0.8326481095506221,2.4324000000000012,1
SNLNDRO_1_N001,2026-07-21,18,test,1.556164504459892,0.5916324278117108,0.40836757218828923,0.13451506177590297,0.7883839220271702,-29.5116,-1
SNLNDRO_1_N001,2026-07-21,19,test,5.145640660093236,0.6153778229433441,0.3846221770566559,0.22814018145606052,0.9246513611500086,-48.485600000000005,-1
SNLNDRO_1_N001,2026-07-21,20,test,6.04313165068695,0.6264980627511642,0.37350193724883585,0.25797272626656526,0.9864390997010158,-59.06000000000002,-1
SNLNDRO_1_N001,2026-07-21,21,test,5.585989422996997,0.635566105488699,0.36443389451130104,0.252428835386828,0.9837183075059521,-42.7201,-1
SNLNDRO_1_N001,2026-07-21,22,test,5.691482312149798,0.6246030076541575,0.37539699234584245,0.27004278957142,0.9319552663057156,-12.839100000000002,-1
SNLNDRO_1_N001,2026-07-21,23,test,4.803017308758374,0.6302004796387777,0.3697995203612223,0.2870576172126187,0.8216082940952038,-10.761100000000013,-1
SNLNDRO_1_N001,2026-07-21,24,test,4.1005549049575105,0.6302004796387777,0.3697995203612223,0.28100846898364434,0.7446832479562687,0.0,0
SNLNDRO_1_N001,2026-07-22,1,test,2.5413862046630116,0.6259932312483344,0.3740067687516656,0.24638013693815963,0.6144017758433522,-5.417999999999999,-1
SNLNDRO_1_N001,2026-07-22,2,test,2.3384848949086536,0.6259932312483344,0.3740067687516656,0.25492918485417104,0.5717948430735157,-11.640099999999997,-1
SNLNDRO_1_N001,2026-07-22,3,test,2.3271972482486114,0.6259932312483344,0.3740067687516656,0.2571388623382909,0.5708767472300816,-6.892699999999998,-1
SNLNDRO_1_N001,2026-07-22,4,test,2.385552669999741,0.6259932312483344,0.3740067687516656,0.26282702364442057,0.5522161851385774,-1.5538000000000025,-1
SNLNDRO_1_N001,2026-07-22,5,test,2.677615403841507,0.6235810781313048,0.3764189218686952,0.27180042614546696,0.5226627285515789,0.4614000000000047,1
SNLNDRO_1_N001,2026-07-22,6,test,3.105608131929933,0.6271876890025965,0.37281231099740353,0.26154394272411374,0.5831219652982068,0.343599999999995,1
SNLNDRO_1_N001,2026-07-22,7,test,3.2457147009598097,0.6220882211941542,0.3779117788058458,0.2724336678418853,0.5885098951832792,2.439299999999996,1
SNLNDRO_1_N001,2026-07-22,8,test,2.741368631193956,0.5997798909465951,0.4002201090534049,0.2014587174085197,0.7204704503894239,-0.04010000000000247,-1
SNLNDRO_1_N001,2026-07-22,9,test,3.1079842873700834,0.6060432420444857,0.3939567579555143,0.20957464848432572,0.6744032550011383,-8.955100000000002,-1
SNLNDRO_1_N001,2026-07-22,10,test,3.6174533094234804,0.5844229306221359,0.4155770693778641,0.2031844522812532,0.6020505388925719,-1.8178999999999945,-1
SNLNDRO_1_N001,2026-07-22,11,test,4.202453057612536,0.5671915942960357,0.4328084057039643,0.19534254726251257,0.5926551929755759,-3.0853000000000037,-1
SNLNDRO_1_N001,2026-07-22,12,test,4.766005794307401,0.5748973290394195,0.4251026709605805,0.21377372276236603,0.606388967635552,1.8620000000000019,1
SNLNDRO_1_N001,2026-07-22,13,test,4.440847267906277,0.5750053568687022,0.42499464313129776,0.15237410969602144,0.5622138764101186,4.1526,1
SNLNDRO_1_N001,2026-07-22,14,test,5.033438156037314,0.5748973290394195,0.4251026709605805,0.21449351923330404,0.6664665873709813,28.9767,1
SNLNDRO_1_N001,2026-07-22,15,test,4.290152128110574,0.5586444562097633,0.44135554379023667,0.1588979087052972,0.9574672555375605,18.796800000000005,1
SNLNDRO_1_N001,2026-07-22,16,test,4.455352640433926,0.5586444562097633,0.44135554379023667,0.17162974763786712,0.8547939229444901,-3.8625000000000043,-1
SNLNDRO_1_N001,2026-07-22,17,test,3.6653557605294096,0.5870969841118586,0.4129030158881414,0.18907250561588596,0.8420796723287296,-2.1779999999999973,-1
SNLNDRO_1_N001,2026-07-22,18,test,4.47202849699551,0.5830343534146603,0.41696564658533974,0.19902472352641615,0.8862875920397277,0.4555000000000007,1
SNLNDRO_1_N001,2026-07-22,19,test,5.441753050373316,0.6044088365939929,0.3955911634060071,0.23868170743787176,0.8541329396126396,5.986199999999997,1
SNLNDRO_1_N001,2026-07-22,20,test,5.52090081772853,0.6119989520535206,0.3880010479464794,0.22139754739807221,0.8132939866068716,3.3009999999999877,1
SNLNDRO_1_N001,2026-07-22,21,test,5.332164939723689,0.6260178134965841,0.37398218650341586,0.23063757309990895,0.8247080803779578,4.50800000000001,1
SNLNDRO_1_N001,2026-07-22,22,test,5.536429922138773,0.6208295149909971,0.37917048500900286,0.22676807118703698,0.8661265159501893,19.053299999999993,1
SNLNDRO_1_N001,2026-07-22,23,test,4.743485501251303,0.6261219287595492,0.3738780712404508,0.2653480566421389,0.753991519671287,14.721100000000007,1
SNLNDRO_1_N001,2026-07-22,24,test,3.888356567853297,0.6261219287595492,0.3738780712404508,0.2675904255858573,0.6520265248749153,14.924500000000002,1
SNLNDRO_1_N001,2026-07-23,1,test,1.8899677700466615,0.6315165149538223,0.3684834850461777,0.22217046464403145,0.6743539508892127,6.0638000000000005,1
SNLNDRO_1_N001,2026-07-23,2,test,1.8200025271424447,0.6315165149538223,0.3684834850461777,0.227589456892061,0.6607125857473827,5.0242,1
SNLNDRO_1_N001,2026-07-23,3,test,1.6196352609994822,0.6279269380965956,0.3720730619034044,0.2177159842583778,0.6386693825184033,5.705399999999997,1
SNLNDRO_1_N001,2026-07-23,4,test,1.6474908537715365,0.6219806808501983,0.3780193191498017,0.21222261061590114,0.6524544669138584,3.2034999999999982,1
SNLNDRO_1_N001,2026-07-23,5,test,1.8362267317763767,0.6181282523927663,0.38187174760723375,0.2175194990705681,0.6455154726417979,4.119,1
SNLNDRO_1_N001,2026-07-23,6,test,1.9840811442279334,0.6181282523927663,0.38187174760723375,0.20289767404949055,0.6792591538793852,5.8352,1
SNLNDRO_1_N001,2026-07-23,7,test,2.008738405147285,0.6315165149538223,0.3684834850461777,0.22959830825548,0.6618280779064956,6.737200000000001,1
SNLNDRO_1_N001,2026-07-23,8,test,2.08910148693423,0.6198379831423216,0.38016201685767836,0.2026704150001818,0.7103404542046983,12.9575,1
SNLNDRO_1_N001,2026-07-23,9,test,1.7094194570459225,0.6076757350192458,0.39232426498075423,0.16366675191266697,0.7310232601959832,5.784799999999997,1
SNLNDRO_1_N001,2026-07-23,10,test,2.935599935368092,0.5859010455355352,0.41409895446446476,0.17578258745097086,0.6727256815027702,10.7376,1
SNLNDRO_1_N001,2026-07-23,11,test,2.3055269328857766,0.5673528088920924,0.4326471911079076,0.14258960667446424,0.6492282834701141,5.804000000000002,1
SNLNDRO_1_N001,2026-07-23,12,test,2.3055269328857766,0.5822148092872383,0.41778519071276166,0.12781958930033124,0.8871239988807141,18.4196,1
SNLNDRO_1_N001,2026-07-23,13,test,3.1147445694181584,0.6102738329804561,0.3897261670195439,0.17746944831702738,0.9333521736485014,12.584,1
SNLNDRO_1_N001,2026-07-23,14,test,3.130496682841772,0.5822148092872383,0.41778519071276166,0.15752981131959204,0.938647220125058,13.1177,1
SNLNDRO_1_N001,2026-07-23,15,test,2.0274667988503383,0.5647150262744195,0.4352849737255805,0.11695867612809971,0.9293297170966486,12.537499999999998,1
SNLNDRO_1_N001,2026-07-23,16,test,1.9382111338905386,0.5644455733100174,0.43555442668998257,0.1018600049029498,0.8157691325592001,-0.12939999999999685,-1
SNLNDRO_1_N001,2026-07-23,17,test,1.152590242425341,0.5857644156343357,0.4142355843656643,0.11009914730614209,0.9920880835082188,5.448900000000002,1
SNLNDRO_1_N001,2026-07-23,18,test,1.7409859624175117,0.5800668879734324,0.4199331120265676,0.11558037265608266,0.9221077177881054,5.845500000000001,1
SNLNDRO_1_N001,2026-07-23,19,test,4.73053832782866,0.5970147579465664,0.40298524205343356,0.17822423141472754,0.9878870345582021,8.938099999999999,1
SNLNDRO_1_N001,2026-07-23,20,test,5.0127586414274665,0.6083279991496141,0.3916720008503859,0.20031746695259467,0.9014254569878613,-1.492999999999995,-1
SNLNDRO_1_N001,2026-07-23,21,test,5.0127586414274665,0.6244751222975476,0.37552487770245235,0.24325775360701055,0.8419522677572375,2.3448000000000064,1
SNLNDRO_1_N001,2026-07-23,22,test,4.946286602575462,0.6194310620024623,0.38056893799753766,0.22900841580439985,0.9677018828570979,13.278800000000004,1
SNLNDRO_1_N001,2026-07-23,23,test,4.254667308215143,0.6250593590594169,0.3749406409405831,0.25872888398522387,0.7422323078125035,7.4238,1
SNLNDRO_1_N001,2026-07-23,24,test,3.63908862715764,0.6211344918698178,0.37886550813018216,0.2458636314945401,0.7289776461411456,8.462200000000003,1
SNLNDRO_1_N001,2026-07-24,1,test,2.4055255188008395,0.6252792193873938,0.37472078061260616,0.24465977095938662,0.7016314808413032,-12.627099999999999,-1
SNLNDRO_1_N001,2026-07-24,2,test,2.241309046122714,0.6211298513049492,0.37887014869505076,0.23533470762839787,0.6382964808035473,-3.6689000000000007,-1
SNLNDRO_1_N001,2026-07-24,3,test,2.142559444278013,0.6198527271197818,0.3801472728802182,0.23377417727783,0.6836127172421073,-6.026999999999994,-1
SNLNDRO_1_N001,2026-07-24,4,test,2.012098026560433,0.6198527271197818,0.3801472728802182,0.2302195726491641,0.7052179792203397,-10.559799999999996,-1
SNLNDRO_1_N001,2026-07-24,5,test,1.6786061684117175,0.6198527271197818,0.3801472728802182,0.22239252892484201,0.65377017763677,-12.127499999999998,-1
SNLNDRO_1_N001,2026-07-24,6,test,2.1476895941720784,0.6198527271197818,0.3801472728802182,0.21694560958385617,0.7031397102844327,-13.858400000000003,-1
SNLNDRO_1_N001,2026-07-24,7,test,1.8641917542536193,0.6247458149874576,0.3752541850125424,0.22010383524328755,0.715013616965319,-2.716799999999999,-1
SNLNDRO_1_N001,2026-07-24,8,test,1.891244332612462,0.6171677966149883,0.38283220338501167,0.1973084600172788,0.728936603524173,-1.6252999999999957,-1
SNLNDRO_1_N001,2026-07-24,9,test,1.2839808920920912,0.6006799333767688,0.39932006662323116,0.1457114979522162,0.9210057417990207,-5.696100000000001,-1
SNLNDRO_1_N001,2026-07-24,10,test,1.3837937916007954,0.580567603758442,0.41943239624155804,0.13528630953078727,0.7215532104974468,-18.698,-1
SNLNDRO_1_N001,2026-07-24,11,test,1.2710753306285227,0.553511268713031,0.446488731286969,0.10125250987581669,0.7186187588261586,-10.679700000000004,-1
SNLNDRO_1_N001,2026-07-24,12,test,1.3697220445155653,0.5742575574896339,0.4257424425103661,0.12088996676384417,0.7047781918479059,-12.843899999999998,-1
SNLNDRO_1_N001,2026-07-24,13,test,1.3697220445155653,0.5742575574896339,0.4257424425103661,0.12391768285717941,0.6573889972150534,-26.318600000000004,-1
SNLNDRO_1_N001,2026-07-24,14,test,1.394813340819815,0.5768261770447115,0.4231738229552885,0.129213870568074,0.6772029264553977,-22.637100000000004,-1
SNLNDRO_1_N001,2026-07-24,15,test,-0.09887710754660188,0.5627922772408913,0.4372077227591087,0.06565822985441283,0.8343218431522478,-25.415099999999995,-1
SNLNDRO_1_N001,2026-07-24,16,test,0.7125360961791055,0.5415760004390279,0.45842399956097213,0.058954076801488606,0.7733221031503975,-27.632700000000007,-1
SNLNDRO_1_N001,2026-07-24,17,test,0.6214393168520511,0.576297410019659,0.42370258998034105,0.09636187146681614,0.9365142225993152,-25.761799999999994,-1
SNLNDRO_1_N001,2026-07-24,18,test,1.9953367415066199,0.5771999800884621,0.4228000199115379,0.12186310621441845,0.7704503250200871,-25.977899999999998,-1
SNLNDRO_1_N001,2026-07-24,19,test,3.3017233839958022,0.594182607054477,0.405817392945523,0.17106058650881356,0.8310870973137453,-11.669300000000007,-1
SNLNDRO_1_N001,2026-07-24,20,test,3.3856520421124485,0.6169525185058532,0.3830474814941468,0.21661721866234432,0.901189692496974,-113.412,-1
SNLNDRO_1_N001,2026-07-24,21,test,3.3856520421124485,0.6217136769904966,0.3782863230095034,0.22394250294193158,0.9098550097292945,-20.496399999999994,-1
SNLNDRO_1_N001,2026-07-24,22,test,3.481443329483627,0.6164281792758372,0.38357182072416285,0.20614475845490207,0.8999845834728378,-16.4307,-1
SNLNDRO_1_N001,2026-07-24,23,test,3.111022364306728,0.6222989791349011,0.37770102086509894,0.2201288546819573,0.9946242928024338,-3.583199999999998,-1
SNLNDRO_1_N001,2026-07-24,24,test,2.7864122795230504,0.6277115248160858,0.37228847518391417,0.23303819923918961,0.8488697157495211,4.3777999999999935,1
SNLNDRO_1_N001,2026-07-25,1,test,2.332986622348762,0.6363637788677501,0.3636362211322499,0.26835292316011544,0.6094196598837818,10.3566,1
SNLNDRO_1_N001,2026-07-25,2,test,2.4168516559347437,0.6361420732809255,0.36385792671907446,0.2697216592227097,0.5900242707003072,-6.235700000000001,-1
SNLNDRO_1_N001,2026-07-25,3,test,2.0928700828840667,0.6322649665142352,0.36773503348576475,0.27864904764207216,0.5079902147440951,2.9114000000000004,1
SNLNDRO_1_N001,2026-07-25,4,test,2.1365477111266706,0.6222617727739852,0.3777382272260148,0.25638619548160746,0.5856164540689409,0.3247999999999962,1
SNLNDRO_1_N001,2026-07-25,5,test,1.9104327424487044,0.6225571910659261,0.3774428089340739,0.2412991812012411,0.5628481094351572,3.5309000000000026,1
SNLNDRO_1_N001,2026-07-25,6,test,1.613221788017685,0.6183960765958059,0.38160392340419413,0.20156493290689914,0.6844281432667132,0.08210000000000406,1
SNLNDRO_1_N001,2026-07-25,7,test,2.2219221574535934,0.6270894107864852,0.37291058921351483,0.25517620034012933,0.5828171317624945,-1.045099999999998,-1
SNLNDRO_1_N001,2026-07-25,8,test,1.1720762142956391,0.6112914747538553,0.38870852524614474,0.1661432643035475,0.7122600229786207,2.6092000000000013,1
SNLNDRO_1_N001,2026-07-25,9,test,0.7532653367650385,0.5963528715455556,0.4036471284544444,0.13257113178217178,0.6987130089707281,0.048799999999999955,1
SNLNDRO_1_N001,2026-07-25,10,test,0.6484609844628285,0.550931668110016,0.44906833188998396,0.08057475000761682,0.6793462675585885,2.3630999999999958,1
SNLNDRO_1_N001,2026-07-25,11,test,0.3761831471491427,0.5413762181031573,0.4586237818968427,0.058386463285684115,0.6554820040399699,-0.5945999999999998,-1
SNLNDRO_1_N001,2026-07-25,12,test,0.3761831471491427,0.5459950828393025,0.45400491716069746,0.06364577741788606,0.6308604262997106,-3.4063000000000017,-1
SNLNDRO_1_N001,2026-07-25,13,test,0.3761831471491427,0.5507163022895613,0.44928369771043875,0.061225754075273524,0.9504609066621624,-0.136099999999999,-1
SNLNDRO_1_N001,2026-07-25,14,test,0.23405254050587396,0.5528053305372597,0.44719466946274034,0.06008972403017914,0.9476654603677942,0.05339999999999634,1
SNLNDRO_1_N001,2026-07-25,15,test,-0.32334312196115944,0.5532478637110565,0.4467521362889435,0.06230723931305346,0.8069499780927836,4.642900000000001,1
SNLNDRO_1_N001,2026-07-25,16,test,-0.5214103880736258,0.5435295660594637,0.4564704339405363,0.05853264785255898,0.8442322309920663,-0.947499999999998,-1
SNLNDRO_1_N001,2026-07-25,17,test,0.29599337837793266,0.57839574398889,0.42160425601110996,0.08662070444353562,0.8059962267902968,11.178700000000003,1
SNLNDRO_1_N001,2026-07-25,18,test,0.5261338626718897,0.5795305557895449,0.42046944421045507,0.09434840731892727,0.8359779332496395,4.274499999999996,1
SNLNDRO_1_N001,2026-07-25,19,test,2.68771153413098,0.5914768118003565,0.4085231881996435,0.14435401635682807,0.9031615203151038,10.925400000000003,1
SNLNDRO_1_N001,2026-07-25,20,test,4.741262867818459,0.6162695296584209,0.38373047034157914,0.21622536098508188,0.9196230526224174,30.3366,1
SNLNDRO_1_N001,2026-07-25,21,test,4.741262867818459,0.6322871551197926,0.3677128448802074,0.2703359837444599,0.6770026733397176,40.208,1
SNLNDRO_1_N001,2026-07-25,22,test,4.160209931283197,0.628170184333887,0.37182981566611295,0.23076371731071998,0.9405120062065334,22.9178,1
SNLNDRO_1_N001,2026-07-25,23,test,3.8322074885106607,0.6337456560536938,0.3662543439463062,0.24927048353915487,0.7723279134055193,14.191500000000005,1
SNLNDRO_1_N001,2026-07-25,24,test,3.9933803890791597,0.6390893016328654,0.36091069836713463,0.2897016684535132,0.7204101037705818,12.608000000000004,1
SNLNDRO_1_N001,2026-07-26,1,test,2.4573775062511864,0.6247091353212358,0.37529086467876416,0.22848475172013616,0.651223682877133,8.832400000000007,1
SNLNDRO_1_N001,2026-07-26,2,test,2.2810186314123206,0.6247091353212358,0.37529086467876416,0.23888101275528398,0.584819236566128,9.050599999999996,1
SNLNDRO_1_N001,2026-07-26,3,test,2.407932102761993,0.6247091353212358,0.37529086467876416,0.24854600179743724,0.6214430534677204,2.9273999999999987,1
SNLNDRO_1_N001,2026-07-26,4,test,2.407932102761993,0.6202040283296136,0.37979597167038637,0.2493776475871527,0.5873160332594255,4.091299999999997,1
SNLNDRO_1_N001,2026-07-26,5,test,2.2810186314123206,0.6202040283296136,0.37979597167038637,0.23913052179689898,0.5764171966803747,3.102899999999998,1
SNLNDRO_1_N001,2026-07-26,6,test,3.1931928873989857,0.6245807227271986,0.37541927727280144,0.2580230116477129,0.5925389050409688,9.7864,1
SNLNDRO_1_N001,2026-07-26,7,test,2.3817552693136084,0.626990301790638,0.37300969820936203,0.23685353076885468,0.5815030503447151,6.811699999999995,1
SNLNDRO_1_N001,2026-07-26,8,test,2.8068621976787314,0.6063519935552016,0.39364800644479836,0.21394040455013125,0.6044544856294981,5.470199999999998,1
SNLNDRO_1_N001,2026-07-26,9,test,3.8050447529442906,0.5861287399687128,0.41387126003128716,0.19770310901455412,0.6780382270744343,0.5358000000000018,1
SNLNDRO_1_N001,2026-07-26,10,test,4.957681497229481,0.576310659216378,0.42368934078362197,0.15674914071885504,0.5520667590959105,3.261800000000001,1
SNLNDRO_1_N001,2026-07-26,11,test,5.1102775191647964,0.5469339754988122,0.4530660245011878,0.18498654991577823,0.6367351032373694,-1.727299999999996,-1
SNLNDRO_1_N001,2026-07-26,12,test,4.991786348930371,0.5690601520869821,0.43093984791301787,0.15031937001960566,0.5475648376541051,-3.0970000000000013,-1
SNLNDRO_1_N001,2026-07-26,13,test,5.693584845120597,0.5690601520869821,0.43093984791301787,0.158045198091195,0.5412311543021175,-1.7255000000000003,-1
SNLNDRO_1_N001,2026-07-26,14,test,5.53495248156204,0.5693756019828956,0.4306243980171044,0.14401200141786044,0.54580607293204,8.533099999999997,1
SNLNDRO_1_N001,2026-07-26,15,test,3.9346396138696935,0.5601548888572266,0.43984511114277336,0.17013122542398568,0.6943520960750287,2.342399999999998,1
SNLNDRO_1_N001,2026-07-26,16,test,4.198486840080088,0.5578976319915208,0.44210236800847924,0.17007173784898816,0.7223040741749298,3.829100000000004,1
SNLNDRO_1_N001,2026-07-26,17,test,3.7336484865766955,0.5751833559313974,0.42481664406860264,0.18717472119262052,0.70826681409505,8.700800000000001,1
SNLNDRO_1_N001,2026-07-26,18,test,4.3317397683708565,0.5780633932954228,0.4219366067045772,0.18565972093916783,0.7694735117828833,19.474499999999995,1
SNLNDRO_1_N001,2026-07-26,19,test,3.9931935233227565,0.6081912521435718,0.39180874785642816,0.2165839890091425,0.7069698165807229,25.4677,1
SNLNDRO_1_N001,2026-07-26,20,test,4.272935481259598,0.6308928935739208,0.36910710642607925,0.2536309982753973,0.6619484014459818,33.4081,1
SNLNDRO_1_N001,2026-07-26,21,test,3.988722549223462,0.6235830388098144,0.37641696119018564,0.23303115375881578,0.6974839832897403,21.5841,1
SNLNDRO_1_N001,2026-07-26,22,test,3.7895007459445105,0.6231797277318994,0.37682027226810055,0.2059835753475247,0.9256087610742056,16.202199999999998,1
SNLNDRO_1_N001,2026-07-26,23,test,3.441021080493641,0.6286634127150295,0.37133658728497054,0.236061945218845,0.808785245963623,-3.160199999999996,-1
SNLNDRO_1_N001,2026-07-26,24,test,2.93069786551149,0.6274708747182323,0.37252912528176774,0.22307842884719783,0.799561914412419,-4.521799999999999,-1
SNLNDRO_1_N001,2026-07-27,1,test,2.9098606709988397,0.6332407114800789,0.3667592885199211,0.2558764332087564,0.7218363396319019,11.671700000000001,1
SNLNDRO_1_N001,2026-07-27,2,test,2.3665938426582924,0.62808469656311,0.37191530343689005,0.24618304928710558,0.6647782385681906,0.5330999999999975,1
SNLNDRO_1_N001,2026-07-27,3,test,2.628420298215409,0.6378803489549336,0.3621196510450664,0.28411391163929556,0.5986479010450557,-0.9984999999999999,-1
SNLNDRO_1_N001,2026-07-27,4,test,2.651603001845512,0.6248121145531293,0.37518788544687065,0.2769362358457992,0.6019933611078965,-2.2744,-1
SNLNDRO_1_N001,2026-07-27,5,test,2.032582313788189,0.6245875208939229,0.3754124791060771,0.23800001864371434,0.6206615845530422,-4.735500000000002,-1
SNLNDRO_1_N001,2026-07-27,6,test,2.7159587467273703,0.6296568787032698,0.3703431212967302,0.24704631557839202,0.6711686958152508,-6.049900000000001,-1
SNLNDRO_1_N001,2026-07-27,7,test,2.8184122091187116,0.64142873465701,0.35857126534299,0.28272610438120116,0.6467180980118776,4.981899999999996,1
SNLNDRO_1_N001,2026-07-27,8,test,1.2685160361995131,0.6186321435296709,0.3813678564703291,0.17984564340083847,0.7379231170056243,3.3344999999999985,1
SNLNDRO_1_N001,2026-07-27,9,test,0.8438555784186705,0.596493164498101,0.40350683550189903,0.1285506302575375,0.9539285150650941,4.566499999999998,1
SNLNDRO_1_N001,2026-07-27,10,test,0.4232910401524575,0.5672789487110683,0.4327210512889317,0.0830648684380555,0.7988590085494733,3.035199999999996,1
SNLNDRO_1_N001,2026-07-27,11,test,-0.4122967672319089,0.5472078077415777,0.45279219225842227,0.0624021657463158,0.8185628814844089,2.6206999999999994,1
SNLNDRO_1_N001,2026-07-27,12,test,0.06547293667418919,0.5567280719705301,0.4432719280294699,0.05921502491803746,0.8149961063778735,-0.3130000000000024,-1
SNLNDRO_1_N001,2026-07-27,13,test,0.06547293667418919,0.5538542774368842,0.4461457225631158,0.056149161106067394,0.745594503455853,3.655000000000001,1
SNLNDRO_1_N001,2026-07-27,14,test,-0.1281525307252455,0.5567280719705301,0.4432719280294699,0.061082758716420285,0.7854963703621958,4.194299999999998,1
SNLNDRO_1_N001,2026-07-27,15,test,-0.31874251464086045,0.5473655941686827,0.4526344058313173,0.0588638339134071,0.9268486129232534,-5.747800000000005,-1
SNLNDRO_1_N001,2026-07-27,16,test,-0.2069244734832497,0.5548287151909518,0.4451712848090482,0.06234715272775056,0.927701535274666,1.0660999999999987,1
SNLNDRO_1_N001,2026-07-27,17,test,0.11818361420407157,0.5863518447127044,0.4136481552872956,0.09001777916178835,0.812766289004727,11.220199999999998,1
SNLNDRO_1_N001,2026-07-27,18,test,1.3414381478918633,0.5892102414616994,0.4107897585383006,0.13339325433497587,0.9075919537914775,-2.6570000000000036,-1
SNLNDRO_1_N001,2026-07-27,19,test,1.9547365627626254,0.6060397189245617,0.39396028107543835,0.16903619004507742,0.8988584699295742,12.376100000000001,1
SNLNDRO_1_N001,2026-07-27,20,test,3.4423682345650866,0.6056179450537221,0.39438205494627787,0.19571867768191417,0.843275546147656,8.676599999999993,1
SNLNDRO_1_N001,2026-07-27,21,test,3.6401716038994456,0.6332628753602962,0.36673712463970376,0.2209034539589168,0.8139685739293032,8.588799999999992,1
SNLNDRO_1_N001,2026-07-27,22,test,3.6016695933892002,0.6292727521306967,0.37072724786930333,0.2105909282621816,0.9306867911448574,-1.2058999999999997,-1
SNLNDRO_1_N001,2026-07-27,23,test,3.7650251498090324,0.6349418168961304,0.3650581831038696,0.25403129468598595,0.8816272851087829,13.4422,1
SNLNDRO_1_N001,2026-07-27,24,test,3.0906445460235963,0.643815927087455,0.35618407291254495,0.25169370325123047,0.8857986105339027,6.496000000000002,1
SNLNDRO_1_N001,2026-07-28,1,test,1.4705544193726658,0.6375562792582541,0.3624437207417459,0.2058276177548519,0.6983020935311441,3.4904999999999973,1
SNLNDRO_1_N001,2026-07-28,2,test,1.5175234994165607,0.6375562792582541,0.3624437207417459,0.22337721012887618,0.5941995564586077,-1.093200000000003,-1
SNLNDRO_1_N001,2026-07-28,3,test,1.5175234994165607,0.6322029984442642,0.3677970015557358,0.23077936297706858,0.6209272039224388,0.11420000000000385,1
SNLNDRO_1_N001,2026-07-28,4,test,1.3218951538925765,0.6283782805781227,0.3716217194218773,0.21691459855878542,0.6172799658931829,3.765100000000004,1
SNLNDRO_1_N001,2026-07-28,5,test,1.082186500369956,0.6242426067654787,0.3757573932345213,0.19059229640795122,0.6228608205974002,2.4709000000000003,1
SNLNDRO_1_N001,2026-07-28,6,test,0.8623514008594179,0.6325290958255716,0.3674709041744284,0.17850906806576894,0.6444627410996377,4.955199999999998,1
SNLNDRO_1_N001,2026-07-28,7,test,1.431646201255653,0.64142873465701,0.35857126534299,0.22383303559468787,0.6557704791814949,4.851600000000005,1
SNLNDRO_1_N001,2026-07-28,8,test,0.7313959328938017,0.6226941386736494,0.3773058613263506,0.164489619147409,0.6461972205218518,7.5852,1
SNLNDRO_1_N001,2026-07-28,9,test,0.360297235976857,0.5756528137227206,0.4243471862772794,0.08988700382784405,0.9804134095379832,6.082499999999996,1
SNLNDRO_1_N001,2026-07-28,10,test,-0.16327603036956667,0.542189208646688,0.45781079135331204,0.04777955719302387,0.8282982765846736,18.4257,1
SNLNDRO_1_N001,2026-07-28,11,test,-1.0532351701447846,0.5318622297379455,0.4681377702620545,0.06331712302083518,0.9266967548717641,18.7659,1
SNLNDRO_1_N001,2026-07-28,12,test,-0.21536439067378801,0.5417068906233201,0.4582931093766799,0.04826511337551273,0.9147168353102475,19.7028,1
SNLNDRO_1_N001,2026-07-28,13,test,-0.754574574219473,0.5417068906233201,0.4582931093766799,0.06704379065209162,0.6848916859218246,22.221200000000003,1
SNLNDRO_1_N001,2026-07-28,14,test,0.24616112479832483,0.5455297092770243,0.45447029072297573,0.05370354671122586,0.7950389647726759,21.442699999999995,1
SNLNDRO_1_N001,2026-07-28,15,test,-0.7959720623869889,0.5441711661047189,0.45582883389528106,0.07212841655380604,0.7861274367839404,14.354999999999997,1
SNLNDRO_1_N001,2026-07-28,16,test,-1.1758558568710786,0.5550994281917594,0.4449005718082406,0.09566615637382946,0.7613658643874329,3.8109000000000037,1
SNLNDRO_1_N001,2026-07-28,17,test,-0.28660596175661585,0.5865841722969827,0.4134158277030173,0.09666701018120064,0.8039476210073045,4.768499999999996,1
SNLNDRO_1_N001,2026-07-28,18,test,0.6979132102337139,0.5894420877216869,0.41055791227831306,0.11179534885525386,0.8352766044755917,1.5331000000000046,1
SNLNDRO_1_N001,2026-07-28,19,test,2.0483791905717,0.6122886100673707,0.3877113899326293,0.166148034652449,0.7574019896598272,8.569400000000002,1
SNLNDRO_1_N001,2026-07-28,20,test,4.104040064662273,0.6222088436165177,0.37779115638348226,0.22982172565927478,0.7055920772451154,18.096700000000006,1
SNLNDRO_1_N001,2026-07-28,21,test,4.2674480236840004,0.6353454567484919,0.36465454325150815,0.23579322405633601,0.7196722949074934,13.839999999999996,1
SNLNDRO_1_N001,2026-07-28,22,test,4.228946013173755,0.6367232725132886,0.36327672748671136,0.2417830055522097,0.9119155220334774,7.8382000000000005,1
SNLNDRO_1_N001,2026-07-28,23,test,3.144652897389942,0.6349418168961304,0.3650581831038696,0.24443422046760993,0.7703023678494357,10.663699999999999,1
SNLNDRO_1_N001,2026-07-28,24,test,3.1068830192370904,0.6402779164653961,0.3597220835346039,0.2696801266348599,0.6975787243115197,13.878599999999999,1
SNLNDRO_1_N001,2026-07-29,1,test,2.0909649883754318,0.6172881496480968,0.38271185035190325,0.22072665535212665,0.6280742703443268,21.9142,1
SNLNDRO_1_N001,2026-07-29,2,test,1.9290760668086941,0.6176452302815345,0.3823547697184655,0.2287030544603869,0.5953030550256062,13.980800000000002,1
SNLNDRO_1_N001,2026-07-29,3,test,1.6647321196846299,0.6079732643691734,0.3920267356308266,0.20302038029017636,0.7126643463796765,10.130399999999995,1
SNLNDRO_1_N001,2026-07-29,4,test,1.7785919063186955,0.6105003550943032,0.3894996449056968,0.2316099762727207,0.5524184938635015,6.0345999999999975,1
SNLNDRO_1_N001,2026-07-29,5,test,1.678049485800307,0.6105003550943032,0.3894996449056968,0.2164089265622777,0.5735086051604372,11.2945,1
SNLNDRO_1_N001,2026-07-29,6,test,1.7785919063186955,0.6121767551509077,0.38782324484909225,0.20387307258895127,0.6202383756003444,15.401600000000002,1
SNLNDRO_1_N001,2026-07-29,7,test,1.7302004687525363,0.6172881496480968,0.38271185035190325,0.22678933446402894,0.6094738472159572,21.125300000000003,1
SNLNDRO_1_N001,2026-07-29,8,test,1.146996410755927,0.6077462707745896,0.39225372922541035,0.17501348139910633,0.6547300620130566,7.287500000000001,1
SNLNDRO_1_N001,2026-07-29,9,test,0.9505416144770854,0.5959746480810416,0.4040253519189584,0.14357521606310922,0.7922671023468225,6.8461,1
SNLNDRO_1_N001,2026-07-29,10,test,0.5282655108937039,0.5380723461432285,0.4619276538567715,0.06408032832410741,0.6571113916232875,6.171400000000002,1
SNLNDRO_1_N001,2026-07-29,11,test,1.082839740607807,0.5206132679039674,0.47938673209603255,0.06356918115930374,0.783674637911439,7.289899999999999,1
SNLNDRO_1_N001,2026-07-29,12,test,1.2546696231668888,0.5206132679039674,0.47938673209603255,0.06771440521474476,0.8079053564060517,0.6451999999999956,1
SNLNDRO_1_N001,2026-07-29,13,test,1.3621405561862896,0.5364887649995345,0.46351123500046554,0.08368983443845787,0.8610742273001823,-0.13129999999999598,-1
SNLNDRO_1_N001,2026-07-29,14,test,1.4352598276643909,0.5611130246678167,0.43888697533218335,0.12468089032421444,0.6443811202471864,-4.257600000000004,-1
SNLNDRO_1_N001,2026-07-29,15,test,1.7596285856214102,0.5643714037817577,0.43562859621824235,0.14677349292095865,0.6708103218888435,-1.8899000000000044,-1
SNLNDRO_1_N001,2026-07-29,16,test,1.748260674430935,0.5690459366796284,0.43095406332037156,0.14585230469353694,0.7449447914274311,-3.0868000000000038,-1
SNLNDRO_1_N001,2026-07-29,17,test,1.980749132313014,0.6101939427639066,0.3898060572360934,0.18071822829091522,0.9339261992780223,3.4172999999999973,1
SNLNDRO_1_N001,2026-07-29,18,test,3.1270151723668054,0.6180479539706175,0.3819520460293825,0.2025189803245167,0.8250731422764678,6.245599999999996,1
SNLNDRO_1_N001,2026-07-29,19,test,4.218994398935675,0.6234845599384329,0.3765154400615671,0.22324469583504766,0.8800946809694132,19.9983,1
SNLNDRO_1_N001,2026-07-29,20,test,4.396567252424529,0.6189612037345028,0.3810387962654972,0.21760397172688017,0.7037831550678955,33.136799999999994,1
SNLNDRO_1_N001,2026-07-29,21,test,4.396567252424529,0.6199394290276924,0.3800605709723076,0.22168103765368746,0.774199230870037,23.692200000000007,1
SNLNDRO_1_N001,2026-07-29,22,test,4.358065241914285,0.6259289523440715,0.37407104765592847,0.22709272458485813,0.9543533630355906,30.432499999999997,1
SNLNDRO_1_N001,2026-07-29,23,test,3.825612314724776,0.6238440081351395,0.3761559918648605,0.2741296111735637,0.6816166390756082,23.0398,1
SNLNDRO_1_N001,2026-07-29,24,test,3.6440339715930445,0.6298666428102125,0.37013335718978746,0.28844426129596157,0.6743153412391195,18.685299999999998,1
SNLNDRO_1_N001,2026-07-30,1,test,2.097038484483679,0.6380140846629262,0.3619859153370738,0.2492466224915021,0.6168608954727087,2.036999999999999,1
SNLNDRO_1_N001,2026-07-30,2,test,1.7121511381918146,0.6303433176111447,0.3696566823888553,0.23526900208381404,0.5971119115709022,4.342399999999998,1
SNLNDRO_1_N001,2026-07-30,3,test,1.5936970306183433,0.6303433176111447,0.3696566823888553,0.23357293229714352,0.6154826663550468,0.38980000000000103,1
SNLNDRO_1_N001,2026-07-30,4,test,1.8250735647666088,0.6249461728302173,0.37505382716978275,0.2469019341065209,0.5684546156975749,2.1600000000000037,1
SNLNDRO_1_N001,2026-07-30,5,test,1.9357226971167865,0.6164459190584499,0.3835540809415501,0.22815983146065194,0.5881271367683619,2.5732,1
SNLNDRO_1_N001,2026-07-30,6,test,2.133551232559311,0.6203192412602262,0.3796807587397738,0.23702836233062907,0.6014508062463753,6.3729999999999976,1
SNLNDRO_1_N001,2026-07-30,7,test,1.8941903009405687,0.6293413038812828,0.37065869611871716,0.23620516649971454,0.6295089542134519,10.061900000000001,1
SNLNDRO_1_N001,2026-07-30,8,test,1.7497090179863113,0.6203192412602262,0.3796807587397738,0.20938045343610695,0.6669875905867099,4.949799999999996,1
SNLNDRO_1_N001,2026-07-30,9,test,1.0762746182015681,0.6107932744209975,0.3892067255790025,0.16363963352688504,0.7441904980367257,3.209600000000002,1
SNLNDRO_1_N001,2026-07-30,10,test,0.446092483300228,0.5706810380184796,0.4293189619815204,0.0918676459639077,0.7274163866649606,11.063400000000001,1
SNLNDRO_1_N001,2026-07-30,11,test,-0.363656638646784,0.5589625168361595,0.4410374831638405,0.07681776153904729,0.7085271176370026,7.3553999999999995,1
SNLNDRO_1_N001,2026-07-30,12,test,0.10563834868644664,0.5526823074230768,0.4473176925769232,0.05801014498875571,0.7076873222241771,3.7926999999999964,1
SNLNDRO_1_N001,2026-07-30,13,test,0.562105050838682,0.5682962790229037,0.4317037209770963,0.09645245611512315,0.6679779758941925,5.3598,1
SNLNDRO_1_N001,2026-07-30,14,test,0.6303069121039232,0.5638523526059477,0.4361476473940523,0.09377889951706106,0.6963006439584103,5.7841999999999985,1
SNLNDRO_1_N001,2026-07-30,15,test,0.46345833695163935,0.5599750295375535,0.4400249704624465,0.0842369382770996,0.6741646994547411,2.6940000000000026,1
SNLNDRO_1_N001,2026-07-30,16,test,-0.44435377670737597,0.5542769691167542,0.44572303088324583,0.07214211482382361,0.9059145587367238,-0.20340000000000202,-1
SNLNDRO_1_N001,2026-07-30,17,test,-0.5012739579667049,0.5947767909652353,0.4052232090347647,0.11773127989660001,0.7853855141626941,4.493299999999998,1
SNLNDRO_1_N001,2026-07-30,18,test,1.1667035257965022,0.5908508363177501,0.40914916368224985,0.12623156306328948,0.633401400917531,7.397099999999995,1
SNLNDRO_1_N001,2026-07-30,19,test,2.892654527678362,0.6145142199901366,0.38548578000986344,0.1916970053117919,0.6562524997535195,7.467099999999995,1
SNLNDRO_1_N001,2026-07-30,20,test,4.319219759056836,0.622380194816412,0.37761980518358795,0.23202589508062682,0.6130514919939253,22.284699999999994,1
SNLNDRO_1_N001,2026-07-30,21,test,4.436662746468627,0.6309266376894274,0.36907336231057264,0.24825062980539336,0.5895001630401667,16.204099999999997,1
SNLNDRO_1_N001,2026-07-30,22,test,4.339907027362242,0.6322973797681262,0.36770262023187383,0.23409424258596162,0.8198833986178999,18.4897,1
SNLNDRO_1_N001,2026-07-30,23,test,3.160689558392627,0.6329685401345061,0.3670314598654939,0.28549459323416526,0.611888267143805,17.7742,1
SNLNDRO_1_N001,2026-07-30,24,test,2.9589232954013305,0.6319694877125871,0.3680305122874129,0.28799145028610895,0.5943401653193927,10.0347,1
SNLNDRO_1_N001,2026-07-31,1,test,2.6068397602564635,0.6343756435586284,0.3656243564413716,0.25450514327818624,0.6872122008378907,6.171399999999998,1
SNLNDRO_1_N001,2026-07-31,2,test,2.406472494113501,0.6309173371892226,0.3690826628107774,0.2852361820054281,0.4934905708294758,4.673699999999997,1
SNLNDRO_1_N001,2026-07-31,3,test,2.406472494113501,0.6309173371892226,0.3690826628107774,0.3046434499293243,0.450352934986745,4.8308000000000035,1
SNLNDRO_1_N001,2026-07-31,4,test,2.406472494113501,0.6255235943681673,0.3744764056318327,0.32131876543136856,0.37256316086099533,5.266100000000002,1
SNLNDRO_1_N001,2026-07-31,5,test,2.3542186311714195,0.6255235943681673,0.3744764056318327,0.2995122774893069,0.4038310268775317,3.344300000000004,1
SNLNDRO_1_N001,2026-07-31,6,test,2.3542186311714195,0.6255235943681673,0.3744764056318327,0.24068296937382955,0.6313618096716507,2.152000000000001,1
SNLNDRO_1_N001,2026-07-31,7,test,2.554585897314382,0.6343756435586284,0.3656243564413716,0.2770396851350372,0.49865045828338267,3.671199999999999,1
SNLNDRO_1_N001,2026-07-31,8,test,1.9899753601995362,0.622854346698209,0.37714565330179095,0.23998944660543597,0.5224230530986977,2.496000000000002,1
SNLNDRO_1_N001,2026-07-31,9,test,1.5127367160202052,0.6168630405454039,0.38313695945459614,0.1829934185541017,0.7887236600854995,0.7036000000000016,1
SNLNDRO_1_N001,2026-07-31,10,test,0.4535864941091183,0.5786868577260181,0.42131314227398187,0.09970817620212116,0.7239440523669444,3.009599999999999,1
SNLNDRO_1_N001,2026-07-31,11,test,0.20412395466436067,0.5590064482149496,0.4409935517850504,0.06848030119965719,0.7403177328387696,2.357199999999999,1
SNLNDRO_1_N001,2026-07-31,12,test,-0.039794164349531716,0.56820241178147,0.43179758821853,0.07009247479764362,0.7346102240275701,0.3365000000000009,1
SNLNDRO_1_N001,2026-07-31,13,test,0.2872573833370397,0.5778893747685919,0.4221106252314081,0.09021970499936975,0.7825204299733102,-1.0449000000000055,-1
SNLNDRO_1_N001,2026-07-31,14,test,-0.11453015781994139,0.5640988843816076,0.4359011156183924,0.0688828616814014,0.8165802724783101,-9.863300000000002,-1
SNLNDRO_1_N001,2026-07-31,15,test,0.2266024293137265,0.5630908307257344,0.4369091692742656,0.06918763642985716,0.7960551644347689,-13.582900000000002,-1
SNLNDRO_1_N001,2026-07-31,16,test,0.3951678544892012,0.5701001324883722,0.4298998675116278,0.08017629033563357,0.7755772465072124,-20.117500000000007,-1
SNLNDRO_1_N001,2026-07-31,17,test,0.42757079492522637,0.6052408466972872,0.39475915330271283,0.11880862797452571,0.8037753652546753,-24.3035,-1
SNLNDRO_1_N001,2026-07-31,18,test,1.5924176074232395,0.6013483215746149,0.39865167842538507,0.13737252346571388,0.9449189118238623,-16.513900000000007,-1
SNLNDRO_1_N001,2026-07-31,19,test,2.5951419827556372,0.623640625992619,0.37635937400738095,0.1969885281291133,0.7857440236045798,-18.592399999999998,-1
SNLNDRO_1_N001,2026-07-31,20,test,5.378981924238311,0.6299956551239692,0.37000434487603084,0.27799653166286775,0.6323726497657913,-9.8125,-1
SNLNDRO_1_N001,2026-07-31,21,test,5.26153893682652,0.6311738029921312,0.3688261970078688,0.2827353886806182,0.6141568196899411,10.8951,1
SNLNDRO_1_N001,2026-07-31,22,test,5.15604604767372,0.6354102754140282,0.36458972458597183,0.2463310965186559,0.9270106142268905,11.9972,1
SNLNDRO_1_N001,2026-07-31,23,test,3.9306854127825197,0.636783202600943,0.363216797399057,0.2866486371292758,0.7098342679706688,18.053599999999996,1
SNLNDRO_1_N001,2026-07-31,24,test,3.6582380988792114,0.6401007001858324,0.3598992998141676,0.282908352498206,0.7698011933155859,12.637,1
SNLNDRO_1_N001,2026-08-01,1,test,2.25409696828751,0.6307999012249778,0.36920009877502225,0.2501209876840688,0.579322965774844,4.619199999999999,1
SNLNDRO_1_N001,2026-08-01,2,test,1.8877903074458182,0.6276745326285613,0.3723254673714387,0.2553160216217878,0.4951577495429559,5.464199999999998,1
SNLNDRO_1_N001,2026-08-01,3,test,1.8124257606655203,0.6276745326285613,0.3723254673714387,0.26480018601426186,0.48191772876307754,6.178699999999999,1
SNLNDRO_1_N001,2026-08-01,4,test,1.8436833435728748,0.6222617727739852,0.3777382272260148,0.2587100895812132,0.49358213171554705,3.8453000000000017,1
SNLNDRO_1_N001,2026-08-01,5,test,1.8436833435728748,0.6222617727739852,0.3777382272260148,0.23655104182324355,0.5006559146803915,7.123100000000001,1
SNLNDRO_1_N001,2026-08-01,6,test,1.9676433917351197,0.6222617727739852,0.3777382272260148,0.223460945026223,0.6178144625468642,6.068899999999999,1
SNLNDRO_1_N001,2026-08-01,7,test,2.153228977577021,0.6241773384216309,0.3758226615783691,0.23964275457780515,0.5445551584803163,10.066099999999999,1
SNLNDRO_1_N001,2026-08-01,8,test,1.5614409833726308,0.6164548560284568,0.38354514397154316,0.2067551751864839,0.5547558081455294,6.617099999999997,1
SNLNDRO_1_N001,2026-08-01,9,test,1.2147147663419116,0.6058261648888705,0.39417383511112947,0.16874596164686387,0.6539584713331433,2.237499999999997,1
SNLNDRO_1_N001,2026-08-01,10,test,0.01947807793852258,0.5522826573233568,0.4477173426766432,0.05315428316469028,0.758732236995336,10.3369,1
SNLNDRO_1_N001,2026-08-01,11,test,-0.9469341757782878,0.5479831116881585,0.4520168883118415,0.08623639352355492,0.7753131415087552,15.768499999999996,1
SNLNDRO_1_N001,2026-08-01,12,test,-0.8963851083692737,0.5341422476464346,0.4658577523535654,0.07073796073359032,0.772119893077177,-1.3633000000000024,-1
SNLNDRO_1_N001,2026-08-01,13,test,-1.1119814671055566,0.5439800713411924,0.4560199286588076,0.07718730325895362,0.9603209889889218,3.0075000000000003,1
SNLNDRO_1_N001,2026-08-01,14,test,-0.6857019204388677,0.5390924577170082,0.4609075422829918,0.059423664551235905,0.9163480180080079,0.4007000000000005,1
SNLNDRO_1_N001,2026-08-01,15,test,-1.01251461162091,0.5513880373855264,0.44861196261447356,0.0920614422119114,0.8071691056085557,2.8530000000000015,1
SNLNDRO_1_N001,2026-08-01,16,test,-0.449072708391551,0.5599527578333232,0.4400472421666768,0.07821029694558876,0.8301071459396853,-2.9775999999999954,-1
SNLNDRO_1_N001,2026-08-01,17,test,-0.03143259513262486,0.5967650550057189,0.40323494499428114,0.0978082027859964,0.6890324829266954,-0.23109999999999786,-1
SNLNDRO_1_N001,2026-08-01,18,test,0.9215151643006266,0.5928451768749661,0.4071548231250339,0.11846580614643556,0.6706331324667862,-0.42020000000000124,-1
SNLNDRO_1_N001,2026-08-01,19,test,2.634560296731852,0.6119292867361642,0.3880707132638358,0.18124975546762992,0.6477929643078515,8.925400000000003,1
SNLNDRO_1_N001,2026-08-01,20,test,4.109368753927188,0.6243185679325303,0.37568143206746973,0.2296997067273912,0.5954432277188474,-18.885800000000003,-1
SNLNDRO_1_N001,2026-08-01,21,test,4.409333696060798,0.6366518107247447,0.36334818927525525,0.24431644244777612,0.6304072421757526,4.035399999999996,1
SNLNDRO_1_N001,2026-08-01,22,test,3.970004177254749,0.6353621069599286,0.36463789304007144,0.2288069840466313,0.7873513150570927,8.198999999999998,1
SNLNDRO_1_N001,2026-08-01,23,test,3.8534081663407003,0.6350744657997105,0.3649255342002895,0.2739566854586897,0.7956454182652103,18.8131,1
SNLNDRO_1_N001,2026-08-01,24,test,3.2466504462894523,0.6410924536976348,0.3589075463023652,0.2916237303138604,0.6315888781704071,8.655199999999994,1
SNLNDRO_1_N001,2026-08-02,1,test,2.785658948811368,0.6242963575707773,0.3757036424292227,0.2549647361085617,0.6877833507758458,0.740000000000002,1
SNLNDRO_1_N001,2026-08-02,2,test,2.4312502691859317,0.6207997025296612,0.3792002974703388,0.23312844340236233,0.7780210678542292,2.418599999999998,1
SNLNDRO_1_N001,2026-08-02,3,test,2.1433124809102497,0.6211298513049492,0.37887014869505076,0.24628228811236996,0.645024179482931,1.5093999999999994,1
SNLNDRO_1_N001,2026-08-02,4,test,2.1433124809102497,0.6224823236011874,0.3775176763988126,0.25156195200177844,0.6188474315916418,0.8034000000000034,1
SNLNDRO_1_N001,2026-08-02,5,test,2.1829120353992755,0.6140093983623445,0.38599060163765553,0.25152747376124956,0.5376274210396038,0.587299999999999,1
SNLNDRO_1_N001,2026-08-02,6,test,2.4339654757456697,0.6140093983623445,0.38599060163765553,0.23235606820349147,0.6586405420167194,2.0279000000000025,1
SNLNDRO_1_N001,2026-08-02,7,test,2.8236238162772715,0.6229695719580184,0.3770304280419816,0.25706969518238765,0.6099517327456964,5.394199999999998,1
SNLNDRO_1_N001,2026-08-02,8,test,1.288211689561451,0.5937339972908724,0.4062660027091276,0.1594301613728144,0.6492678307535364,5.5687,1
SNLNDRO_1_N001,2026-08-02,9,test,1.0018883680101376,0.5880667509921573,0.4119332490078427,0.1287803559135254,0.8530344446750561,5.4495000000000005,1
SNLNDRO_1_N001,2026-08-02,10,test,1.1656733903903556,0.5583764910952637,0.44162350890473634,0.10250528144538679,0.8705678517744097,3.8398000000000003,1
SNLNDRO_1_N001,2026-08-02,11,test,0.19762352124896163,0.5286515952090709,0.4713484047909291,0.03667557928837641,0.86436775637915,2.417099999999998,1
SNLNDRO_1_N001,2026-08-02,12,test,1.053476198955193,0.540841267021238,0.459158732978762,0.07732190702575754,0.9011550437919895,-0.6148000000000025,-1
SNLNDRO_1_N001,2026-08-02,13,test,1.1316879199358956,0.555663095253758,0.444336904746242,0.0956844950144655,0.8756718596973758,1.0021000000000022,1
SNLNDRO_1_N001,2026-08-02,14,test,1.655287328109739,0.5476108335694673,0.45238916643053273,0.09995896447990144,0.9337857189663014,1.7357000000000014,1
SNLNDRO_1_N001,2026-08-02,15,test,1.7339665383869307,0.5525979877185402,0.4474020122814598,0.11118471372373476,0.9006886595759355,2.6662000000000035,1
SNLNDRO_1_N001,2026-08-02,16,test,2.2762001289068627,0.5529674283108114,0.44703257168918864,0.10683855512792259,0.8075957453427464,5.519800000000004,1
SNLNDRO_1_N001,2026-08-02,17,test,1.8803910489618683,0.5759493078055239,0.4240506921944761,0.11991316026592637,0.8098328106206948,6.001600000000003,1
SNLNDRO_1_N001,2026-08-02,18,test,2.0147478307778837,0.5848103641827909,0.41518963581720914,0.13038828090207483,0.7955441548608697,10.0199,1
SNLNDRO_1_N001,2026-08-02,19,test,2.902330000858793,0.5890418367717971,0.4109581632282029,0.1552797285022643,0.8304449490522045,9.444700000000005,1
SNLNDRO_1_N001,2026-08-02,20,test,3.360498175451572,0.6218242036366239,0.37817579636337606,0.19167745784699763,0.8154840274078802,30.148099999999992,1
SNLNDRO_1_N001,2026-08-02,21,test,3.9014775263132537,0.6234483352036272,0.3765516647963728,0.2364123980716499,0.8794353448867944,19.073700000000002,1
SNLNDRO_1_N001,2026-08-02,22,test,3.9276345620423285,0.6212622589968883,0.37873774100311175,0.20338210545276236,0.8007779519141068,9.999499999999998,1
SNLNDRO_1_N001,2026-08-02,23,test,3.7948393793094963,0.6322583902001496,0.3677416097998504,0.255813356949498,0.8610801732327226,1.6285999999999987,1
SNLNDRO_1_N001,2026-08-02,24,test,3.0150744267832557,0.6300872091559424,0.3699127908440576,0.2567932956966885,0.7344033244441143,-0.33379999999999654,-1
SNLNDRO_1_N001,2026-08-03,1,test,1.6786874452903442,0.6185770808503258,0.3814229191496742,0.209444320232131,0.6750106259834336,-0.6785999999999959,-1
SNLNDRO_1_N001,2026-08-03,2,test,1.3248547203015202,0.619584966149422,0.38041503385057795,0.19987793937910597,0.6307174134407727,1.133499999999998,1
SNLNDRO_1_N001,2026-08-03,3,test,1.2759267830819783,0.619584966149422,0.38041503385057795,0.20665131965815262,0.6080380947182172,-4.371600000000001,-1
SNLNDRO_1_N001,2026-08-03,4,test,1.5787777679323003,0.6105136158108533,0.3894863841891467,0.2155636029041741,0.5964063396225331,-2.576499999999996,-1
SNLNDRO_1_N001,2026-08-03,5,test,1.7887166368502454,0.6094499081199053,0.3905500918800947,0.2138847939768935,0.6170378384954315,0.555800000000005,1
SNLNDRO_1_N001,2026-08-03,6,test,1.481717023861345,0.609327555464544,0.390672444535456,0.18377161695919164,0.7357707751609476,-1.2292000000000058,-1
SNLNDRO_1_N001,2026-08-03,7,test,1.6673026097032468,0.6139201169351525,0.38607988306484753,0.1952439130436901,0.6854925406709059,0.2878000000000043,1
SNLNDRO_1_N001,2026-08-03,8,test,0.7775697034669382,0.6035162311200862,0.39648376887991377,0.14239126357933915,0.8110997568821385,-2.8922000000000025,-1
SNLNDRO_1_N001,2026-08-03,9,test,0.5449166982853169,0.5905971946782272,0.40940280532177276,0.1140988186322965,0.9603569902400195,-7.586300000000001,-1
SNLNDRO_1_N001,2026-08-03,10,test,0.49930008100671647,0.5447506688252852,0.4552493311747148,0.06473547050492655,0.9215051751590477,-8.2969,-1
SNLNDRO_1_N001,2026-08-03,11,test,-0.4097432580603919,0.535393688648545,0.464606311351455,0.051935007466343386,0.8931109245150034,-2.2501999999999995,-1
SNLNDRO_1_N001,2026-08-03,12,test,-0.1045845446132409,0.528208996380837,0.47179100361916304,0.03223965384758878,0.9197340424372021,-2.197800000000001,-1
SNLNDRO_1_N001,2026-08-03,13,test,0.052292076890185266,0.5218841335706654,0.47811586642933457,0.02379052668809863,0.9562666595303168,-0.43659999999999854,-1
SNLNDRO_1_N001,2026-08-03,14,test,0.08656381783496969,0.5306198074653156,0.46938019253468444,0.0326032210366844,0.7578696399323939,-0.8216000000000037,-1
SNLNDRO_1_N001,2026-08-03,15,test,0.14950654500996086,0.5370783694178267,0.4629216305821733,0.03982622053476322,0.9431735287935691,1.2186000000000021,1
SNLNDRO_1_N001,2026-08-03,16,test,-0.1336602490259839,0.5324973455234231,0.4675026544765769,0.03496816267969299,0.8407778550154512,8.364399999999996,1
SNLNDRO_1_N001,2026-08-03,17,test,0.5401723580353965,0.5660667374677767,0.4339332625322233,0.0764088431075749,0.9951200330097978,9.326200000000007,1
SNLNDRO_1_N001,2026-08-03,18,test,1.2799550415671415,0.567209903376138,0.43279009662386203,0.09142883123863596,0.9783771111202293,4.361000000000004,1
SNLNDRO_1_N001,2026-08-03,19,test,2.154704241229374,0.5893155893007134,0.41068441069928663,0.1299701676086512,0.9384221339966109,22.771900000000002,1
SNLNDRO_1_N001,2026-08-03,20,test,4.737601956515872,0.6038227207872099,0.3961772792127901,0.17592183666693115,0.9353651100675554,32.4169,1
SNLNDRO_1_N001,2026-08-03,21,test,5.069102391138643,0.6251461619298995,0.37485383807010053,0.20150906343408073,0.8860470746156295,14.409800000000004,1
SNLNDRO_1_N001,2026-08-03,22,test,3.084456630664392,0.6227251760557186,0.37727482394428136,0.18338927469022515,0.9826469961482829,10.634299999999996,1
SNLNDRO_1_N001,2026-08-03,23,test,3.288446327400898,0.6281803724401385,0.37181962755986153,0.2233711046815436,0.9117396290726358,6.200900000000004,1
SNLNDRO_1_N001,2026-08-03,24,test,3.189799613513855,0.6285380085542172,0.37146199144578285,0.2502450129215401,0.8381249420546638,6.8770000000000024,1
SNLNDRO_1_N001,2026-08-04,1,test,2.1411361190378337,0.6227374257002717,0.3772625742997283,0.20160350104297042,0.9767600953686766,2.2927000000000035,1
SNLNDRO_1_N001,2026-08-04,2,test,1.8032038326778295,0.6149326475832939,0.3850673524167061,0.19580311278426876,0.8679747936523202,2.901699999999998,1
SNLNDRO_1_N001,2026-08-04,3,test,1.8032038326778295,0.6149326475832939,0.3850673524167061,0.21227992495675513,0.7494225768372345,3.3227999999999938,1
SNLNDRO_1_N001,2026-08-04,4,test,1.8907422811897912,0.6094499081199053,0.3905500918800947,0.2114562864015055,0.741235549882954,-1.4457999999999984,-1
SNLNDRO_1_N001,2026-08-04,5,test,1.8907422811897912,0.6094499081199053,0.3905500918800947,0.19678313705966533,0.7364639030533169,-4.026500000000006,-1
SNLNDRO_1_N001,2026-08-04,6,test,1.4762539233406613,0.6094499081199053,0.3905500918800947,0.17357294659313396,0.8813963078247266,-0.5222999999999942,-1
SNLNDRO_1_N001,2026-08-04,7,test,1.599461659143612,0.6139201169351525,0.38607988306484753,0.16738481212498935,0.9271495845245195,4.767800000000001,1
SNLNDRO_1_N001,2026-08-04,8,test,0.9196622130411235,0.5865426791660882,0.41345732083391185,0.11450469498993252,0.7889215579777836,2.034400000000005,1
SNLNDRO_1_N001,2026-08-04,9,test,0.3514226118478124,0.5796718054266542,0.4203281945733458,0.08960064739762114,0.7480774480981494,10.988799999999998,1
SNLNDRO_1_N001,2026-08-04,10,test,-0.5334271811665837,0.5311722000120804,0.46882779998791957,0.04301921715000328,0.7108181037294778,6.790299999999995,1
SNLNDRO_1_N001,2026-08-04,11,test,-1.7002860525182004,0.5039027600371343,0.4960972399628657,0.043827379351204995,0.7492954804721603,12.528500000000001,1
SNLNDRO_1_N001,2026-08-04,12,test,-0.8464570158013399,0.5076517015549524,0.49234829844504757,0.02804955731406894,0.7570679784343857,8.190000000000005,1
SNLNDRO_1_N001,2026-08-04,13,test,-0.777617802699369,0.50394541002336,0.49605458997664,0.022903465997260893,0.7785913543277694,14.561900000000001,1
SNLNDRO_1_N001,2026-08-04,14,test,-0.32697687024256505,0.5217993180961522,0.4782006819038478,0.03029036125348679,0.8147581852275775,9.5989,1
SNLNDRO_1_N001,2026-08-04,15,test,0.07809277352963243,0.5377223741945776,0.4622776258054224,0.03972785503631385,0.918481609033797,1.7175000000000011,1
SNLNDRO_1_N001,2026-08-04,16,test,-0.4688043707513714,0.5318889393543514,0.46811106064564856,0.04021631854909717,0.8201103657919127,8.094799999999992,1
SNLNDRO_1_N001,2026-08-04,17,test,0.2914515866794642,0.5756787141099636,0.42432128589003637,0.08073325749186729,0.9058699399349095,16.091299999999997,1
SNLNDRO_1_N001,2026-08-04,18,test,0.8111885449669686,0.5734700020025973,0.42652999799740265,0.08732156506634055,0.9076532756575817,10.600000000000001,1
SNLNDRO_1_N001,2026-08-04,19,test,2.4355010164918074,0.5954839740061786,0.4045160259938214,0.13862543346134137,0.9916275909672679,20.477500000000006,1
SNLNDRO_1_N001,2026-08-04,20,test,4.946214714403953,0.6035935340271914,0.3964064659728086,0.18143202582031603,0.992014987112386,39.35509999999999,1
SNLNDRO_1_N001,2026-08-04,21,test,5.29875951434084,0.6281803724401385,0.37181962755986153,0.20613312263303393,0.8572515039819761,24.104200000000006,1
SNLNDRO_1_N001,2026-08-04,22,test,4.942334138842404,0.6180875890454463,0.38191241095455375,0.19578832245992137,0.8541723114467658,17.9428,1
SNLNDRO_1_N001,2026-08-04,23,test,4.862476347966592,0.6219688918606616,0.3780311081393384,0.22712318916143528,0.7681689500380051,18.4071,1
SNLNDRO_1_N001,2026-08-04,24,test,3.016055806657607,0.6239287233151622,0.37607127668483775,0.22751391270304508,0.9600558953632905,16.351999999999997,1
SNLNDRO_1_N001,2026-08-05,1,test,1.3158944190023205,0.6247458149874576,0.3752541850125424,0.19034865031589054,0.661715212732169,10.621300000000005,1
SNLNDRO_1_N001,2026-08-05,2,test,1.130308833160419,0.6211298513049492,0.37887014869505076,0.18523865720188654,0.7126011285711996,4.273299999999999,1
SNLNDRO_1_N001,2026-08-05,3,test,1.130308833160419,0.6211298513049492,0.37887014869505076,0.19311273369050416,0.6753115020058702,6.311800000000005,1
SNLNDRO_1_N001,2026-08-05,4,test,1.130308833160419,0.6156802030506937,0.3843197969493063,0.18929871107976473,0.657784408151539,6.017400000000002,1
SNLNDRO_1_N001,2026-08-05,5,test,1.1146266175912025,0.6211298513049492,0.37887014869505076,0.19119426683380736,0.6872431478354202,4.649000000000001,1
SNLNDRO_1_N001,2026-08-05,6,test,0.9639242340416004,0.6211298513049492,0.37887014869505076,0.17086240848867779,0.7071180706048577,3.897600000000004,1
SNLNDRO_1_N001,2026-08-05,7,test,1.3158944190023205,0.627661218266848,0.37233878173315205,0.19810327969072977,0.6876634096440677,11.0809,1
SNLNDRO_1_N001,2026-08-05,8,test,-0.10574783497702671,0.5719799375826514,0.4280200624173486,0.07658375675762913,0.9987811898983032,2.3016000000000005,1
SNLNDRO_1_N001,2026-08-05,9,test,-0.20869795073747083,0.5678410286587702,0.4321589713412298,0.07558519730013219,0.882415127321284,-7.358600000000003,-1
SNLNDRO_1_N001,2026-08-05,10,test,-0.5928202610237165,0.5403480185250672,0.4596519814749328,0.05839145364449931,0.8828887690432725,-5.638199999999998,-1
SNLNDRO_1_N001,2026-08-05,11,test,-1.2142825568966604,0.5240346062498475,0.47596539375015245,0.058644174048324824,0.9370543727433267,-4.5870999999999995,-1
SNLNDRO_1_N001,2026-08-05,12,test,-0.9376574173098561,0.5212162406238733,0.4787837593761267,0.048326358977242995,0.9283008168139942,-4.101099999999995,-1
SNLNDRO_1_N001,2026-08-05,13,test,-0.7843882128981516,0.5261819627519613,0.4738180372480387,0.05004841170276846,0.8811452813624289,2.3918999999999997,1
SNLNDRO_1_N001,2026-08-05,14,test,-0.3411411767817596,0.5455276667500901,0.4544723332499099,0.057034049771968943,0.7998718811972922,0.7250000000000014,1
SNLNDRO_1_N001,2026-08-05,15,test,0.35309464056021866,0.5604290426574094,0.43957095734259055,0.07251574735342231,0.8026040523998766,2.726699999999994,1
SNLNDRO_1_N001,2026-08-05,16,test,0.12266704162932987,0.5547321865519246,0.4452678134480754,0.058749415061841,0.8329044783503956,4.5839,1
SNLNDRO_1_N001,2026-08-05,17,test,0.7745937293377556,0.5832487744986675,0.4167512255013325,0.10245518093913447,0.9413963347639779,13.5856,1
SNLNDRO_1_N001,2026-08-05,18,test,1.8965083360661577,0.5843799101237988,0.41562008987620125,0.12978581144695112,0.9536233541232777,13.471900000000005,1
SNLNDRO_1_N001,2026-08-05,19,test,2.892382768880681,0.6062870202067568,0.39371297979324316,0.19225921983375038,0.7584497688940653,27.669600000000003,1
SNLNDRO_1_N001,2026-08-05,20,test,5.0742742276484245,0.605390848910219,0.394609151089781,0.21760535193900588,0.7699634541456405,40.145999999999994,1
SNLNDRO_1_N001,2026-08-05,21,test,5.320558192603607,0.6341663748042644,0.3658336251957356,0.2643440993013533,0.9193543682150314,20.075500000000005,1
SNLNDRO_1_N001,2026-08-05,22,test,3.7888589783626303,0.6242650421891092,0.37573495781089084,0.19945396653652275,0.861565342817778,4.5855999999999995,1
SNLNDRO_1_N001,2026-08-05,23,test,3.730111030275239,0.6325844670118909,0.36741553298810914,0.24754938786014638,0.830662209441645,4.994100000000003,1
SNLNDRO_1_N001,2026-08-05,24,test,3.1693677957902375,0.6345216030933621,0.36547839690663786,0.2560948392965695,0.8313256899549605,7.419200000000004,1
